# Extracted from Russian Wiktionary/Kaikki; review before redistribution.
λιθουργέω	превращать в камень	
τῆλις	верблюжье сено	
абатиса	аббатиса (аббатисса)	
абатскій	аббатский; относящийся к аббату или аббатству	
абатство	аббатство [1]; самостоятельный католический монастырь, возглавляемый аббатом	
абатство	аббатство [2]; должность аббата	
абатъ	аббат	
аббатъ	аббат	
абдикаціонный	абдикационный; относящийся к абдикации	
абдикація	абдикация; добровольное отречение от престола, отказ от власти, должности или сана	
абдраганъ	рег. (Казань, Оренбург) испуг, страх, боязнь	
абиднꙑи	обидный	
абиѥ	тотчас	
абиѥ	сейчас же, тотчас	
аблань	яблоня	
абланьнꙑи	яблоневый	
аблъко	яблоко	
або	или	
абонировать	абонировать (аналогично современным значениям)	
абонироваться	то же, что абонироваться, страд. к абонировать	
абрѣдь	акрида	
авансировать	выдавать аванс	
авансировать	экон. выдавать (выдать) аванс, денежный задаток; платить (выплатить) вперёд	
авансировать	экон. передавать товар с условием будущей оплаты	
авва	отец	
авгостъ	месяц август	
августъ	август; восьмой месяц календарного года	
авгѹстьнꙑи	совершаемый по чину 1-го августа	
авдономъ	самодержец	
авивосъ	Авив	
авивъ	Авив	
авити	показать	
авити	показать, явить	
авлѥниѥ	явление	
авлꙗти	являть	
аворовъ	тополиный	
аворъ	явор	
авосє	может быть	
автономъ	Автоном	
авторствовать	быть писателем, автором; заниматься писательским трудом	
авторствовать	сочинять, придумывать	
авторъ	автор; создатель, сочинитель или разработчик чего-либо	
авъгаръ	авгар	
авъгѹстъ	август	
авьнꙑи	явный	
авѣ	явно	
авѣ	явно, открыто	
авѣ	наверно	
агавиѥ	огорчение	
агатоникъ	Агафоник	
аггєлъ	ангел	
агиасма	святая вода	
агиосъ	святой	
агитировать	вести агитацию	
агитировать	подстрекать, побуждать к каким-либо действиям, распространять в обществе настроения и воззрения в пользу или против кого-либо, какой-либо идеи или предприятия	
агница	овечка	
агноносьнꙑи	несущий агнца	
агносма	?	
агнъ	овен	
агньць	агнец, ягнёнок	
агньчь	ягнячий	
агнѧ	ягнёнок	
агнѧдиѥ	чернотополье	
агода	ягода	
агода	плод	
агодичина	смоковница	
агодичиѥ	смоковие	
агона	плод	
адамантъ	алмаз	
адамасъ	алмаз	
адамашка	сорт камки	
адамовъ	Адамов	
адамъ	Адам	
адаръ	иудейский месяц	
адвокатничать	быть адвокатом	
адвокатничать	неодобр. вести себя подобно адвокату	
адовнии	адовый	
адовъ	адский	
адовьнъ	адский	
адовьскъ	адский	
адонаи	господь	
адресовать	надписывать адрес (на корреспонденции), указывать адресата, направлять по адресу	
адресовать	предназначать, дарить, обращать	
адресоваться	обращаться (обратиться) лично или письменно к кому-либо или куда-либо	
адресоваться	страд. к адресовать	
адрила	ветрила	
адро	залив	
адрꙗкъ	имбирь	
адъ	ад	
адъдиѥвъ	Аддиев	
адьскъ	адский	
адєниѥ	питание	
адѣли	точно так	
адѹнєосъ	македонский месяц	
аже	если	
аже	так как, потому что	
аже	чтобы	
ажо	если	
азбѹковиꙗ	алфавит	
азвъ	барсук	
азно	кожа	
азъ	я	
азъвѣди	азбука	
азѹмъ	опреснок	
аистъ	аист	
аицє	яйцо	
акадимиꙗ	учебное заведение	
акклиматизировать	приспособить (приспособлять) что-либо к новой среде, к новому климату	
акклиматизироваться	приспосабливаться (приспособиться) к новой среде, к новому климату	
аккомпанировать	сопровождать игрой на музыкальном инструменте или на музыкальных инструментах сольную вокальную или инструментальную партию	
аккредитовать	дипл. назначать (назначить) дипломатическим представителем в иностранном государстве, при иностранном правителе	
аккредитовать	фин. уполномочивать (уполномочить) на получение денег или на производство торговых операций	
аккредитовать	признавать (признать) право журналиста на получение определённой информации, уполномочивать (уполномочить) его на выполнение профессиональной деятельности	
аккредитоваться	страд. к аккредитовать	
аклиматизировать	то же, что акклиматизировать	
ако	как	
акомпанировать	сопровождать игрой на музыкальном инструменте или на музыкальных инструментах сольную вокальную или инструментальную партию	
акредитовать	то же, что аккредитовать	
акредитоваться	то же, что аккредитоваться	
акрида	саранча	
акробатничать	разг. неодобр. вдаваться в шутовство, кривляться	
акрогонии	угольный	
акрогониѥи	краеугольный	
акротома	твёрдый	
акротомъ	утёс	
аксамитити	делать под аксамит	
аксапосъ	надзиратель	
аксумитъ	истор. житель или уроженец Аксума, аксумит	
актёрничать	то же, что актёрствовать (перен.), играть роль кого-то, притворяться	
актꙑ	берег моря	
акушерничать	редк. то же, что акушерствовать, выполнять функции акушера, принимать роды	
акцентировать	лингв. произнести (произносить) с ударением или акцентом	
акцентировать	лингв. на письме проставить (проставлять) знаки ударения и вообще диакритические знаки	
акцентировать	муз. выделить (выделять), подчеркнуть (подчёркивать) ноту, аккорд, усилив их	
акцептировать	принимать что-л., соглашаться с чем-л	
акцептировать	юр. принимать на себя условия договора (в том числе договора другого лица), признавать соответствующие обязательства и получать соответствующие выгоды	
акцептировать	фин. принимать (к оплате и т. п.)	
акцептовать	фин. принимать (принять) на себя уплату по переводному векселю	
акцептовать	принимать (принять)	
акъ	какой	
акѵла	Акила	
акꙑ	как	
акꙑи	какой	
аламъ	нагрудье	
алармировать	воен. поднимать тревогу, вводить военное положение	
алармировать	воен. тревожить, беспокоить врага	
алармировать	поднимать шум, будоражить	
аласѵрь	Асура	
алафа	награда	
алача	бухарская ткань	
алачюга	палатка, шатёр (татарские); лачуга	
алаѳии	род пальмы	
алгатъ	монгольское название одного из месяцев	
алгѹи	алоэ	
алдиꙗ	лодка	
Александръ	Александр; мужское имя	
Алексѣй	Алексей; мужское имя	
али	же	
алкоголизировать	превращать в алкоголь	
алкоголизировать	насыщать алкоголем	
алкоголизировать	поить алкоголем	
алконостъ	морская птица алкиона	
алкооль	алкоголь	
алнь	лань	
алои	алоэ	
алоинъ	алойный	
алпаѹтъ	владелец	
алсосъ	Алсос	
алтабасъ	парча	
алтарь	жертвенник	
алтꙑнъ	алтын	
алфа	альфа	
алчущій	алчущий	
алъгѹи	сабур	
алъдии	ладья	
алъканиѥ	голод	
алъканиѥ	пост	
алъкати	голодать, ощущать голод	
алъкати	поститься, воздерживаться	
алъкота	голод	
алънии	лань	
алънищь	лошачок	
алъчиꙗ	голод	
алъчь	голод	
алъчьба	голод	
алъчьба	пост	
алъчьбьнъ	связанный с постом	
алъчьновати	голодать	
алъчьнъ	голодный	
алъчьнꙑи	голодный	
аль	алое поле	
алєксандрьскъ	александрийский	
алєлѹиꙗ	аллилуйя	
алєѯандриискъ	александрийский	
алѹмпиада	олимпиада	
алꙑи	яркий	
ама	яма	
амагиль	амагиль	
амасиискъ	амасийский	
амафоръ	покрывало	
амболъ	ход	
амидьскъ	Амиды	
аминадавовъ	Аминадавов	
аминадавъ	Аминадав	
аммасии	мотыга	
амомонъ	без порока	
аморѣискъ	аморейский	
амосъ	Аммос	
ампутировать	обычно мед. (что-либо у кого-либо или кому-либо) механически удалять (удалить) часть тела	
ампутировать	мед. (кого-либо) подвергать ампутации	
ампутировать	перен. насильственно устранять (устранить) что-либо	
амъфигѹи	амфигуи	
анагносаниѥ	чтение	
анагностъ	чтец	
анагностьскꙑи	анагностический	
анагностьство	чтение	
анагностьство	служба чтеца	
аналавъ	аналав	
анализировать	разлагать (разложить) целое на составные части, производить (произвести) анализ чего-л.; детально изучать (изучить), исследовать что-л	
анализировать	задумываться, рассуждать, критически мыслить, рефлексировать	
аналогии	аналой	
ананиꙗ	Анания	
анастасиꙗ	Анастасия	
анатолии	Анатолий	
анатомировать	перех. мед. рассекать (рассечь), вскрывать (вскрыть) с научной целью труп или части мертвого тела	
анатомировать	перен. терзать, кромсать, потрошить, рвать, раздирать	
анатомировать	неперех. заниматься анатомированием, упражняться в анатомировании	
анафора	анафора	
анаѯархъ	Анаксарх	
анаѳематствовать	проклинать (проклясть), отлучать (отлучить) от церкви и публично объявлять (объявить) об этом	
анаѳематствовать	публично проклинать (проклясть)	
анаѳематствовать	неперех. провозглашать (провозгласить) анафему, произносить (произнести) проклятия	
анаѳемствовать	проклинать (проклясть), отлучать (отлучить) от церкви и публично объявлять (объявить) об этом	
анаѳемствовать	публично проклинать (проклясть)	
анаѳемствовать	неперех. провозглашать (провозгласить) анафему, произносить (произнести) проклятия	
ангажировать	предлагать (предложить) артисту или труппе ангажемент, т. е. приглашать (пригласить) их на определённый срок для участия в спектаклях или концертах	
ангажировать	приглашать (пригласить) даму на танец	
ангажировать	нанимать (нанять) для выполнения какой-либо работы, для занятия какой-либо должности	
ангелъ	религ. ангел; сверхъестественное бесплотное существо, дух, Божий посланник, в живописи и архитектуре обычно изображаемый в виде светловолосого крылатого мальчика или юноши	
ангелъ	перен., разг. ангел; добрый, либо безгрешный человек; невинное дитя	
ангелъ	перен., поэт. обращение к любимой женщине	
ангельскы	ангельски	
ангельскій	ангельский	
англійскій	относящийся к Англии, к англичанам или их языку; иногда (ошибочно или расширительно) относящийся к Великобритании в целом	
англійскій	субстантивир., разг. английский язык	
ангєлитъ	участник секты	
ангєловъ	ангельский	
ангєловьць	член секты	
ангєлолѣпьнꙑи	ангелоподобный	
ангєлъ	ангел	
ангєлъ	религ. ангел	
ангєльнѣи	ангельский	
ангєльскъ	ангельский	
ангєльскꙑ	ангельски	
ангєльскꙑи	ангельский	
анестезировать	мед. искусственно вызывать (вызвать) анестезию у кого-л	
анестезировать	мед. лишать (лишить) чувствительности какую-л. часть тела	
анестезировать	перен. усыплять (усыпить)	
ани	ни	
анинъ	Анин	
анкѵра	якорь	
анкѵрьскъ	анкирский	
анна	Анна	
ано	а	
антиграфєѵсъ	антиграф	
антиохиискъ	антиохийский	
антипатъ	антипат	
антифонъ	антифон	
антихрьстъ	антихрист	
антихрьщь	антихристный	
антонии	Антоний	
анфраксъ	рубин	
анъгелъ	религ. ангел	
апа	надежда	
апамиискъ	апамийский	
апанартъ	премудрость Соломона	
апанарєтосъ	книга премудрости Соломона	
апеллировать	юр. : подавать (подать) апелляцию	
апеллировать	использовать как аргумент в поддержку своей позиции	
апеллировать	обращаться (обратиться) за поддержкой, советом	
апилєосъ	месяц греческий	
аполоновъ	Аполлонов	
апонꙑ	плита	
апостолъ	то же, что апостол; каждый из двенадцати учеников Христа, в более широком смысле — любой христианин, проповедующий Евангелие	
апостолъ	перен. то же, что апостол; последователь, проповедник какого-либо учения, идеи и т. п	
апостолъ	то же, что апостол; богослужебная книга, часть Нового Завета	
апостольскъ	апостольский	
апостольство	апостольство	
апостольствовати	быть апостолом	
априлии	апрель	
априль	апрель	
апрѣль	апрель; четвёртый месяц календарного года	
аравиискъ	аравийский	
аравьскъ	аравийский	
арбовати	приносить языческие жертвы	
аргамакъ	дорогая азиатская лошадь	
арианьскъ	арианский	
аригъ	вретище	
арижьнꙑи	прилагательное от аригъ	
арина	волна	
ариѳметика	арифметика	
ариꙗньскъ	арианский	
аркобѹзъ	самопал	
армарии	поставец	
армєниискъ	армянский	
армєньскъ	армянский	
армѧкъ	комнатная мужская одежда	
армꙗкъ	ткань из верблюжьей шерсти	
армꙗчнꙑи	армячный	
ароматъ	благовоние	
артава	единица меры	
артємии	Артемий	
артємисии	один из месяцев по позднему греческому счёту, продолжавшийся от 24 марта по 24 апреля	
артєриꙗ	артерия	
артѹгъ	медная монета	
артѹсъ	хлеб квасной	
архангєловъ	прилагательное от архангєлъ	
архангєлъ	архангел	
архангєльскъ	архангельский	
архилаи	Архелай	
архимагєръ	старший повар	
архистратигъ	воевода	
архисюнагоговъ	принадлежащий архисинагогу	
архисѵнагоговъ	принадлежащий архисинагогу	
архисѵнагогъ	глава синагоги	
архиєрєискъ	первосвященнический	
архиєрѣискъ	первосвященнический	
арчакъ	остов седла	
аршинъ	мера длины делимая на 16 вершков	
аріергардъ	воен. арьергард	
арꙁаниньскъ	арзанийский	
асиискъ	азиатский	
аскъ	ящик	
аспида	змея	
ассарии	греко-римская монета	
астрологиꙗ	наука о звёздах	
астрологъ	звездочет	
астрономиꙗ	астрономия	
асьнꙑи	ясный	
асѵрии	ассириец	
асѵровъ	Асиров	
атанаиль	Атанаил	
ати	пусть	
атикисати	говорить по афинскому выговору	
атинꙑ	Афины	
атъ	пусть	
ать	пускай	
африкьскъ	африканский	
афродисиꙗ	празднества в честь Афродиты или Венеры у Римлян	
афєдронъ	задний проход	
ахатъ	агат	
ахаꙁъ	Ахаз	
ахикъ	сердолик	
ачєть	хотя	
ашѹть	тщетно	
ашѹть	без причины	
ашѹть	напрасно, тщетно	
ащєръ	ящерица	
аэропланъ	аэроплан; то же, что самолёт	
аєръ	воздух	
аєрьнъ	воздушный	
аєрьнꙑи	воздушный	
аєрьскꙑи	воздушный	
аѳанасии	Афанасий	
Аѳанасій	Афанасий; мужское имя	
Аѳины	Афины	
аѵдисотъ	Авдиссот	
аѵрилиꙗнъ	Аврелиан	
аѵрилиꙗнь	Аврелианов	
аѹгѹстъ	август	
аꙁаръ	Азор	
аꙁъ	я	
бааникъ	ворожея	
баба	замужняя женщина	
баба	бабушка	
бабей	вариант бабій	
бабии	бабий	
бабити	бабить	
бабичи	село Бабичи	
бабогѹръ	агат	
бабій	бабий	
багрити	багрити	
багровꙑи	багровый	
багроносьць	носящий одежду багряного цвета	
багръ	багряный	
багрєниѥ	окрашивание в багровый цвет	
багрꙗнородьнꙑи	родившийся в багрянице императора	
багъно	грязь	
багърити	багрить	
багъръ	пурпур	
багърѣница	багряница	
бадана	кольчуга	
бадати	колоть	
бадиꙗ	сосуд для питья	
базаръ	рынок	
баиборода	прозвище	
баидакъ	вид судна	
баидана	кольчуга	
баинѧ	баня	
балбесъ	разг. пренебр. балбес	
балии	врач	
балиискъ	обаятельный	
балиꙗ	врач	
балка	бревно	
балованиѥ	лечение	
баловати	врачевать	
балъ	бал	
балъванъ	столб	
балътина	водосточная яма	
бальзамированіе	бальзамирование	
бальнꙑи	банный	
бальство	лекарство	
бальство	лечение	
Бангкокъ	Бангкок; столица и самый крупный город Таиланда	
банити	мыть	
банкъ	банк	
бановьна	дочь бана	
бантъ	бант	
банъ	бан	
баньнꙑи	банный	
баньскъ	банный	
баньскꙑи	банный	
баньчиꙗ	банная	
банѧ	водный источник (преимущественно тёплый)	
банѧ	баня, помещение, где моются и парятся	
банѧ	мытье	
банꙗ	баня	
банꙗ	баня, банное помещение	
банꙗ	перен. омовение; крещение	
бара	болото	
баралищє	место битвы	
бараней	вариант бараній	
бараниѥ	борение	
баранъ	баран	
бараній	бараний	
барати	бороть	
барашь	шатёрничий	
бармꙑ	оплечье великокняжеское со священными изображениями	
барсучей	вариант барсучій	
барсучій	барсучий	
барсъ	подстилка для саней	
бархатити	бархатить	
бархатъ	ткань шёлковая или бумажная	
бархатєль	бумажный бархат	
баскакъ	областной правитель, поставленный ханом, преимущественно для собирания дани	
баскачьство	звание баскака	
басма	изображение хана	
басмакъ	баскак	
баснити	рассказывать сказки	
басновати	выдумывать, говорить басни	
баснословити	рассказывать сказки	
баснотворьць	составитель сказок	
баснь	обаяние	
баснь	сказка	
батати	колотить	
батманъ	единица веса	
батогъ	бич	
батько	отец	
батѧ	отец	
бахматъ	конь	
бахрама	тесьма с мохрами	
башмакъ	башмак	
башьнѧ	башня	
баѹсъ	драгоценный камень	
баꙗнъ	обаятель	
баꙗти	рассказывать сказки	
бдеющей	вариант бдеющій	
бдѣніе	бдение	
бдѣть	бдеть	
безаконьнѣ	безбожно	
безгодьнѣ	не вовремя, несвоевременно	
бездобь	напрасно, тщетно	
безлѣтьнъ	нестареющий	
безначѧльно	без начала	
безпокоиться	беспокоиться	
безпокоясь	дееприч. от безпокоиться	
безславящій	бесславящий	
безсмертіе	бессмертие	
безсточность	свойство или состояние по значению прилагательного безсточный	
безсточный	не имеющий стока	
безчестіе	бесчестие	
безъ	то же, что без; в отсутствие	
безъ	то же, что без; за вычетом	
безѹмль	безумный	
берегъ	берег	
беречись	беречься	
беручи	дееприч. от брать	
берущій	берущий	
бесплътьно	бесплатно	
беспрѣстани	беспрестанно, постоянно	
бесрамиѥ	бесстыдство	
бесрамъкъ	бесстыдник	
бесрамьнъ	бесстыдный	
бестѹдьнѣ	бесстыдно	
бесѣда	беседа	
беꙁградьникъ	человек без родины	
беꙁдъна	бездна	
бивати	бить	
бивати	убивать	
биволъ	буйвол	
бивьливꙑи	драчливый	
бивьца	драчун	
биица	драчун	
било	ударяющее орудие	
бильнꙑи	прилагательное от било	
бильцо	уменьшительное от било	
бинчаи	название смолы из дерева	
биричь	полицейский чиновник	
бирюза	бирюза	
бирюзка	уменьшительное от бирюза	
бисквитъ	кулин. то же, что бисквит; кондитерское выпечное изделие, тесто для которого готовится из муки, сахара и взбитых яиц	
бисквитъ	то же, что бисквит; непокрытый глазурью фарфор	
бисъръ	вариант бисьръ	
бисьръ	жемчуг, жемчужина	
бисєръ	вариант бисьръ	
бити	бить	
битливꙑи	драчливый	
бичь	бич	
бичьнꙑи	прилагательное от бичь	
биющій	бьющий	
биясь	дееприч. от биться	
биѥниѥ	бичевание	
благо	добро	
благобоꙗзнь	смирение	
благоволеніе	благоволение	
благоволивꙑи	благодушный	
благоволити	благоволить	
благоволѥниѥ	благоволение	
благоволѥно	благосклонно	
благовониѥ	благовоние	
благовоньнъ	благовонный	
благоврѣмєньнъ	уместный	
благовъгодьнъ	угодный	
благовѣриѥ	благочестие	
благовѣрьнъ	благочестивый	
благовѣрьнѣ	благочестиво	
благовѣствовавшій	благовествовавший	
благовѣствованіе	благовествование	
благовѣстити	возвестить (добрую весть)	
благовѣстовати	возвещать	
благовѣсть	евангелист	
благовѣстіе	благовестие	
благовѣщати	возвещать	
благовѣщєниѥ	евангелие	
благоглаголивꙑи	красноречивый	
благоговѣніе	благоговение	
благоговѣющій	благоговеющий	
благоголѣньнъ	крепкие ноги имебщий	
благодавьць	благодетель	
благодареніе	благодарение	
благодарити	благодарить	
благодаровати	благодарить	
благодарьникъ	благодетель	
благодарьствити	благодарить	
благодарьствовати	благодарить	
благодарьствьно	с благодарностью	
благодарьствьнъ	благодарственный	
благодарьствьнѣ	с благодарностью	
благодарьць	благодарный	
благодаряй	благодарящий	
благодарѥниѥ	благодарение	
благодати	оказать благодеяние	
благодатиѥ	благодать	
благодатной	вариант благодатный	
благодать	благодать	
благодатьникъ	благодетель	
благодатьникъ	тот, кто оказывает милость	
благодатьнъ	благодатный	
благодатьствовати	благодетельствовать	
благодатєль	благодетель	
благодѣть	дар	
благодѣть	благодать	
благодѣтьнъ	благодатный	
благодѣтєль	тот, кто делает добро	
благодѣтєль	благодетель	
благодѣꙗниѥ	благодеяние	
благодѣꙗти	делать добро	
благодѹшиѥ	душевное спокойствие	
благодѹшьно	благодушно	
благодѹшьнѣ	радостно	
благожитиѥ	счастливая жизнь	
благозакониѥ	законодательство	
благоизволити	соизволить	
благоиспꙑтаниѥ	старательность	
благоиꙁволити	благоволить	
благоиꙁвольнъ	знаменитый	
благоиꙁволѥниѥ	добродетель	
благокорєньнъ	благородный	
благоложьно	в хорошем состоянии	
благолюбьць	любящий добро	
благолѣпота	приличие	
благолѣпьнъ	прекрасный	
благомилостивꙑи	милосердный	
благомыслящій	благомыслящий	
благонравиѥ	добродетель	
благообразиѥ	благоприличие	
благообразьно	добропорядочно	
благообраꙁьнъ	почтенный	
благопослѹшивꙑи	послушный	
благопоспѣшити	содействовать успеху	
благоприимичьнъ	удобный	
благоприлєжьнъ	усердный	
благопристꙋпаниѥ	служение	
благоприѩтьнъ	приятный	
благоразумной	вариант благоразумный	
благоразуміе	благоразумие	
благорасположеніе	благорасположение	
благорастворѥниѥ	соединение	
благородивꙑи	благородный	
благородиѥ	хороший сад	
благородиѥ	благородство	
благородьнъ	благородный	
благородьнꙑи	благородный	
благородьство	доблесть	
благославиѥ	слава	
благословеніе	благословение	
благословившій	благословивший	
благословити	благословлять	
благословити	благословлять / благословить; восхвалить / восхвалять	
благословляющій	благословляющий	
благословлѥниѥ	благословение	
благословлѥнъ	благословенный	
благословлꙗти	благословлять	
благословєниѥ	благословение	
благословєсити	благословить	
благословєствьнъ	восхваленный	
благословєстити	восхвалить	
благословєсьнъ	благословенный	
благословєщвлѥниѥ	благословение	
благословєщєниѥ	благословение	
благословѧ	благословляющий	
благость	добродетель	
благость	доброта	
благостьнъ	милостивый	
благостьствовати	оказать благость	
благостꙑни	доброта	
благосъдѣланиѥ	доброе дело	
благосътворити	сделать добро	
благота	благость	
благотворивъ	делающий добро	
благотворити	благотворить	
благотворити	благодетельствовать	
благотворьць	благодетель	
благотворящій	благотворящий	
благоугожденіе	благоугождение	
благоуханіе	благоухание	
благохвалимꙑи	благодарный	
благохвалити	восхвалять	
благохꙋдожьство	изобретательность	
благочадити	рожать хороших детей	
благочестіе	благочестие	
благочиниѥ	стремление к благоустройству	
благочинѥниѥ	надлежащее устройство	
благочьстивъ	благочестивый	
благочьстиѥ	благочестие	
благочьстовати	быть благочестивым	
благочьстьно	благочестиво	
благочьстьно	набожно, благочестиво	
благочьстьнъ	благочестивый	
благочьстьнѣ	благочестиво	
благоѫханиѥ	благоухание	
благоѫханьнъ	ароматный	
благоѹгодити	быть угодным	
благоꙋхнꙋти	благоухать	
благъ	добрый	
благій	благий	
благꙑи	добрый	
благꙑни	доброта	
блажащийся	прич. от блажиться	
блажити	восхвалять	
блажиться	предаваться блаженству	
блажнєниѥ	соблазн	
блажьнъ	блаженный	
блажєникъ	праведник	
блажєникъ	блаженный	
блажєниѥ	милость	
блажєнъ	блаженный	
блажєньствиѥ	похвала	
блажєньство	блаженство	
блазна	соблазн	
блазнити	соблазнять	
блазнитєль	обманщик	
блазнъ	соблазн	
блазнь	заблуждение	
блазньба	соблазн	
блазньнꙑи	ошибочный	
блазнꙑи	опасный	
блазовати	кичиться	
блазѣ	[хорошо	
блана	детское место	
блатина	плотина	
блато	болото	
блаꙁна	ошибка	
блаꙁнити	соблазнять	
блаꙁньнъ	заблуждающийся	
блестящій	блестящий	
блидивꙑи	опьянелый	
ближаи	наиболее близкий	
ближии	наиболее близкий родственник	
ближика	родственик	
ближика	родственник; ближний, близкий	
ближичьство	приближённость	
ближній	ближний	
ближьнии	родственный	
ближьника	родственник	
ближьникъ	родственник	
ближєниѥ	близость	
ближѣишии	близкий	
близлежащій	близлежащий	
близна	рубец	
близно	близко	
близньствовати	родить близнецов	
близньць	близнец	
близнѧ	близнецы	
близока	свойственница	
близокъ	свойственник	
близъ	близость	
близъ	близко	
близъ	близко; вблизи	
блинной	вариант блинный	
блинъ	лепёшка	
блисканиѥ	блистание	
блискъ	молния	
блистальница	блистающая звезда	
блистаниѥ	сверкание	
блистаніе	блистание	
блистательной	вариант блистательный	
блистати	сиять	
блистающій	блистающий	
блисцаниѥ	сияние	
блисцати сѧ	блистать	
блиꙁньць	Близнец	
блиꙁньчьнъ	двойной	
блиꙁъкъ	близкий	
блудникъ	блудник	
блудодѣйствовавшій	блудодействовавший	
блудодѣйствовать	блудодействовать	
блудящій	блудящий	
блуждающій	блуждающий	
блуженіе	блужение	
блъха	энтомол. блоха	
бльвати	блевать, рвать	
бльвотина	рвота	
бльскъ	блеск	
бльснѫти	блеснуть	
бльснꙋти	блеснуть	
бльстѣти	блестеть	
бльщаниѥ	блеск	
бльщати	блестеть	
бльщати сѧ	блестеть	
блювотина	рвота	
блюда	чаша	
блюдо	дискос	
блюдъ	блюдо	
блюдьница	блудница	
блюдьнꙑи	заблуждающийся	
блюдьце	малое блюдо	
блюдєниѥ	наблюдение	
блюсти	соблюдать	
блюсти	смотреть, следить	
блюсти	охранять, оберегать	
блюсти сѧ	беречься	
блюстєль	блюститель	
блющь	плющ	
блєкотати	блеять	
блєхъчии	кузнец	
блѣдный	бледный	
блѣдость	бледность	
блѣдъ	бледный	
блѣдѣти	бледнеть	
блѣꙗти	блеять	
блѧдословити	хулить	
блѧдь	болтун	
блѧдьникъ	пустомеля	
блѧдьникъ	болтун	
блѧдьнъ	болтливый	
блѧдьнꙑи	вздорный	
блѧдьнꙗ	прелюбодеяние	
блѧдьскꙑи	ложный	
блѧдєниѥ	пустословие	
блѧсти	суесловить	
блѧсти	заблуждаться, ошибаться	
блѫдилищє	место разврата	
блѫдити	блуждать	
блѫдити	развратничать	
блѫдолюбиѥ	развратность	
блѫдъ	блуд	
блѫдьникъ	развратник	
блѫдьница	блудница	
блѫдьничьскъ	блудницы	
блѫдьничьство	проституция	
блѫдьно	распутно, беспутно	
блѫдьнъ	распутный	
блѫждєниѥ	разврат	
блѹдити	блуждать	
блꙋдити	заводить не туда	
блꙋдодѣꙗти	блудодействовать	
блꙋжєниѥ	распутство	
бо	ибо	
бобливꙑи	косноязычный	
бобровина	бобровое мясо	
бобровой	вариант бобровый	
бобровьникъ	ловец бобров	
бобръ	бобр	
бобъ	боб	
бобꙑль	селянин без пахотной земли	
богатина	богач	
богатити	обогощать	
богатичищь	сын богача	
богатой	вариант богатый	
богатъ	богатый	
богатьно	обильно	
богатьнꙑи	богатый	
богатьство	богатство	
богатѣти	богатеть	
богатѧ	богатеющий	
богатꙑи	богатый	
богатꙑрь	богатырь, витязь	
богоавлѥниѥ	явление бога	
богоборьнъ	богоборческий	
богоборьць	восстающий против Бога	
богоборьць	богоборец	
богоборѥниѥ	богоборчество	
боговидимꙑи	несущий бога	
боговидьць	видящий Бога	
боговидьць	видящий бога	
боговъгодьнъ	богоугодный	
боговєсєльнъ	радующийся богу	
боговѣтиꙗ	божественный оратор	
богоглаголивꙑи	вещающий по внушению бога	
богогласъ	боговдохновенный	
богогодьнъ	угодный богу	
богодъхновєнъ	боговдохновенный	
боголишиѥ	неразумие	
боголишь	глупость	
боголюбивъ	набожный	
боголюбимꙑи	любимый Богом	
боголюбица	любящая Бога	
боголюбьзнꙑи	угодный Богу	
боголюбьзьно	угодно Богу	
боголюбьзьнѣ	угодно Богу	
боголюбьць	любящий Бога	
боголюбьць	человек любящий Бога	
боголѣпьно	прилично Богу	
боголѣпьно	богоугодно	
боголѣпьнъ	прекрасный	
богомили	еретики секты богомила	
богомолиꙗ	монастырь	
богомольць	поклонник истинного Бога	
богомрьꙁъкъ	враждебный богу	
богомѫдростьнъ	мудрый как бог	
богомꙋдрꙑи	Богом умудрённый	
богонабъдимꙑи	охраняемый Богом	
богонаписаньнꙑи	написанный Богом	
богонаѹчєнъ	внушенный богом	
богоносивъ	носящий в себе бога	
богоносьнъ	носящий в себе бога	
богоносьць	носящий в себе Бога	
богоносьць	богоносец	
богонєвѣста	невеста бога	
богоотьць	наименование царя Давида	
богопорꙋчити	поручить свяше	
богопоꙁнаниѥ	познание бога	
богоприѥмьць	богоприимец	
богородица	Богородица	
богородица	богородица	
богорожаница	богородительница	
богорожьство	родословие богов	
богосварьникъ	богоборец	
богосварьнъ	богоборческий	
богословити	славить Бога	
богословити	восхвалять бога	
богословлѥниѥ	вероучение	
богословлꙗти	славить Бога	
богословскій	богословский	
богословъ	богослов	
богословьнъ	богословский	
богословьць	богослов	
богослуженіе	богослужение	
боготворити	боготворить	
богохранимꙑи	богоспасаемый	
богочьстивъ	благочестивый	
богочьстивѣ	благочестиво	
богочьстьно	набожно	
богочьтьць	чтущий Бога	
богочьтьць	благочестивый человек	
богоѹгожєниѥ	угождение Богу	
богоѹтроба	божественная утроба	
богоѹчєнъ	внушённый богом	
богоꙁъванъ	избранный богом	
богъ	Бог	
богъ	религ. Бог, бог; высшее сверхъестественное существо, объект поклонения	
богꙑни	богиня	
бодавꙑи	бодливый	
бодати	колоть	
бодль	шип	
бодрой	вариант бодрый	
божии	относящийся к богу	
божии	божий	
божити	боготворить	
божьница	церковь	
божьскъ	божеский	
божьство	божественное место	
божьство	божественность	
божьствьнъ	божественный	
божєниѥ	божба	
божєнка	божница	
божѹръ	шафран	
бозаръ	ярмарка	
бои	битва	
боищє	место битвы	
боканъ	камень	
бокъ	фланг	
болванъ	болван	
болии	больший	
болого	добро	
бологодѣть	дар	
бологодѣꙗти	делать добро	
болониѥ	низменное поречье, покрытое травой	
болонь	низменное поречье, покрытое травой	
болотистой	вариант болотистый	
болотной	вариант болотный	
болото	болото	
болотьцє	уменьшительное от болото	
болтливой	вариант болтливый	
боль	больной	
бользнь	недуг	
больнъ	больной	
больнꙑи	страждущий	
большей	вариант большій	
большии	большой	
большьми	более	
большьми	больше	
болящій	болящий	
болєръ	боярин	
болєсть	болезнь	
болѣдина	больной	
болѣждь	больной	
болѣзненно	болезненно	
болѣзнина	больной	
болѣзнь	болезнь	
болѣти	болеть	
болѣти	чувствовать боль	
болѣть	болеть	
болѥ	больше, более	
болѧ	болящий	
болѧринъ	боярин	
болѧчька	веред	
болꙗринъ	вельможа	
болꙗрьскъ	боярский	
болꙗрьскꙑи	боярский	
борании	сделанный из шкуры барана	
боранина	мясо барана	
боранъ	зоол. баран, вид домашнего животного	
боранъ	баран, самец этого животного	
бордакъ	бардак	
борисъ	Борис	
борити	бороть	
боритєль	борец	
боровшійся	боровшийся	
боровъ	кабан	
боровьникъ	кормовщик	
боровьнꙑи	прилагательное к боръ	
борода	анат. подбородок, нижняя часть лица	
борода	борода	
бородатой	вариант бородатый	
бородатꙑи	бородатый	
бородьнꙑи	прилагательное к борода	
борозда	межевая канава	
бороздо	борзо	
борокъ	небольшой бор	
борона	оборона	
боронити	препятствовать	
боронь	передовая стража	
боронєниѥ	помеха	
бороти	воевать	
боротнꙑи	бортный	
боротєлєвъ	гонителя	
борошьно	пища вообще	
борошєнь	пожитки мелкие	
борсѹкъ	барсук	
борть	дерево с ульем	
бортьникъ	пасечник	
боръ	сосна	
борьба	борьба	
борьць	борец	
борющись	дееприч. от бороться	
боряй	борющий	
босота	босота	
бости	бодать	
босъ	дьявол	
босъ	босой	
босꙑи	босой	
ботъ	башмак	
ботѣти	взбухать	
бочижь	бочка	
бочина	бок	
бочька	бочка	
бочьнꙑи	боковой	
бояйся	церк.-слав. боящийся	
боящеся	дееприч. от бояться	
боящійся	боящийся	
боꙗзнь	страх	
боꙗринъ	боярин	
боꙗрьскꙑи	боярский	
боꙗрꙑни	боярыня	
боꙗти сѧ	бояться	
боꙗꙁнь	боязнь	
бравиꙗ	награда	
бравой	вариант бравый	
брада	борода	
брадѣти	покрываться бородой	
брадѣти	обрастать бородой	
брадꙑ	топор	
бражьникъ	гуляка	
бразна	борозда	
браконєискѹсимꙑи	не состоящая в браке	
бракъ	брак	
бракъ	свадьба, брак	
бранити	защищать	
браниѥ	борьба	
брань	война	
брань	бой	
браньскъ	военный	
бранєниѥ	препятствие	
братана	дочь брата	
братаничь	сын брата	
братанъ	двоюродный брат	
брати	брать	
брати	брать, собирать	
брати сѧ	бороться	
брати сѫ	бороться	
братина	ковш	
братинъка	уменьшительное от братина	
братисѫ	бороться	
братиꙗ	братья	
братолюбьствиѥ	братская любовь	
братолюбьць	любящий братьев	
братосътворѥниѥ	принятие в монахи	
браточинъ	сын брата или сестры	
братриꙗ	братья	
братролюбиѥ	братская любовь	
братротворѥниѥ	принятие в монахи	
братръ	брат	
братрьство	братство	
братъ	брат	
братъсєстра	брат и сестра	
брать	брать	
братьньць	брат	
братьскꙑи	братский	
братьство	братство	
братьчина	праздничный пир складчиной	
братьщина	община	
братєникъ	брат	
брачина	род парчи	
брачити	брать замуж	
брачьнъ	брачный	
брачьнꙑи	свадебный	
брачьство	брак	
брачєниѥ	свадьба	
брашьно	еда	
брашьновати	кушать	
брашьньцє	съестное в небольшом количестве	
брашьньцє	кушанье	
браꙁда	борозда	
бредящій	бредящий	
бреніе	брение	
брея	дееприч. от брить	
бридость	кислота	
бридъко	остро	
бридъкъ	пронизывающий	
бритва	бритва	
брити	брить	
брити сѧ	бриться	
бритой	вариант бритый	
бродити	бродить	
бродъ	брод	
бродящій	бродящий	
бросаніе	бросание	
бросаючись	дееприч. от бросаться	
бросающій	бросающий	
бросающійся	бросающийся	
брости	уплыть	
брощь	червлень	
брощєниѥ	краснота	
бръвь	бровь	
бръвь	веко	
бръзо	быстро	
брънѩ	броня	
брънꙗ	латы	
бръснꙋти	брить	
бръсти	остричь	
бръсєлиѥ	черепки	
бръсєль	скрижаль	
брьвьно	бревно	
брьвьньцє	малое бревно	
брьна	грязь	
брьниѥ	глина	
брьниѥ	грязь	
брьчьхъ	волосы на голове	
брюкишь	род сукна	
брюхатой	вариант брюхатый	
брюхо	живот	
брюшный	вариант брюшной	
брєсти	переходить в брод	
брєхъ	ябедник	
брѣгъ	берег	
брѣгъ	склон	
брѣдоква	латук	
брѣжии	оплодотворённый	
брѣжєниѥ	попечение	
брѣза	берёза	
брѣзгъ	рассвет	
брѣзозоръ	апрель	
брѣмєньнъ	обременённый	
брѣмѧ	тяжесть	
брѣмѧ	бремя	
брѣщи	заботиться	
брѣꙁьнъ	апрель	
брѧздати	бряцать	
брѧзнꙋти	тздать бряцание	
брѧкнꙋти	жужжать	
брѧцало	струнный инструмент	
брѧцаниѥ	бряцание	
брѧцати	звучать	
брѧчина	украшение	
брѹмалии	римские праздники в честь Бахуса	
брѹсъ	обтёсанное бревно	
брꙑсало	утиральник	
брꙑсало	полотенце	
бугристой	вариант бугристый	
будуаръ	будуар	
будущей	вариант будущій	
будущій	будущий	
буйной	вариант буйный	
бумажной	вариант бумажный	
буревѣстникъ	буревестник	
бурливой	вариант бурливый	
бурой	вариант бурый	
бъдрость	бодрость	
бъдръливъ	бодрый	
бъдрьно	бодро	
бъдрꙑи	бодрый	
бъдѣниѥ	бдение	
бъдѣти	бдеть	
бъждрь	бодрый	
бъждрєниѥ	бодрость	
бъждрєта	бодрость	
бълоха	энтомол. то же, что блъха; блоха	
бърати	вариант бьрати	
бързина	поток	
бързо	скоро	
бързꙑи	бодрый	
бърть	дерево с ульем	
бърь	борьба	
бътарь	бочка	
бъхъма	совсем, вообще	
бъчьвь	бочка	
бъчька	бочка	
бъчєла	зоол. пчела	
бъшию	совершенно	
бъшиѭ	совсем, полностью; вообще	
бъшьнꙑи	конечный	
бывалой	вариант бывалый	
бываяй	бывающий	
бывшей	вариант бывшій	
бывшій	бывший	
бывъ	дееприч. от быть	
быкъ	зоол. бык (самец коровы)	
быкъ	зоол. бык (самец некоторых пород диких рогатых животных, напр. буйвола, вола, зубра и т. п.)	
быкъ	перен., разг. бык	
быстрой	вариант быстрый	
быстроногій	быстроногий	
бытіе	бытие	
бьрати	брать, собирать	
бьчєла	зоол. пчела	
бьючись	дееприч. от биться	
бєбръ	бобр	
бєдра	бедро	
бєдрьнъ	обильный	
бєзавидиѥ	равнодушие	
бєзадьница	выморочное имение	
бєзадьщина	выморочное имение	
бєзазорьнꙑи	находящийся вне подозрений	
бєзаконити	чинить беззаконие	
бєзаконьникъ	нарушающий закон	
бєзаконьно	незаконно	
бєзаконьнѣ	незаконно	
бєзапьнꙑи	неожиданный	
бєзаꙗпьнꙑи	внезапный	
бєзбаниѥ	небрезгливость	
бєзблажниѥ	несоблазняемость	
бєзблазниѥ	несоблазняемость	
бєзблазнь	несоблазняемость	
бєзблазньнѣ	беспрепятственно	
бєзблазньнꙑи	несоблазняемый	
бєзбогъ	безбожный	
бєзбожьникъ	безбожник	
бєзбожьствиѥ	безбожность	
бєзбрадьнꙑи	безбородый	
бєзвазньство	несчастье	
бєзводица	недостаток воды	
бєзводиѥ	недостаток воды	
бєзводьнꙑи	безводный	
бєзвожьнꙑи	не имеющий вождя	
бєзврѣдиѥ	покой в безопасности	
бєзврѣдъ	невредимый	
бєзвєрємѧ	безвременье	
бєзвєчєрьнии	немеркнущий	
бєзвєщьнꙑи	беззаботный	
бєзвѣкъ	увечный	
бєзвѣриѥ	неверие	
бєзвѣстиѥ	неизвестность	
бєзгласиѥ	безмолвность	
бєзгласьно	безгласно	
бєзгласьнꙑи	безгласный	
бєзгобиньство	неурожай	
бєзгодиѥ	неблагоприятное время	
бєзгодословьникъ	пустослов	
бєзгодьниѥ	несвоевременность	
бєзгодьно	не вовремя	
бєзгодьнꙑи	безвременный	
бєзголовиѥ	беда	
бєзгоногача	излияние семени	
бєзградьникъ	тот, кто покинул отечество	
бєзградьнꙑи	не имеющий отечества	
бєзгрѣшьнꙑи	безгрешный	
бєздвьриѥ	без дверей	
бєздобь	напрасный	
бєздомъкъ	бездомный	
бєздомьнꙑи	бездомный	
бєздъждиѥ	бездождие	
бєздъна	преисподня	
бєздънь	бездна	
бєздѣжа	название деревни	
бєздѣжь	прилагательное от бєздѣдъ	
бєздѣлиѥ	безделие	
бєздѣльно	праздно	
бєздѣльнѣ	невнимательно	
бєздѣльнꙑи	не трудящийся	
бєзимєньно	безымянно	
бєзимѣньство	бедность	
бєзлиствии	безлиственный	
бєзличнꙑи	безличный	
бєзлѣпица	безумство	
бєзлѣпицꙗ	нелепица	
бєзлѣпꙑи	нелепый	
бєзлѣтьнꙑи	безвременный	
бєзлѣчьнꙑи	неизлечимый	
бєзмасльнꙑи	безмасляный	
бєзмълвьно	покойно	
бєзмьздь	безмездный	
бєзмьздьникъ	не требующий возмездия	
бєзмьздьнꙑи	безмездный	
бєзмѣрие	непомерность	
бєзмѣрьнꙑи	безмерный	
бєзмѣстиѥ	лишение власти и имения	
бєзмѧтєжьникъ	бесстрашный	
бєзмѧтєжьно	безмятежно	
бєзмѧтєжьнѣ	спокойно	
бєзнадєжиѥ	безнадёжность	
бєзнадєжьникъ	лишённый надежды	
бєзнадєжьнꙑи	безнадёжный	
бєзнарѧдиѥ	недостаток устройства	
бєзнравьнꙑи	безнравный	
бєзобразити	считать непристойным	
бєзобразиѥ	безобразие, неподобающее, неприличное поведение	
бєзобразиѥ	уродство, увечье	
бєзокъ	безглазый	
бєзотьчина	выморочное имущество	
бєзочивꙑи	безглазый	
бєзъ	без	
бєзълобиѥ	незлобие	
бєзълобьно	незлобно	
бєзѹмиѥ	слабость ума	
бєльчюгъ	лук	
бєлєнъ	белена	
бєндъ	плащ в округленных углах налуча и колчана	
бєрдꙑшьникъ	вооружённый бердышом	
бєртъ	сосуд	
бєрєжиѥ	побережье	
бєрєжьць	бережок	
бєрєжєниѥ	осторожность	
бєрємѧ	охапка	
бєсаньство	низкая доля	
бєсапогꙑи	без сапог	
бєсвѣтьнъ	лишённый света	
бєсквасиѥ	нравственная чистота	
бєсквасовьнꙑи	?	
бєсквасьнꙑи	без кваса	
бєсквасьство	нравственная чистота	
бєскврьньнъ	непорочный	
бєсконьчьнъ	бесконечный	
бєскровьнꙑи	бездомный	
бєскръбьнъ	безмятежный	
бєскръвьнъ	бескровный	
бєсловьнъ	неразумный	
бєсловєсьнъ	бессловесный	
бєслъньнъ	лишённый свет	
бєсплачьнъ	бесслёзный	
бєсплодьнъ	бесплодный	
бєсплътьнъ	бесплотный	
бєспокровьнꙑи	без покрова	
бєспользьнꙑи	бесполезный	
бєспорочьнꙑи	без порока	
бєспортьє	недостаток в одежде	
бєсправьдьнъ	несправедливый	
бєсприкладьнъ	несравненный	
бєспєниѥ	свобода от платы пени	
бєспєчальнъ	спокойный	
бєспѫтьнъ	бездорожный	
бєсрамъкъ	бесстыдник	
бєсрамьнъ	бесстыдный	
бєстварь	неустройство	
бєстрастьнъ	страданий не знающий	
бєстьлѣниѥ	нетленность	
бєстьлѣнъ	нетленный	
бєстьлѣньнъ	нетленный	
бєстѫжьнъ	безропотный	
бєстѹдовати	бесстыдствовать	
бєстѹдьникъ	бесстыдник	
бєстѹдьнъ	бесстыдный	
бєстѹдьствовати	бесстыдствовать	
бєстѹдьць	бесстыдник	
бєсхвостьнꙑи	бесхвостый	
бєсхрамьникъ	человек без крова	
бєсцѣнь	бесплатно	
бєсчадити	делать бездетным	
бєсчьстити	чинить бесчестие	
бєсъмрьтьнъ	бессмертный	
бєсъниѥ	бессонница	
бєсьрдити	быть жестоким	
бєсьрдꙑи	жестокосердый	
бєсьржѧ	бессердный	
бєсѣдивꙑи	красноречивый	
бєсѣдица	словцо	
бєсѣдованиѥ	разговор	
бєсѣдовати	сказывать	
бєсѣдовати	беседовать	
бєсѣдъка	крюковый знак	
бєсѣмєнорожьшаꙗ	?	
бєцѣньнъ	бесценный	
бєчєтъ	драгоценный камень	
бєщинаи	несдержанный	
бєщиньница	бесчинство	
бєщиньнъ	несдержанный	
бєщисльнъ	безмерный	
бєщисмєньнъ	бесчисленный	
бєщьствовати	бесчестить	
бєщьствьнъ	бесчестный	
бєщьстьнъ	посрамленный	
бєщѧдьнъ	бездетный	
бєщѹвьствьнъ	не воспринимающий	
бєꙁаконьникъ	преступник	
бєꙁаконьновати	совершать беззаконие	
бєꙁаконьнъ	злодейский	
бєꙁбожьнъ	безбожный	
бєꙁбрашьнъ	еда без пищи	
бєꙁбѣдьнъ	безопасный	
бєꙁвиньнъ	безвинный	
бєꙁводьнъ	безводный	
бєꙁврѣмєньнъ	безвременный	
бєꙁвєщьнъ	невещественный	
бєꙁвѣстьнъ	неизвестный	
бєꙁгнѣвьнъ	беззлобный	
бєꙁградьникъ	человек без родины	
бєꙁгрѣшьнъ	безгрешный	
бєꙁдарьствьнъ	неблагодарный	
бєꙁдродьнъ	незнатный	
бєꙁдръпътьнъ	безропотный	
бєꙁдрѣвьнъ	не деревянный	
бєꙁдъждиѥ	засуха	
бєꙁдъна	бездна	
бєꙁдъниѥ	бездна	
бєꙁдѹшьнъ	неживой	
бєꙁимєньнъ	неназванный	
бєꙁлѣтьнъ	нестареющий	
бєꙁмилостивъ	немилосердный	
бєꙁмлъвьнъ	безмолвный	
бєꙁмьꙁдьникъ	бессребреник	
бєꙁмѣрьнъ	безмерный	
бєꙁмѫжьнъ	муж только по названию	
бєꙁнадєждьнъ	утративший надежду	
бєꙁначѧльно	без начала	
бєꙁначѧльнъ	не имеющий начала	
бєꙁоковати	быть бесстыдным	
бєꙁълобивъ	беспорочный	
бєꙁълобьнъ	беззлобный	
бєꙁъратии	мирный	
бєꙁѹмьникъ	неразумный человек	
бєꙁѹмьнъ	неразумный	
біологія	то же, что биология; наука о живой природе	
бѣганіе	бегание	
бѣгати	остерегаться	
бѣгати	бегать, убегать	
бѣгати	избегать, уклоняться	
бѣгать	бегать (во всех значениях)	
бѣглꙑи	беглый	
бѣгство	бегство	
бѣгствоживьць	тот, кто не живёт на одном месте	
бѣгунъ	бегун; тот, кто бежит в данный момент или занимается бегом вообще	
бѣгущій	бегущий	
бѣгъ	бег	
бѣгъ	бегство	
бѣгѹль	бегеул	
бѣгꙑвати	убегать	
бѣда	беда	
бѣда	беда, бедствие	
бѣда	принуждение	
бѣдити	побуждать	
бѣдити	убеждать	
бѣдити	принуждать	
бѣдный	бедный	
бѣдствовавшій	бедствовавший	
бѣдствовать	бедствовать	
бѣдствіе	бедствие	
бѣдьникъ	увечный	
бѣдьница	несчастная	
бѣдьно	трудно	
бѣдьнъ	бедный	
бѣдьнѣ	сильно	
бѣдьнѣти	находиться в опасности	
бѣдьнꙑи	горестный	
бѣжавшій	бежавший	
бѣжанинъ	беглец	
бѣжаниѥ	бегство	
бѣжати	бежать	
бѣжлꙗнинъ	беглец	
бѣкарь	мера сыпучих тел	
бѣла	белка	
бѣлии	беличий	
бѣлило	белило	
бѣлильщикъ	белильщик	
бѣлити	белить	
бѣлка	белка	
бѣло	чисто	
бѣлоголꙋбꙑи	светло-голубой	
Бѣлоозеро	Белоозеро	
Бѣлоозеро	то же, что Бѣлое озеро	
бѣлориꙁьць	мирянин	
бѣлость	белый цвет	
бѣлость	чистота	
бѣлужей	вариант бѣлужій	
бѣлъ	белый	
бѣлый	белый (во всех значениях)	
бѣль	белило	
бѣльнꙑи	отбеленный	
бѣлѣгъ	знамение	
бѣлꙑи	белый	
бѣнꙗ	баня	
бѣсити сѧ	неистовствовать	
бѣситься	беситься	
бѣсновавшійся	бесновавшийся	
бѣсноватый	бесноватый	
бѣсноваться	бесноваться	
бѣсованиѥ	беснование	
бѣсовьскъ	бесовский	
бѣство	бегство	
бѣсъ	бес	
бѣсъ	мифол., религ. бес	
бѣсьновати сѧ	быть одержимым злым духом	
бѣсясь	дееприч. от бѣситься	
бѣшєнина	сумасшедший	
бѣшєниѥ	беснование	
бѣшєнъ	безумный	
бѹволъ	буйвол	
бѹволь	буйволовый	
бѹгъ	обруч	
бѹда	склеп	
бѹдити	будить	
бѹдьнꙑи	прилагательное от бѹда	
бѹиволовъ	буйвола	
бѹивꙑи	глупый	
бѹка	?	
бѹкарь	вариант бѹкварь	
бѹкварь	книжник	
бѹкъ	бук	
бѹкꙑ	письмо	
бѹкꙑ	буква	
бѹлгакъ	мятеж	
бѹмажка	бумажка	
бѹмажьникъ	всё, что сделано из хлопчатого войлока	
бѹраложник	лицо, ведающее царской охотой на волков	
бѹрьнъ	бурный	
бѹрꙑи	бурый	
бѹрꙗ	буря	
бѹча	вид судна	
бѹчити	реветь	
бꙋбѹлꙗ	дождевой пузырь	
бꙑвати	бывать	
бꙑволъ	буйвол	
бꙑволь	буйволовый	
бꙑлина	былина	
бꙑлиѥ	трава	
бꙑлиꙗнꙑи	травяной	
бꙑль	трава	
бꙑль	вельможа	
бꙑльнꙑи	прилагательное от быль	
бꙑлꙗ	господин	
бꙑрати	блуждать	
бꙑстрина	быстрое течение	
бꙑстро	быстро	
бꙑстрость	быстрота	
бꙑстрота	быстрое движение	
бꙑстръ	скорый	
бꙑстрꙑи	быстрый	
бꙑти	быть	
бꙑтиѥ	бытие	
бꙑто	имущество	
бꙑтъ	пожитки	
бꙑть	бытие	
бꙑтьнꙑи	насущный	
бꙑхмѧ	?	
бꙑчии	бычий	
в	вариант въ	
вабити	звать	
вабити	манить	
Вавилонъ	Вавилон	
вавѵла	Вавила	
вавѵлонъ	Вавилон	
вавѵлоньскъ	вавилонский	
вадити	жаловаться	
вадити	обвинять	
вадьба	клевета	
вадѧ	обвиняющий	
важити	весить	
важной	вариант важный	
важьность	важность	
важьнꙑи	важный	
вазнивꙑи	прилагательное от вазнь	
вазнь	счастье	
ваина	?	
валити	катить	
валъ	вал	
вальчити	воевать	
вальчєватꙑи	округловатый	
валяяйся	валяющийся	
валꙗти	катать	
валꙗти сѧ	кататься	
вамбакъ	губка	
вандꙑшь	сняток	
ванчюсъ	дубовый брус	
вапа	озеро	
вапа	болото	
вапити	покрывать известью	
вапьно	известь	
вапьнꙑи	озёрный	
вапьсати	мазать	
варганъ	орган	
вариво	варево	
варимантиꙗ	мантия из тяжёлой ткани	
варити	варить	
варити	опередить, предварить, предвосхитить; предсказать	
варити	прийти заранее	
вариꙗ	чёрточка, наклонённая слева направо	
варшавскій	варшавский / перевод Н. Модзелевской, 1949 - НКРЯ	
варъ	жар	
варъвариꙗ	страна иной культуры или иной веры	
варъваръ	варвар	
варъварьскꙑи	варварский	
варъка	барка	
варьливꙑи	опрометчивый	
варьнꙑи	жаркий	
варєниѥ	пища	
варꙗ	место, где варили напитки	
варꙗти	предварять	
варꙗти	опережать	
васаньскъ	васанский	
василискъ	змей	
василискъ	Василиск	
васильскъ	василиск	
васнь	возможно	
васои	Васой	
ватаманъ	атаман	
ваꙗниѥ	изваяние	
ваꙗти	ваять	
ваꙗтєль	скульптор	
введеніе	введение	
вводящій	вводящий	
ввѣрить	вверить	
вдаваясь	дееприч. от вдаваться	
вдався	дееприч. от вдаться	
вдавыйся	вдавшийся	
вдаяйся	вдающийся	
вдаясь	дееприч. от вдаться	
вдовей	вариант вдовій	
вдовій	вдовий	
вдыхаяй	вдыхающий	
веденіе	то же, что ведение; действие по значению гл. вести	
ведучи	дееприч. от вести	
ведущій	ведущий	
везти	везти	
великолѣпно	великолепно	
великолѣпіе	великолепие	
великій	великий	
величавшійся	величавшийся	
величающійся	величающийся	
величіе	величие	
велми	очень	
вельми	очень, весьма	
вельми	громко	
велѣти	выражать волю	
велѣть	велеть	
верблюжей	вариант верблюжій	
верблюжій	верблюжий	
вертѣть	дееприч. от вертеть	
верующій	верующий	
верхней	вариант верхній	
верхній	верхний	
верча	дееприч. от вертѣть	
веселившійся	веселившийся	
весело	весело	
веселой	вариант веселый	
веселящійся	веселящийся	
веселіе	веселие	
весенней	вариант весенній	
весенній	весенний	
вести	вести	
ветхій	ветхий	
ветшающій	ветшающий	
вечерней	вариант вечерній	
вечерній	вечерний	
вечеръ	вечер	
вечеръ	вечером	
вешней	вариант вешній	
вешній	вешний	
взалкався	дееприч. от взалкаться	
взалкавый	взалкавший	
вземши	дееприч. от взять	
взрачной	вариант взрачный	
взывающій	взывающий	
взыскивающій	взыскивающий	
взявся	дееприч. от взяться	
вигносъ	виноградник	
видати	видеть	
видимой	вариант видимый	
видимꙑи	видимый	
видной	вариант видный	
видовьникъ	руководитель	
видокъ	свидетель	
видомъ	видимый	
видъ	образ	
видъ	вид	
видъсаидьскъ	Витсаида	
видьнꙑи	видимый	
видьць	очевидец	
видючи	дееприч. от видѣть	
видяй	видящий	
видящій	видящий	
видѣвши	дееприч. от видѣть	
видѣвшій	видевший	
видѣвъ	дееприч. от видѣть	
видѣниѥ	видение	
видѣніе	видение	
видѣти	видеть	
видѣть	видеть	
видѣтєль	зритель	
видѧ	видящий	
викиꙗ	сосуд	
викторъ	Виктор	
вила	вилка	
виловатикъ	по виду похожий на вилы	
вина	причина	
вина	вина	
винарь	виноградарь	
винительной	вариант винительный	
винифть	финифть	
виничина	виноградная лоза	
винной	вариант винный	
вино	вино	
виноватꙑи	виноватый	
виновьнꙑи	виновный	
виноградъ	виноград	
виноградъ	виноградная лоза	
виноградьнъ	виноградника	
винодатиѥ	дарение вина	
винопиица	пьяница	
винопитиѥ	употребление вина	
виночваньчиꙗ	виночерпий	
виночьрпчиꙗ	виночерпий	
винъꙁантиискъ	визадийский	
виньникъ	тот, кто является причиной	
виньнꙑи	виновный	
випль	выпелица	
вислꙑи	висячий	
високостъ	високосный год	
висть	зерно (зрачка)	
висяй	висящий	
висящей	вариант висящій	
висящій	висящий	
висѣниѥ	висение	
висѣти	висеть	
витався	дееприч. от витаться	
виталии	Виталий	
витати	жить	
витаться	встречаться	
вити	вить	
витовати	обитать	
вить	витая работа	
витьлєємъ	Вифлеем	
витьлєємьскъ	вифлеемский	
витєꙁда	Вифезда	
витѧзь	витязь	
вихъръ	вихрь	
вишневой	вариант вишневый	
вишь	хворост	
вишьнꙗ	вишня	
вия	дееприч. от вить	
виꙗлица	буря	
виꙗль	зима	
включеніе	включение	
включительный	устар. то же, что включающий	
включительный	о падеже: то же, что превратительный	
вкравшійся	вкравшийся	
вкушающій	вкушающий	
влага	сырость	
влагающій	влагающий	
владати	владеть	
владати	господствовать	
Владиміръ	Владимир; мужское имя	
владычествующій	владычествующий	
владычьскы	как владыка, в качестве владыки	
владь	волосы	
владьствовати	властвовать	
владѣвшій	владевший	
владѣніе	владение	
владѣти	владеть	
владѣющій	владеющий	
владꙑка	господин	
владꙑка	владыка	
владꙑтчина	владение	
владꙑчица	владычица	
владꙑчьнь	владыки	
владꙑчьскъ	владыки	
владꙑчьскꙑ	как владыка	
владꙑчьствиѥ	владычество	
владꙑчьство	владычество	
влажной	вариант влажный	
власатꙑи	волосатый	
власти	владеть	
власти	властвовать	
властовати	властвовать	
власть	должность	
власть	власть	
властьнꙑи	властный	
властєль	владетель	
властєльскъ	властелина	
власфимиꙗ	хула	
власъ	шерсть	
власъ	анат. волос	
власяный	вариант власяной	
власѣнъ	волосяной	
власꙗнꙑи	волосяной	
влатъ	великан	
влачити	тянуть	
влачити	тащить	
влеченіе	влечение	
влияться	то же, что влиться, вливаться	
влодь	волосы	
вложившій	вложивший	
влъкъ	вариант влькъ	
влъна	вариант вльна	
влъснѫти	говорить косноязычно	
влъхвованиѥ	колдовство	
влъхволюбиѥ	приверженность к колдовству	
влъхвъ	волхв	
влъшьба	колдовство	
влъшьбьнъ	колдовской	
влъшьскъ	верховный колдун	
влъшьствиѥ	колдовство	
влъшьство	колдовство	
влькъ	зоол. волк, хищное млекопитающее (Canis lupus)	
вльна	шерсть	
вльна	волна	
вльнѥниѥ	волнение	
вльнꙗти сѧ	носиться по волнам	
вльчьць	волчец	
влюбити	полюбить	
влюбчивой	вариант влюбчивый	
вліяніе	влияние	
влѣщи	волочить	
вмєтати	вбросить	
вмѣняющій	вменяющий	
вмѣщавшій	вмещавший	
вмѣщающій	вмещающий	
вниманіе	внимание	
внимающій	внимающий	
внутренній	внутренний	
внушающій	внушающий	
внѣ	вне	
внѣшній	внешний	
во	вариант въ	
вобчии	общий	
вобчиха	общая земля	
вода	потоп, наводнение	
водимаꙗ	супруга	
водити	водить	
водица	водица	
водной	вариант водный	
водолазной	вариант водолазный	
водоливъ	работник на солевых промыслах, вливающий и отливающий воду	
водоность	водонос	
водоносъ	ведро	
водоносъ	сосуд для воды	
водопиица	тот, кто пьёт воду	
водоточь	проток	
водотѣчь	поток	
водочьрпъ	водонос	
водьнотрѫдовитъ	больной водянкой	
водьнъ	водный	
водяй	водящий	
водяный	устар. водяной	
водящій	водящий	
воевавшій	воевавший	
военной	вариант военный	
вожделѣніе	вожделение	
вождь	поводырь	
вождь	вождь, владыка	
вождєвица	предводительница	
вожь	предводитель	
возатаи	возница	
возбудився	дееприч. от возбудиться	
возбудясь	дееприч. от возбудиться	
возбуждающій	возбуждающий	
возбужденіе	возбуждение	
возведеніе	возведение	
возвеличеніе	возвеличение	
возвеличившійся	возвеличившийся	
возвратившій	возвративший	
возвратившійся	возвратившийся	
возвращаючись	дееприч. от возвращаться	
возвращающійся	возвращающийся	
возвращеніе	возвращение	
возвышавшійся	возвышавшийся	
возвышающійся	возвышающийся	
возвышеніе	возвышение	
возвѣстить	возвестить	
возвѣщающій	возвещающий	
возвѣꙗти	дуть	
возглавіе	возглавие	
возгордився	дееприч. от возгордиться	
возгордившійся	возгордившийся	
возгордѣвся	дееприч. от возгордѣться	
возгордѣться	возгордиться	
возгрь	сопля	
воздавати	воздать	
воздавшій	воздавший	
воздаль	далеко	
воздающій	воздающий	
воздержався	дееприч. от воздержаться	
воздухъ	воздух	
воздыханіе	воздыхание	
воздыхающій	воздыхающий	
воздѣлывающій	возделывающий	
возжизати	возжигать	
возжизаяй	возжигающий	
воззваніе	воззвание	
возила	повозка	
возити	возить	
возлежавшій	возлежавший	
возлежащей	вариант возлежащій	
возлежащій	возлежащий	
возложась	дееприч. от возложить	
возложеніе	возложение	
возложився	дееприч. от возложиться	
возложившій	возложивший	
возлюбившій	возлюбивший	
возлюбльникъ	возлюбленный	
возмущавшій	возмущавший	
возмущающій	возмущающий	
возмущеніе	возмущение	
вознагражденіе	вознаграждение	
вознегодовавшій	вознегодовавший	
возносяйся	возносящийся	
возносящій	возносящий	
возношеніе	возношение	
возобновленіе	возобновление	
возокъ	уменьшительное от воз	
возомьздити	вознаградить	
возраженіе	возражение	
возракъ	вид	
возращающій	возращающий	
возродившій	возродивший	
возставшій	восставший	
возстановленіе	восстановление	
возстающій	восстающий	
возсѣдающій	восседающий	
возсѣдяй	прич. от возсѣсть	
возсѣсть	воссесть	
возъ	повозка	
возъярився	дееприч. от возъяриться	
возъяриться	дееприч. от разъяриться	
возьникъ	водитель	
возꙑрь	визирь	
возꙑрєнѧ	жена возыря	
вои	воин	
вои	войско	
воилокъ	войлок	
воина	война	
воиникъ	воин	
воиничь	воинский	
воинскій	воинский	
воинъ	воен. воин	
воинъ	воин	
воинъ	вид подати	
воиньскꙑи	воинский	
воиньство	воинство	
воиньствовати	бороться	
воиска	война	
воискꙑи	военный	
воити	войти	
воитъ	войт	
Вокульскій	Вокульский; фамилия	
волити	хотеть	
волкодавъ	волкодав	
волмина	место, поросшее кустарником	
волненіе	волнение	
волнистой	вариант волнистый	
волнующійся	волнующийся	
воловей	вариант воловій	
воловина	мясо вола	
воловьнъ	воловий	
воловьнꙑи	воловий	
воловій	воловий	
волога	сметана	
володь	волосы	
володѣниѥ	владение	
володѣти	владеть	
володꙑи	причастие от волости	
волокита	проволочка	
волокъ	волок	
волосатой	вариант волосатый	
волосовъ	прилагательное от волосъ	
волостка	уменьшительное от волость	
волость	власть	
волостьнꙑи	прилагательное от волость	
волостєлинъ	властелинский	
волостєль	правитель	
волостєльскꙑи	прилагательное от волостєль	
волостєлєвъ	прилагательное от волостєль	
волосъ	анат. волос	
волосъ	шерсть животного	
волосꙑни	созвездие Плеяд	
волотъ	великан	
волочанинъ	живущий на волоке	
волочанꙑи	крытый	
волочи	волочить	
волочити	тащить	
волочищє	место, где ловят рыбу волоком	
волочєкъ	название города	
волощанꙑ	жители волости	
волха	ольха	
волчей	вариант волчій	
волчецъ	волчец	
волчій	вариант волчий	
волъ	вол	
вольной	вариант вольный	
вольнъ	вольный	
волѣ	вариант волꙗ	
волѥ	давайте	
волѧ	воля	
волѹхъ	погонщик	
волꙗ	воля	
волꙗ	стремление, желание	
волꙗ	насилие	
воньже	в который	
воньзнꙋти	вонзить	
вонѧти	пахнуть	
вонꙗ	благовоние	
вонꙗти	благоухать	
вооруженіе	вооружение	
вопиющій	вопиющий	
воплотивыйся	воплотившийся	
вопрошавшій	вопрошавший	
вопрошающій	вопрошающий	
ворвався	дееприч. от ворваться	
ворвонь	род животного	
ворворка	подвижный шарик на шнурке, прикрепляемый к кистям	
ворвясь	дееприч. от ворваться	
ворканиѥ	воркование	
воробии	воробей	
воробиинъ	воробьиный	
воробиѥвъ	воробьиный	
воробъ	крестовина из брёвен для устройства шатра	
вороватой	вариант вороватый	
ворогъ	враг, недруг, противник || военный противник, неприятель	
ворожа	ворожба	
ворожити	волхвовать	
ворожьбитъ	враг	
ворожьда	вражда	
ворожьство	неприязнь	
ворожєниє	колдовство	
ворожєниѥ	колдовство	
ворожєꙗ	ворожея	
вороней	вариант вороній	
воронъ	ворон	
воронъграи	пение ворона	
вороній	вороний	
воронꙑи	чёрный	
воропъ	нападение	
воропьць	уменьшительное от воропъ	
ворота	ворота	
воротившій	воротивший	
воротити	возвратить	
воротища	место, где были ворота	
вороть	шея	
воротьниковъ	прилагательное от воротьникъ	
воротьникъ	воротник	
воротьницкии	воротниковый	
воротьнꙑи	прилагательное от ворота	
воротьца	уменьшительное от ворота	
ворочати	возвращать	
воръ	вор	
восклицающій	восклицающий	
воскресеніе	воскресение	
воскресившій	воскресивший	
воскрешающій	воскрешающий	
воскуряющій	воскуряющий	
воскъ	воск	
восмьнадцать	восемнадцать	
воспаленіе	воспаление	
воспитавшій	воспитавший	
воспитаніе	воспитание	
воспица	крюковой знак	
восполненіе	восполнение	
воспоминаніе	воспоминание	
воспѣвающій	воспевающий	
воставый	восставший	
востокъ	восток	
востопити	разогреть	
вострꙑи	заострённый	
восхватити	отнять	
восхитивый	восхитивший	
восхищеніе	восхищение	
восходящій	восходящий	
восхожденіе	восхождение	
восхотѣвый	прич. от восхотѣть	
восшатався	дееприч. от восшататься	
восшатавыйся	прич. от восшататься	
восшататься	подняться	
восьмый	вариант восьмой	
восє	вот	
вотнина	вотчина	
вото	вот	
вотола	род ткани	
вотчина	родина	
вотꙑ	римский языческий праздник	
воурилъ	минер. берилл	
воцарившійся	воцарившийся	
вощага	дубина	
вощага	плеть	
вощина	восковая ячейка в улье	
вощєчьнѧ	воскобойня	
воюющій	воюющий	
воѥвати	разорять	
воѥвати	воевать	
воѥвода	военачальник	
воѥвода	правитель, владыка	
воѥводити	быть военачальником	
воѥводовати	быть предводителем	
воѥводьскъ	правительский	
воѥводьство	должность военачальника	
воꙁъ	повозка	
врабии	орнитол. воробей	
вравиꙗ	награда	
врагъ	враг	
врагѹша	лихорадка	
враждовавшій	враждовавший	
вражии	вражеский	
вражьда	зло	
вражьдовати	быть во вражде	
вражьдьникъ	враг	
вражькъ	овражек	
вражьскы	вражески	
вражьскꙑ	вражески	
вражєниѥ	гадание	
вразумленіе	вразумление	
вразумляющій	вразумляющий	
вранъ	ворон	
врапъ	насилие	
врапѣти	усилиться	
враска	морщина	
враскавꙑи	морщинистый	
врата	ворота	
вратарица	привратница	
вратарь	привратник	
вратило	шест	
вратити	обернуть	
вратити сѧ	обернуться	
вратъ	колесо	
вратъкъ	неустойчивый	
вратьникъ	привратник	
врахъ	ворох	
врачеваніе	врачевание	
врачилиꙗ	лекарства	
врачь	лекарь	
врачь	врач	
врачьба	лечение	
врачьба	врачевание	
врачьбьно	целительно	
врачьбьнъ	врачующий	
врачєвати	врачевать	
врачєвъ	врача	
врачєвьнъ	врачебный	
врачєвьскъ	врачей	
вращаяй	церк.-слав. вращающий	
вредити	повреждать	
вринꙋти	бросить	
връхосъ	разновидность нелетающей саранчи	
врьба	верба	
врьбиѥ	вербы	
врьбьница	Вербное воскресенье	
врьвь	верёвка	
врьжєниѥ	бросок	
врьста	сверстники	
врьтоградарь	садовник	
врьтоградъ	сад	
врьтъ	сад	
врьтъпоградъ	сад	
врьтъпъ	вертеп	
врьховьнъ	верховный	
врьхъ	верх	
врьхѹ	наверху, сверху	
врьхѹ	на (), поверх ()	
врьхѹ	над ()	
врѣдити	вредить	
врѣдити	повредить	
врѣдовьнꙑи	вредный	
врѣдъ	язва	
врѣждати	вредить	
врѣждєниѥ	повреждение	
врѣменьно	временно, на время	
врѣмєньно	временно	
врѣмєньнъ	переходящий	
врѣмѧ	пора	
врѣмѧ	время	
врѣти	колебаться	
врѣтищє	мешок	
врѣшти	бросить	
врѣщи	бросить	
всадникъ	всадник	
всевидящій	всевидящий	
всевышній	всевышний	
всегдашній	всегдашний	
всезряй	всезрящий	
всеисцѣляющій	всеисцеляющий	
всемирной	вариант всемирный	
всемогущій	всемогущий	
всеоружіе	всеоружие	
всепожирающій	всепожирающий	
всепомышляяй	всепомышляющий	
всесожженіе	всесожжение	
всесокрушающій	всесокрушающий	
вскорѣ	вскоре	
вслушаючись	дееприч. от вслушаться	
встрѣтившись	дееприч. от встрѣтиться	
встрѣтить	встретить	
встрѣтиться	встретиться	
встрѣчающійся	встречающийся	
вступавшій	вступавший	
вступающій	вступающий	
всякій	всякий	
всѣ	все	
втекающій	втекающий	
вторгающійся	вторгающийся	
вторичной	вариант вторичный	
вторникъ	вторник; второй день недели; день, следующий за понедельником	
втунѣ	втуне	
входъ	вход	
входящій	входящий	
вхожденіе	вхождение	
вшивой	вариант вшивый	
въ	внутрь чего-либо (предмета или места)	
въ	на поверхность чего-либо (предмета)	
въ	через, сквозь чего-либо	
въбивати	вбивать	
въбити	вбить	
въблаговолити	возлюбить	
въбости	оттеснить	
въбрєсти	войти в брод	
въбѣгати	вбегать	
въбѣгнѫти	вбежать	
въбѣгнꙋти	вбежать	
въвалити	ввергнуть	
въваꙗти	вырезать на чём-либо	
въвлачити	втягивать	
въвлѣшти	втащить	
въвлѣщи	втащить	
въводити	вводить	
въводѧ	вводящий	
въвозити	ввозить	
въволити	?	
въволочити	доставить волоком	
въврѣти	воткнуть	
въврѣшти	бросить	
въврѣщи	бросить	
въвъ	вариант въ	
въвєдєниѥ	гостеприимство	
въвєрєчи	бросить	
въвєсти	ввести	
въвѣрити	доверить	
въвѣсити	опустить внутрь чего-либо	
въвѣсити	повесить внутрь	
въвѣꙗти	вдуть	
въвѧзати	завязать	
въгажданиѥ	служение	
въгаждати	угождать	
въглашєниѥ	наставление	
въглѫбити	вонзить	
въгнѣждати сѧ	гнездиться	
въгодити	угодить	
въгодьникъ	угодник	
въгонити	вогнать	
въгораживати	включать в городьбу	
въгородити	вгородить	
въгрьмѣти	?	
въгрєсти	войти на весельных судах	
въгрѧсти	устремиться	
въгрꙋзити	погрузить	
въдавати	давать	
въдалѣ	дальше	
въдалꙗ	далее	
въдарити	ударить	
въдати	позволять	
въдати	отдать	
въдаꙗти	отдавать	
въдварꙗти сѧ	водворяться	
въдворити сѧ	водвориться	
въдидъ	удод	
въдова	вдова	
въдова	вариант вьдова	
въдововати	вдовствовать	
въдовьць	вдовец	
въдразити	водрузить	
въдробити	раздробить	
въдрѫжати	водружать	
въдрѫжити	водрузить	
въдрꙋжити	воздвигнуть	
въдрꙋчити	?	
въдъхнѫти	вдохнуть	
въдъхнꙋти	вдохнуть	
въдьргꙑвати	дёргать	
въдьрнꙋти	втащить	
въдѣти	вдеть	
въдѣти	вложить	
въдѹнѫти	вдохнуть	
въдѹшити	вселить душу	
въдꙋнꙋти	вдунуть	
въдꙑхати	вдыхать	
въдꙑшаниѥ	вдыхание	
въжагати	зажигать	
въжгєлѣти	пожелать	
въждєлѣти	желать	
въждєлѣти	возжаждать	
въждѣти	вложить	
въждѧдати	почувствовать жажду	
въжизати	зажигать	
въжиꙃати	зажигать	
въжєлѣти	вожделеть	
въжєщи	возжечь	
възавидѣти	позавидовать	
възбивати	обращать в бегство	
възбити	ударить	
възбиꙗти	ударять	
възблистати	заблистать	
възблꙋдити	впасть в заблуждение	
възболѣти	заболеть	
възборонивати	возбранять	
възборонити	отговорить	
възбороти	побороть	
възбѣсити	привести в бешенство	
възбѹдити	разбудить	
възвалити	взвалить	
възварити	заварить	
възварꙗти	кипеть	
възвить	барыш	
възвласти	господствовать	
възводити	поднимать	
възволочити	распускать	
възвонити	зазвонить	
възворотити	возвратить	
възврѣти	вскипеть	
възвєлѣти	приказать	
възвєсти	поднять	
възвѣсити	взвесить	
възвѣстити	сообщить	
възвѣꙗти	начать веять	
възвѧзати	завязать	
възвꙑти	взвыть	
възглавьница	подушка	
възглаголивꙑи	клевещущий	
възгласити	громко произнести	
възгнѣтити	возбудить	
възговорити	донести	
възголовиѥ	изголовье	
възградити	построить	
възградъ	подвижная башня	
възгрьмѣти	загреметь	
възгрєбати	выкапывать	
възгъбати	откинуть	
възгънꙋти	отвернуть	
възгърдѣти	возгордиться	
въздавати	воздать	
въздати	воздать	
въздаꙗти	отдать	
въздвигъ	Воздвижение	
въздвизати	поднимать	
въздоити	вскормить	
въздоровиѥ	здоровье	
въздорожити	поднять цену	
въздравати	?	
въздрадовати	обрадовать	
въздразити	возразить	
въздразнити	?	
въздрастити	увеличить	
въздринꙋти	отогнать	
въздъхнꙋти	вздохнуть	
въздьржальливꙑи	воздержанный	
въздьржаньно	воздержно	
въздѣвати	поднимать	
въздѣлати	возделать	
въздѣти	воздеть	
въздꙋнꙋти	вдохнуть	
въздꙑмати	поднимать	
въздꙑхати	вздыхать	
въззвѣрити	сделать зверем	
възлетѣти	взлететь	
възливати	наливать	
възложити	возложить	
възломити	сломать	
възлюбити	возлюбить	
възлєжати	возлежать	
възлєтѣти	взлететь	
възлєчи	возлечь	
възлꙑсина	залысина	
възможимꙑи	причастие от възмощи	
възмълвити	говорить	
възмьздити	вознаградить	
възмьстити	отомстить	
възмєтати	взметнуть	
възмѧсти	расстроить	
възмꙋтити	возмутить	
възникнꙋти	возникнуть	
възносити	возносить	
възнєнавидѣти	возненавидеть	
възнєсти	вознести	
възнєѹмѣти	прийти в недоумение	
възобидѣти	обидеть	
възорокъ	видение	
възоръ	взгляд	
възрастити	возрастить	
възрасть	возраст	
възрѣꙗти	?	
възъ	вместо	
възъвати	позвать	
възъгнѣтити	возбудить	
възьрѣти	взглянуть	
възѹмѣти	постичь	
възѹншина	польза	
възѹстити	заткнуть рот	
възꙑвати	созывать	
въиньно	навсегда	
въкладати	влагать	
въкладка	вкладка	
въкладꙑвати	накладывать	
въключимꙑи	причастие от въключити	
въкопати	вкопать	
въкорєнити	укоренить	
въкраина	окраина	
въкѹпъ	вместе, совместно	
въкѹпъ	одновременно	
въкѹпѣ	вместе	
въкѹпѣ	одновременно	
въкѹсити	попробовать	
въкѹсъ	вкус	
въкѹшати	пробовать	
въкѹшь	вкус	
въкѹшєниѥ	пробование	
въкꙑсати	закваситься	
въкꙑснѫти	закваситься	
въкꙑснꙋти	?	
въкꙑсѣти	закваситься	
вълагалищє	сума	
вълагати	влагать	
вълагати	класть	
вълазати	входить	
вълазъ	вход	
вълаꙁити	входить	
вълаꙗти	колебаться	
вългъкꙑи	влажный	
въливати	вливать	
вълити	влить	
вълитиѥ	возлияние	
вълкъ	зоол. волк (Canis lupus)	
вълкъ	перен. о еретике	
вълна	волна, водяной вал	
вълна	мн. ч. кровельная черепица	
вълна	шерстяной покров животных; шерсть для прядения	
вълновати	волновать	
въложити	вложить	
въложєниѥ	вложение	
вълснꙋти	заикаться	
вълховати	колдовать	
вълшьство	колдовство	
вълъсть	волость	
въльстити	обмануть	
вълюбити	полюбить	
вълєжати	быть на лицо	
вълєчи	улечься	
вълѣпити	влепить	
вълѣсти	войти	
вълꙑ	медленно	
въмъкнꙋти	втянуть	
въмєсти	закинуть	
въмєтати	вбросить	
въмѣнити	засчитать	
въмѣнити	вменить	
въмѣрити	унизить	
въмѣсити	смешать	
въмѣстити	вместить	
въмѣтати	бросать	
въмѣщати	вмещать	
въмꙑкати	поглощать	
вън	вариант въ	
вънезаапѫ	вдруг, внезапно, неожиданно	
въникнꙋти	вникнуть	
вънисти	вонзить	
вънити	войти	
въносити	вносить	
въношивати	вносить	
въноꙁити	вонзить	
вънукъ	внук	
вънъ	наружу, вон	
вънъ	из	
въньзнꙋти	вонзить	
вънєвѣдꙑ	не зная	
вънєвѣстити	обручить	
вънєсти	нанести	
вънєсти	внести	
вънєсєниѥ	Введение	
вънѣ	вне	
вънѣ	вне, снаружи	
вънѣ	перен. из	
вънѣѭдѣ	вне	
вънѣѭдѹ	снаружи	
вънѣѭдѹ	вне	
вънѥгда	когда	
вънѧти	внять	
вънѫтрь	внутрь	
вънѫтрь	внутри	
вънѫтрьѭдѹ	внутри	
вънѫтрьѭдѹ	внутрь	
вънѫтрьѭдѹ	среди	
вънѹкъ	внук	
вънѹшити	внушить	
вънѹшити	услышать	
въображати	уподоблять	
въобразити	вообразить	
въобраꙁити	уподобить	
въпадати	впадать	
въпадєниѥ	впадение	
въпасти	пропасть	
въпасти	впасть	
въписꙑвати	вписывать	
въпити	кричать	
въплътити	воплотить	
въплъчити	построить (войско)	
въплъчєниѥ	построение	
въплъщєниѥ	воплощение	
въпль	вопль	
въпль	крик	
въправьдити	оправдать	
въпрашаниѥ	вопрос	
въпрашати	спрашивать	
въпрашати	вопрошать	
въпросити	спрашивать	
въпросити	спросить	
въпросъ	дело	
въпросъ	вопрос	
въпрошєниѥ	просьба	
въпрѣкы	против, наперекор	
въпрѣкꙑ	против	
въпрѣти	упереть	
въпрѣтити	запретить	
въпрѧмити	вперить	
въпрѧмо	прямо	
въпрѧщи	впрячь	
въпьсати	вписать	
въпєрити	окрылить	
въпѹстити	впустить	
въразити	ударить	
въразѹмѣти	постигнуть	
въраꙁѹмити	вразумить	
въринꙋти	бросить	
въркочь	убранная женская коса	
върокъ	урок	
върѣꙗти	ввергать	
върѧдити	причислить	
върѧждєниѥ	порядок	
върѫчити	вручить	
върꙋчити	вручить	
въсадити	посадить	
въсиꙗти	засиять	
въсиꙗти	воссиять	
въскакати	вскакивать	
въскладати	класть	
въскладати	возлагать	
въскладꙑвати	накладывать	
въскланꙗти сѧ	выпрямляться	
въскласти	положить	
въскласти	возложить	
въскликновєниѥ	клики	
въскликнѫти	воскликнуть	
въскликнꙋти	воскликнуть	
въсклицаниѥ	клики	
въсклицати	восклицать	
въсклонити	выпрямить	
въсклонѥниѥ	выпрямление	
въсклопотати	хлопать	
въсколоти	уничтожить	
въсколѣбати	поколебать	
въскомлѣти	возвращаться	
въскопавати	выкапывать	
въскопати	вскопать	
въскоромолити	начать мятеж	
въскочити	вскочить	
въскочити	выскочить	
въскраи	возле	
въскрамолити	восстать	
въскрамоловати	восстать	
въскрилити	окрылить	
въскрилиѥ	край	
въскричати	вскричать	
въскропити	окропить	
въскръмити	воспитать	
въскрьсати	воскресать	
въскрьсновєниѥ	воскресение	
въскрьснѫти	воскреснуть	
въскрьснꙋти	воскреснуть	
въскрьсєниѥ	воскресение	
въскрѣсити	воскресить	
въскрѣсьнъ	к воскресению относящийся	
въскрѣшати	воскрешать	
въскрѣшєниѥ	воскрешение	
въскрꙑвати	взметать	
въскрꙑти	вскрыть	
въскърбити	удручить	
въскърбѣти	опечалиться	
въскѫѭ	почему, зачем, для чего	
въскꙑнꙋти	вскинуть	
въскꙑпѣти	вскипеть	
въскꙑсати	закваситься	
въскꙑснѫти	закваситься	
въскꙑсѣниѥ	заквашивание	
въскꙑсѣти	закваситься	
въскꙑтаниѥ	?	
въславити	восславить	
въславлꙗти	восславлять	
въсладѣти	подсластить	
въсланꙗти сѧ	опираться	
въслаплꙗти	удерживать	
въслѣдити	следовать	
въслѣдовати	следовать	
въслѣдьствовати	следовать	
въслѣпати	струиться	
въсмиꙗти сѧ	засмеяться	
въсмьрдѣти	просмрадиться	
въспалити	разжечь	
въспарити	взлетать	
въсписаниѥ	подпись	
въспитаниѥ	домашний скот	
въспитати	воспитать	
въспитѣти	вскормить	
въсплакати	заплакать	
въспланѫти сѧ	воспламениться	
въсплашити	всполошить	
въсплащєниѥ	расплата	
въсплюнѫти	плюнуть	
въсплєскати	начать рукоплескать	
въсподѣꙗти	отказать	
въсполохъ	переполох	
въсполошьнꙑи	прилагательное к въсполохъ	
въспоминаниѥ	воспоминание	
въспоминати	напоминать	
въспоминовати	вспоминать	
въспомѣнѫти	вспомнить	
въспомѧнѫти	напомнить	
въспомѧнꙋти	вспомнить	
въспопльꙁєниѥ	скольжение	
въспориѥ	спор	
въспоръ	подпора	
въспосълати	ниспослать	
въспрашати	спрашивать	
въсприимати	получать	
въсприносити	возвращать	
въсприобидѣти	презреть	
въсприѩти	получить	
въспросити	спросить	
въспросити	попросить	
въспросъ	вопрос	
въспрѣтити	запретить	
въспрѣтити	укорить	
въспрѣщєниѥ	угроза	
въспрѧзати	запрягать	
въспрѧнѫти	проснуться	
въспрѧнꙋти	воспрянуть	
въспрѧтати	остановить	
въспѣвати	воспевать	
въспѣвати	петь	
въспѣти	воспеть	
въспѣтиѥ	пение	
въспѣшьно	с успехом	
въспѧтити	возвратить	
въспѧть	назад	
въспѧть	вспять, назад	
въспѹстити	произносить	
въспѹстити	запеть	
въспꙑтаниѥ	сомнение	
въспꙑтати	попытаться	
въсрашати	поднимать	
въсрьхлꙑи	?	
въставати	подниматься	
въставати	вставать	
въставити	восстановить	
въставити	поднять	
въставитєль	виновник	
въставлѥниѥ	воскрешение	
въставлꙗти	возбуждать	
въставлꙗти	воскрешать	
въстанивъ	ревностный	
въстаниѥ	воскрешение	
въстаниѥ	воскресение	
въстати	встать	
въстаꙗти	подниматься	
въстворити	совершить	
въстирати	тереть	
въстлапити	смирить	
въстокъ	восток	
въстокъ	восхождение, подъём	
въстопити	разогреть	
въсточивъ	бешеный	
въсточьнъ	восточный	
въстрокотати	?	
въстръгати	вырывать	
въстръгнѫти	вырвать	
въстрьꙃати	срывать	
въстрѣча	противоречие	
въстрѧсти сѧ	затрепетать	
въстрѫбити	затрубить	
въстрꙋбити	затрубить	
въстъкнѫти	всунуть	
въстъкнꙋти	воткнуть	
въстъргнꙋти	дёрнуть	
въстъргъ	забытье	
въстьргнꙋти	подтянуть	
въстєклꙑи	бешеный	
въстєнати	застонать	
въстѧгнѫти	взнуздать	
въстѧзати	поднимать	
въстѧꙃати	взыскивать	
въстѫжити	оказаться в страдании	
въстꙋжити	загоревать	
въстꙋпити	вступить	
въстꙑкати	поддевать остриём	
въсхвалити	восхвалить	
въсхвалити	возблагодарить	
въсхвалꙗти	восхвалять	
въсхватити	схватить	
въсхватити	похитить	
въсхлащєниѥ	укрощение	
въсхлѫпати	начать просить милостыню	
въсходити	восходить	
въсходъ	лестница	
въсходѧ	въсходити	
въсхождєниѥ	подъём	
въсхотѣти	захотеть	
въсхꙑтати	похищать	
въсхꙑтити	увести	
въсхꙑтити	похитить	
въсхꙑщати	хватать	
въсхꙑщьникъ	похититель	
въсхꙑщєниѥ	грабёж	
въсчаꙗти	ожидать	
въсчьсти	посчитать	
въсшєгати	издеваться	
въсълати	послать	
въсєлити	вселить	
въсєлѥниѥ	жилище	
въсєлѥньскъ	вселенский	
въсєлꙗти	вселять	
въсѣдѣти	оставаться в доме умершего мужа (о вдове	
въсѣсти	сесть на что-то	
въсѣсти	сесть	
въсѣти	посеять	
въсѣꙗти	посеять	
въсѹчити	засучить	
въсѹѥ	напрасно, без пользы, всуе	
въсꙋдити	осудить	
въсꙑлати	воссылать	
въсꙑлати	присылать	
въсꙑлати	направлять	
въсꙑнѥниѥ	усыновление	
въсꙑнꙗти	слагать	
въсꙑпати	всыпать	
вътворити	сделать	
въторицеѭ	вторично, (во) второй раз	
въторопьрвꙑи	второй первый	
вътороѥ	во-вторых, вторично, (во) второй раз	
въторъ	второй	
въторьникъ	вторник	
въторꙑи	второй	
вътрь	кузнец	
вътъкати	воткнуть	
вътєчи	втечь	
вътѣха	утешение	
въхватити	присоединить	
въходимꙑи	доступный	
въходити	входить	
въходъ	вход	
въходьнъ	входной	
въходѧ	въходити	
въхождєниѥ	приход	
въхотѣти	?	
въцѣсарити сѧ	воцариться	
въчало	начало	
въчастокъ	участок	
въчинити	поместить	
въчинити	причислить	
въчисти	причислить	
въчловѣчєниѥ	вочеловечение	
въчѧло	начало	
въчѧти	начать	
въши	уши	
въшь	вошь	
въшьствиѥ	вознесение	
въшѹмѣти	зашуметь	
въѣздити	ездить	
въѹмѣлѣти	?	
въꙁ	на	
въꙁаконити	сделать законом	
въꙁакониѥ	закон	
въꙁбити	ударить себя в грудь	
въꙁбоꙗти сѧ	испугаться	
въꙁбранити	помешать	
въꙁбранꙗти	препятствовать	
въꙁбънѫти	пробудиться	
въꙁбѣсити	привести в исступление	
въꙁбѣшєниѥ	исступление	
въꙁбѹдити	разбудить	
въꙁбѹждати	будить	
въꙁбѹꙗниѥ	росток	
въꙁвалити	привалить	
въꙁварити	довести до кипения	
въꙁвитиѥ	прибыль	
въꙁводити	поднимать	
въꙁвратити	возвратить	
въꙁвращати	возвращать	
въꙁвращєниѥ	возвращение	
въꙁврѣшти	накинуть	
въꙁвєличати	славить	
въꙁвєличити	восславить	
въꙁвєсєлити	порадовать	
въꙁвѣстити	сообщить	
въꙁвѣщати	рассказывать	
въꙁвѣщєниѥ	сообщение	
въꙁвѣꙗниѥ	веяние	
въꙁвѣꙗти	повеять	
въꙁвѧꙁати	завязать наверх	
въꙁвꙑсити	возвысить	
въꙁвꙑшєниѥ	гордыня	
въꙁгарати сѧ	возгораться	
въꙁглавьница	подушка	
въꙁгласити	возгласить	
въꙁглашати	кричать	
въꙁглашєниѥ	возглас	
въꙁгнѣтити	разжечь	
въꙁградити	построить	
въꙁграждати	укреплять	
въꙁграждєниѥ	укрепление	
въꙁгръдѣниѥ	гордыня	
въꙁданиѥ	воздаяние	
въꙁдати	дать	
въꙁдатєль	воздатель	
въꙁдаꙗти	воздавать	
въꙁдвигнѫти	воздвигнуть	
въꙁдвигъ	Воздвижение	
въꙁдвижєниѥ	поднятие	
въꙁдвиѕати	поднимать	
въꙁдвиꙃати	поднимать	
въꙁдирати	раздирать	
въꙁдрасти	вырасти	
въꙁдрастити	вырастить	
въꙁдрастєниѥ	возрастение	
въꙁдращати	взращивать	
въꙁдраꙁити	удержать	
въꙁдринѫти	повалить	
въꙁдръваниѥ	вырывание	
въꙁдрьжаниѥ	благочестие	
въꙁдрьжати	удерживать	
въꙁдрѹти	взреветь	
въꙁдрꙑдати	зарыдать	
въꙁдъхнѫти	вздохнуть	
въꙁдьрати	вырвать	
въꙁдѣлати	возделать	
въꙁдѣти	поднять	
въꙁдѣꙗти сѧ	воздеваться	
въꙁдѹнѫти	сильно дунуть	
въꙁдѹхъ	воздух	
въꙁдѹшьнъ	воздуха	
въꙁдꙑханиѥ	дыхание	
въꙁдꙑхати	вздыхать	
въꙁиманиѥ	припадок	
въꙁимати	получать	
въꙁирати	взирать	
въꙁисканиѥ	поиски	
въꙁискати	отыскать	
въꙁискатєль	тот, кто судит	
въꙁисковати	отыскивать	
въꙁити	взойти	
въꙁлагати	возлагать	
въꙁливати	возливать	
въꙁложити	возложить	
въꙁлюбити	возлюбить	
въꙁлюблѥникъ	любимый	
въꙁлюблѥниѥ	любовь	
въꙁлєшти	лечь	
въꙁлѣганиѥ	возлежание	
въꙁлѣсти	влезть	
въꙁмагати	быть в состоянии	
въꙁмошти	смочь	
въꙁмьꙁдиѥ	оплата	
въꙁмѣрити	отмерить	
въꙁмѣтати	взметать	
въꙁмѧсти сѧ	прийти в смятение	
въꙁмѫтити	привести в замешательство	
въꙁмѫщати	смущать	
въꙁмѫщениѥ	волнение	
въꙁмѫщєниѥ	движение	
въꙁникнѫти	воспрянуть	
въꙁнисти	насадить	
въꙁносити	возносить	
въꙁношєниѥ	жертва	
въꙁнєнавидѣти	возненавидеть	
въꙁнєсти	вознести	
въꙁнєсєниѥ	возвышение	
въꙁоръ	взор	
въꙁъваниѥ	призыв	
въꙁъвати	воззвать	
въꙁъпити	возопить	
въꙁьрѣниѥ	взгляд	
въꙁьрѣти	посмотреть	
въꙁѧти	взять	
въꙁꙑвати	взывать	
выборъ	выборы / перевод Н. Модзелевской, 1949 - НКРЯ	
выбѣжавшій	выбежавший	
выбѣлить	выбелить	
выгодной	вариант выгодный	
выгоняющій	выгоняющий	
выдавшійся	выдавшийся	
выдающій	выдающий	
выдающійся	выдающийся	
выдѣлывавшій	выделывавший	
выдѣлывать	выделывать	
выдѣти	вытянуть	
выздоровѣвшій	выздоровевший	
вызывающій	вызывающий	
выигравшей	вариант выигравшій	
выигравшій	выигравший	
выинѫ	постоянно, всегда	
выказывающій	выказывающий	
выкидышъ	выкидыш	
выкупъ	выкуп	
выпуклой	вариант выпуклый	
выражающій	выражающий	
выраженіе	выражение	
выразительной	вариант выразительный	
вырастающій	вырастающий	
выросшей	вариант выросшій	
выросшій	выросший	
вырѣзываючи	дееприч. от вырѣзывать	
высказавшій	высказавший	
высматривавшій	высматривавший	
высоко-царствуяй	прич. от высокоцарствовать	
высокой	вариант высокій	
высокомѣріе	высокомерие	
высокопарной	вариант высокопарный	
высокорослой	вариант высокорослый	
выспрь	вверх, вверху	
выступавшій	выступавший	
выступающій	выступающий	
высшей	вариант высшій	
высшій	высший	
вытекающей	вариант вытекающій	
вытекающій	вытекающий	
выходный	вариант выходной	
выходъ	выход	
выходящій	выходящий	
выхожденіе	выхождение	
вычетчи	дееприч. от вычесть	
выше	выше	
выше	над	
выше	больше, сверх	
вышней	вариант вышній	
вышній	вышний	
вь	вариант въ	
вьдова	вдова	
вьдовица	вдова	
вьрба	верба	
вьрпсти	грабить, рвать	
вьрста	верста	
вьртоградъ	сад	
вьртъ	сад	
вьртєжь	винт	
вьртѣти	крутить	
вьрховина	верхнее течение реки	
вьрховьникъ	глава	
вьрхотворьць	верховный творец	
вьрхотина	возвышенность	
вьрхъ	верх	
вьршити	завершить	
вьрѣти	кипеть	
Вьсеволодъ	мужское имя	
вьсегда	всегда, постоянно	
вьселичьскы	всячески, вообще	
вьсемогꙑ	всемогущий	
вьсесрьдь	от всего сердца, всем сердцем	
вьсь	весь	
вьсьде	всюду, везде	
вьсьде	всегда, во всех случаях	
вьсьжде	всюду, везде	
вьсьжде	всегда, во всех случаях	
вьсьцꙗ	деревушка	
вьсюдѣ	везде	
вьсєгда	всегда	
вьсєдрьжитєль	вседержитель	
вьсєдрьжитєльство	всевластие	
вьсєдѣтєль	создатель всего	
вьсєжєгомъ	полностью сжигаемый	
вьсєзлатꙑи	сияющий как золото	
вьсєзълꙑи	преисполненный зла	
вьсєличьно	всячески	
вьсєличьнѣ	всячески	
вьсєличьскꙑ	всячески	
вьсємилостивꙑи	преисполненный милосердия	
вьсємогꙑ	всемогущий	
вьсємогꙑи	всемогущий	
вьсєнощьнъ	всенощный	
вьсєнєпорочьнꙑи	непорочный	
вьсєплодьнъ	жертва, состоящая только из плодов	
вьсєсвѣтьлꙑи	божественный	
вьсєсъжєжєниѥ	жертва всесожжения	
вьсєтихꙑи	спокойный	
вьсєцѣлꙑи	не повреждённый	
вьсєщєдрꙑи	исполненный благости	
вьсѧкꙑи	весь	
вьсѧчина	всякое добро	
вьсѫдѣ	всюду, везде	
вьсѫдѹ	всюду, везде	
вьсꙗко	во всём, совсем, наверное	
вьсꙗмо	всюду, во все стороны	
вьсꙗчьскъ	всяческий	
вьсꙗчьскы	всячески	
вьсꙗчьскꙑ	всячески	
вьсꙗчьскꙑи	всякий	
вьчера	вчера	
вьчєра	вчера	
вьчєрашьнь	вчерашний	
вьючись	дееприч. от виться	
вьꙁѧтиѥ	получение	
вяжущій	вяжущий	
вязавшій	вязавший	
вєдомъ	ведомый	
вєдро	засуха	
вєдро	хорошая погода	
вєдъ	ведший	
вєдєнъ	ведённый	
вєламина	?	
вєливати	приказывать	
вєлии	большой	
вєликолѣпотиѥ	великолепие	
вєликосъдѣланиѥ	?	
вєликота	необычайно большая величина	
вєликъ	великий	
вєличавъ	надменный	
вєличавꙑи	величавый	
вєличаниѥ	надменность	
вєличати	восхвалять	
вєличити	прославлять	
вєличити	восхвалять	
вєличиѥ	величие	
вєличьскъ	величский	
вєличьство	величина; большой размер; количество	
вєличьство	величие, достоинство; знатное происхождение	
вєличьство	большая величина	
вєльбѫдъ	верблюд	
вєльбѫждь	верблюжий	
вєльгласьно	громогласно	
вєльгласьнъ	громогласный	
вєльгласьнѣ	громогласно	
вєльдарованиѥ	щедрое даяние	
вєльлѣпота	великолепие	
вєльлѣпъ	великолепный	
вєльрѣчивъ	хвастливый	
вєльрѣчєвати	превозноситься	
вєлємꙋдрꙑи	великодушный	
вєлєхвала	гордыня	
вєлѣниѥ	приказ	
вєлѣти	выражать волю	
вєлѣти	велеть	
вєньꙗминъ	Вениамин	
вєпрь	вепрь	
вєрблюдъ	верблюд	
вєрзати	вязать	
вєрига	цепь	
вєрижица	цепь	
вєръсавєꙗ	Вирсавия	
вєрєвъка	верёвка	
вєрєдити	вредить	
вєрємѧ	время	
вєрѣꙗ	запор	
вєсло	весло	
вєсна	весна	
вєсньнъ	весенний	
вєсньнꙑи	весенний	
вєсти	вести	
вєсти	везти	
вєсєлити	веселить	
вєсєлиѥ	веселье	
вєсєло	весело	
вєсєлъ	весёлый	
вєсєльнꙑи	весёлый	
вєсєлꙑи	радостный	
вєтъхость	ветхость	
вєтъхъ	древний	
вєтъшати	ветшать	
вєтъшина	свойство по различным значениям ветхий	
вєть	ветвь	
вєхть	ветошка	
вєчєръ	вечер	
вєчєрꙗ	ужин	
вєчєрꙗниѥ	ужин	
вєщь	вещь	
вєщьство	вещественность	
вѣвєричина	мясо веверицы	
вѣгласъ	опытный	
вѣдавши	дееприч. от вѣдать	
вѣдавъ	дееприч. от вѣдать	
вѣдать	ведать	
вѣдаючи	дееприч. от вѣдать	
вѣдая	дееприч. от вѣдать	
вѣдивꙑи	знающий	
вѣдии	знаток	
вѣдимꙑи	подлежащий ведению	
вѣдомость	извещение	
вѣдомственный	ведомственный	
вѣдомъ	известный	
вѣдро	кувшин	
вѣдро	ведро	
вѣдь	ведь	
вѣдѣ	ведь	
вѣдѣниѥ	познание	
вѣдѣніе	то же, что ведение; управление, сфера ответственности; знание, осведомлённость о ком-либо/чем-либо	
вѣдѣти	знать	
вѣдѣти	знать, ведать	
вѣдꙑ	знающий	
вѣжа	шатёр	
вѣжарь	служитель, работающий в веже	
вѣжда	веко	
вѣица	ветка	
вѣиѥ	ветви	
вѣиꙗ	ветвь	
вѣко	веко	
вѣкъ	век; столетие	
вѣкъ	век; протяжение жизни кого-либо или чего-либо	
вѣкъ	век; исторический период; эпоха	
вѣкъша	белка, в значении денежной единицы	
вѣкъшина	мясо белки	
вѣкъшица	уменьшительное от вѣкъша	
Вѣна	геогр. Вена	
вѣнецъ	венец	
вѣнити	продавать	
вѣно	плата	
вѣньць	венец	
вѣньцєдатєль	награждающий венцом	
вѣньчати	венчать	
вѣра	вера (во всех значениях)	
вѣра	вера	
вѣрити	верить	
вѣрить	верить	
вѣрный	верный	
вѣровавшій	веровавший	
вѣровати	веровать	
вѣровать	веровать	
вѣрьно	неизменно	
вѣрьно	с верой, веруя; верно, точно	
вѣрьно	с доверием	
вѣрьнъ	верный	
вѣрьнѣ	верно	
вѣрьствовати	верить	
вѣрющій	верющий	
вѣсившій	весивший	
вѣсити	висеть	
вѣстникъ	вестник	
вѣстоноша	вестник	
вѣстъникъ	вестник	
вѣсть	соглядатай	
вѣсть	весть	
вѣстьникъ	вестник	
вѣсъ	вес	
вѣтвиѥ	ветви	
вѣтвь	ветвь	
вѣтеръ	ветер	
вѣтии	оратор	
вѣтити	знать	
вѣтитєль	советник	
вѣтиꙗ	красноречие	
вѣтка	ветка	
вѣтрило	парус, ветрило	
вѣтрило	архит. парус (название архитектурной детали)	
вѣтръ	ветер	
вѣтръ	ветер, дуновение	
вѣтъ	договор	
вѣть	ветвь	
вѣтьскы	вымышленно	
вѣтьскꙑ	вымышленно	
вѣхъть	мочала	
вѣче	вече	
вѣчии	относящийся к вѣчє	
вѣчьно	вечно	
вѣчьнъ	вечный	
вѣчє	народное собрание в древней Руси	
вѣщавати	говорить	
вѣщаниѥ	голос	
вѣщати	говорить	
вѣщаяй	церк.-слав. вещающий	
вѣщица	колдунья	
вѣять	веять	
вѣꙗ	ветвь	
вѣꙗниѥ	веяние	
вѣꙗти	дуть	
вѣꙗти	веять	
вѣꙗтєль	веяльщик	
вѧзаниѥ	связывание	
вѧзати	вязать	
вѧзига	сухожилие из красной рыбы, сушёное для пищи	
вѧзити	вязнуть	
вѧзнꙋти	вязнуть	
вѧзчии	плата за связание	
вѧзъ	вяз	
вѧлꙑи	вяленый	
вѧше	больше, более	
вѧщьшина	превосходство	
вѧꙁати	вязать	
вѵли	Вулви	
вѵссонъ	виссон	
вѵфиниꙗ	Вифиния	
вѵꙁаньтиискъ	византийский	
вѹи	дядя по матери	
вѹсъ	виссон	
вꙋза	уза	
вꙑ	вы	
вꙑ	вариант въ	
вꙑбавити	избавить	
вꙑбити	вышибить	
вꙑбоичатꙑи	выбитый	
Вꙑборгъ	Выборг	
вꙑбѣгнꙋти	выбежать	
вꙑбѣжати	выбежать	
вꙑводити	выводить	
вꙑвозити	вывозить	
вꙑврѣшти	выбросить	
вꙑврѣщи	извергнуть	
вꙑвєрєчи	выбросить	
вꙑвєсти	увести	
вꙑвѣсити	взвесить	
вꙑгарь	выжженное место в лесу	
вꙑгладити	стереть	
вꙑгонити	изгнать	
вꙑгонити	выгонять	
вꙑгорѣти	сгореть	
вꙑгрєсти	вырыть	
вꙑгънати	выгнать	
вꙑдавати	выдавать	
вꙑдати	выдать	
вꙑдѣлити	выделить	
вꙑдѣти	вытянуть	
вꙑжєчи	выжечь	
вꙑзволити	освободить	
вꙑзꙑвати	вызывать	
вꙑкнѫти	привыкнуть	
вꙑкнꙋти	учиться	
вꙑкрасти	украсть	
вꙑкѹпати	выкупать	
вꙑкꙑнꙋти	выбросить	
вꙑложити	дать	
вꙑломити	выломить	
вꙑлєчи	оказаться	
вꙑмати	отнимать	
вꙑморшина	наследство	
вꙑмостити	покрыть плитой пол	
вꙑмєтати	выбросить	
вꙑмѧ	вымя	
вꙑмꙑти	вымыть	
вꙑнизати	вынимать из ножен	
вꙑникнꙋти	высунуться	
вꙑносити	выносить	
вꙑнєсти	вынести	
вꙑнєсти	извлечь	
вꙑобрѣсти	отыскать	
вꙑполаскꙑвати	выплёскивать	
вꙑправити	поправить дело	
вꙑпроводити	прогнать	
вꙑпросити	расспросить	
вꙑпѹстити	не удержать	
вꙑразити	вывихнуть	
вꙑринѫти	изгнать	
вꙑрꙋчити	освободить	
вꙑсадити	освободить	
вꙑсина	высота	
вꙑсити сѧ	возноситься	
вꙑскакати	выходить	
вꙑскочити	выскочить	
вꙑсоко	высоко	
вꙑсокомꙋдрꙑи	надменный	
вꙑсокотворити	поступать возвышенно	
вꙑсокъ	высокий	
вꙑсость	высота	
вꙑсота	высота	
вꙑсоцѣ	высоко	
вꙑсочє	высоко	
вꙑспрь	вверх	
вꙑспрьнъ	вышний	
вꙑстꙋпити	выступить	
вꙑсълати	выслать	
вꙑсь	высота	
вꙑсѣсти	встать с места	
вꙑсѣчи	уничтожить	
вꙑсѹлити	выкупить	
вꙑсꙑлати	высылать	
вꙑти	выть	
вꙑтъпътати	вытоптать	
вꙑтъргнꙋти	выдернуть	
вꙑть	участок земли, находившийся в пользовании или принадлежавший определённому хозяйству	
вꙑтьргнꙋти	вытащить	
вꙑтєклꙑи	вытекающий	
вꙑходити	выходить	
вꙑходъ	выход	
вꙑчьсти	прочитать	
вꙑчєниѥ	учение	
вꙑшина	высота	
вꙑшька	комната в верхней части дома	
вꙑшьнь	верхний	
вꙑшєгородъ	крепость на возвышенность близ города	
вꙑшєгородьць	уменьшительное к вꙑшєгородъ	
вꙑшєградъ	наименование города	
вꙑшєниѥ	возвышение	
вꙑщєкотати	пропеть	
вꙑѣздити	выезжать	
габаниѥ	притеснение	
габати	притеснять	
гавранъ	ворон или грач	
гавриилъ	Гавриил	
гагасъ	гигант	
гаданиѥ	загадка	
гаданьнꙑи	загадочный	
гадариньскъ	гадаринский	
гадательной	вариант гадательный	
гадати	гадать	
гадающій	гадающий	
гадити	порицать	
гадкой	вариант гадкій	
гадъ	нечистое животное	
гадъ	ползающее животное	
гадъка	предположение	
гадьнъ	отвратительный	
гадьнꙑи	пресмыкающийся	
гажда	?	
гаждаяй	прич. от гаждать	
гаждєниѥ	порицание	
гажєниѥ	хуление	
газа	сокровище	
газъ	сафьян	
гаи	лес	
гаина	оболочка	
гаитанъ	шнурок	
гаити	защищать	
галаадъ	Галаад	
галати	Галатяне	
галилєи	галилеянин	
галилєискъ	галилейский	
галилєꙗ	Галилея	
галилєꙗнинъ	галилеянин	
галити	радоваться	
галити	ликовать	
галица	галка	
галъка	галка	
галєниѥ	ликование	
галєꙗ	род судна	
гананиѥ	гадание	
гангрєна	гангрена	
гарантийной	вариант гарантийный	
гаръва	снасть для лова рыбы	
гарь	выжженное место в лесу	
гарѹсъ	шерстянаяткань	
гарꙑ	корабли	
гасити	гасить	
гаснь	от гадати	
гаснꙋти	погаснуть	
гатати	догадываться	
гатити	воодушевлять	
гать	плотина	
гашєниѥ	тушение	
гаща	нижнее платье	
гаꙗти	каркать	
гвоздъ	гвоздь	
гворъ	водяной пузырь	
гвоꙁдвии	гвоздь	
гвоꙁдии	гвоздь	
гвоꙁдь	гвоздь	
гда	когда	
гдѣ	где	
гдѹнꙗ	дыня	
геона	ад	
гербъ	герб	
гибкой	вариант гибкій	
гибнущій	гибнущий	
гипии	притяжательное прилагательное от гипъ	
гипсъ	коршун	
глава	анат. голова (часть тела человека, либо другого позвоночного животного или насекомого)	
глава	глава (раздел книги)	
главизна	глава	
главиꙁна	суть	
главной	вариант главный	
главотѧгъ	головная повязка	
главьнꙑи	главный	
глаголавшій	глаголавший	
глаголаниѥ	речь	
глаголати	говорить	
глаголивꙑи	говорящий	
глаголъ	слово	
глаголь	название буквы "Г"	
глагольникъ	переводчик	
глаголющій	глаголющий	
глаголяй	глаголющий	
глаголѧ	говорящий	
гладивъ	голодный	
гладивꙑи	ненасытный	
гладити	гладить	
гладкій	гладкий	
гладовати	голодать	
гладость	гладкость	
гладота	гладкое	
гладъ	голод (во всех значениях)	
гладъкъ	гладкий	
гладъцѣ	гладко	
гладьнꙑи	голодный	
гладьство	жадность	
гладѣти	прибавляться	
глазатꙑи	блеммии	
глазъ	глаз (во всех значениях)	
глазъкъ	шарик	
гласити	звать	
гласной	вариант гласный	
гласовати	звать	
гласъ	голос	
гласъ	глас	
глашати	звать	
глиньнъ	глиняный	
глиньнꙑи	глиняный	
глипати	осматриваться оборачиваясь	
глота	толпа	
глотающій	глотающий	
глубокій	глубокий	
глумленіе	глумление	
глупой	вариант глупый	
глухій	глухой	
глъбѣти	тонуть	
глътити	глотать	
глъхнꙋти	глохнуть	
глєзна	лодыжка	
глєкъ	сосуд	
глѣбати	внедрять	
Глѣбъ	Глеб; мужское имя	
глѣбѣти	внедряться	
глѣнъ	гной	
глѧдати	глядеть	
глѧдивꙑи	обжора	
глѧдѣти	смотреть	
глѫбина	глубина	
глѫбокъ	глубокий	
глѹбина	глубина	
глѹбь	глубина	
глѹмити	забавлять	
глѹмити сѧ	пустословить	
глѹмлѥниѥ	пустословие	
глѹмлꙗти сѧ	пустословить	
глѹмъ	болтовня	
глѹхъ	глухой	
глꙋбина	глубина	
глꙋбость	глубина	
глꙋбьнꙑи	глубинный	
глꙋбꙑни	глубина	
глꙑблѣ	глубже	
гнавшій	гнавший	
гнавшійся	гнавшийся	
гнатый	прич. от гнать	
гнафєи	белильщик	
гнила	глина	
гнилость	гниль	
гниль	гниль	
гнильство	гниль	
гнилꙑи	гнилой	
гнити	гнить	
гния	прич. от гнить	
гнои	гной	
гнои	гниль	
гноити	образовывать гниль	
гноищє	навозная куча	
гноищє	мн. ч. отбросы	
гнойной	вариант гнойный	
гноящійся	гноящийся	
гнушався	прич. от гнушаться	
гнушающійся	гнушающийся	
гнущійся	гнущийся	
гньсь	грязь	
гня	дееприч. от гнуть	
гнєсти	сжимать	
гнєсти	давить	
гнѣваниѥ	гнев	
гнѣвати сѧ	гневаться	
гнѣвающійся	гневающийся	
гнѣвивꙑи	раздражительный	
гнѣвинꙑи	вызывающий гнев	
гнѣвити	раздражать	
гнѣвити	гневить	
гнѣводьржаниѥ	злопамятство	
гнѣводьржиѥ	злопамятство	
гнѣводьржьць	злопамятный	
гнѣвъ	гнев; чувство сильного, яростного возмущения	
гнѣвъ	гнев	
гнѣвьливъ	злобный	
гнѣвьливꙑи	вспыльчивый	
гнѣвьнивꙑи	гневливый	
гнѣвьнообразьнꙑи	?	
гнѣвьнꙑи	гневный	
гнѣдꙑи	гнедой	
гнѣздо	гнездо	
гнѣздьнꙑи	вынутый из гнезда птенцом	
гнѣздящійся	гнездящийся	
гнѣсти	зажигать	
гнѣтити	зажигать	
гнѣꙁдити сѧ	гнездиться	
гнѣꙁдо	гнездо	
гнѹсьнꙑи	гнусный	
гнꙋсити	осквернять	
гобза	изобилие	
гобзина	изобилие	
гобина	изобилие	
гобино	изобилие	
гобь	изобилие	
гобьзина	изобилие	
гобьзити	насытить	
гобьзиѥ	изобилие	
гобьзовати	умножать	
гобьзѣти	процветать	
гобьꙃити	изобиловать	
говизьна	запас провианта	
говорившій	говоривший	
говорити	говорить	
говорити	шуметь	
говорити	говорить, болтать	
говорка	переговоры	
говорунъ	говорун	
говоръ	шум	
говоръ	гул	
говорящій	говорящий	
говьно	кал	
говяжей	вариант говяжій	
говяжій	говяжий	
говєдарь	волопас	
говѣинъ	богобоязненный	
говѣиньство	благочестие	
говѣниѥ	благочестие	
говѣти	благоговеть	
говѣти	быть набожным	
говѧдина	говяжье мясо	
говѧдо	крупный рогатый скот	
говѧждь	плеть	
гоголь	гоголь	
гоготати	гоготать	
гогѹлꙗ	?	
година	время	
годити	угождать	
годити	удовлетворять	
годной	вариант годный	
годовалой	вариант годовалый	
годовапль	шёлк	
годовати	удовлетворяться	
годъ	год; единица измерения времени, определяемая астрономически и равная периоду обращения планеты вокруг её звезды (в общем случае для Земли 365 или 366 дней)	
годъ	год	
годъ	время	
годьнъ	угодный	
годѣ	приятно	
годѣ	нравиться/понравиться, подходить/подойти ()	
гожєниѥ	угождение	
гоило	укрепление	
гоити	живить	
гоитъ	обманщик	
голиадъ	Голиаф	
голина	голая земля	
головастой	вариант головастый	
головьникъ	убийца	
головьничьство	плата, выплачиваемая убийцей родственникам убитого	
головьнꙑи	головной	
головьнꙗ	пожарище	
головьство	звание головы	
головьчинъ	?	
головьшина	убийство	
головьщина	плата с головы, то есть с человека	
головєнцє	передняя часть потника	
голодъ	голод	
голодьникъ	голодающий	
голодьнꙑи	голодный	
голой	вариант голый	
гололєдъ	гололёд	
голомєнь	плоская сторона клинка	
голомѧ	ствол дерева, не покрытый сучьями	
голомѧ	много	
голосистой	вариант голосистый	
голосити	громко звать	
голосъ	голос	
голота	бедный	
голоть	лёд	
голоꙋсꙑи	не имеющий усов	
голъ	голый	
голь	ветка	
голькъ	рукомойник	
голямо	рег. много	
голѣмо	много	
голѣмыи	большой	
голѣнь	голень	
голѧдь	голядь	
голѫбинъ	голубиный	
голѫбинь	голубицы	
голѫбь	орнитол. голубь	
голꙋбь	голубь	
голꙋбꙑи	голубой	
голꙑи	нагой	
гомола	ком	
гоморьскъ	гоморрский	
гомъзаниѥ	шевеление	
гомъзати	двигаться	
гонажати	избавлять	
гонатꙑ	члены человеческого тела	
гоненіе	гонение	
гонити	гнать	
гонитєль	преследователь	
гонитєль	гонитель	
гоножєниѥ	избавление	
гонозити	спасти	
гоноꙁити	спасти	
гончарной	вариант гончарный	
гончаръ	гончар	
гонъ	погоня	
гоньзати	избегать	
гоньзити	избавить	
гоньзнꙋти	убежать	
гоньсти	избавиться	
гоньць	гонец	
гонящійся	гонящийся	
гоняючись	дееприч. от гоняться	
гонєзъ	избавление	
гонєзєниѥ	избавление	
гонєниѥ	гонение	
гонєсти	избавиться	
гонєꙁнѫти	спастись	
гонѣти	быть достаточным	
гонѥниѥ	гонение	
гора	верх	
гораздьньствиѥ	опытность	
горбатой	вариант горбатый	
горбоносой	вариант горбоносый	
гордой	вариант гордый	
гордящійся	гордящийся	
гории	худший	
горина	горная страна	
горной	вариант горный	
горностаи	горностай	
горносталь	горностай	
горобовъзгрѣбаниѥ	разрытие могил	
городити	огораживать	
городищанинъ	горожанин	
городищє	место, где был город	
городъ	город	
городъ	город; сравнительно крупный населённый пункт с развитой административной, хозяйственной и культурной инфраструктурой	
городъкъ	городок	
городьникъ	строитель городских стен и мостов	
городьница	часть моста	
городьнꙑи	городской	
городьнꙗ	звено городской стены	
городьскꙑи	городской	
городьцискꙑи	городской	
городьць	городок	
городьчанинъ	житель города	
городьшиниць	?	
горожанинъ	житель города	
гороховой	вариант гороховый	
горохъ	горох	
горъка	горка	
горько	горько	
горькъ	горький	
горьница	горница	
горьнъ	горный	
горьнъка	горница	
горьскꙑи	горный	
горьцѣ	горько	
горьцѥ	горько	
горьшина	худьшее	
горюха	горчица	
горючей	вариант горючій	
горючій	горючий	
горюшьнъ	горчичный	
горюяй	горюющий	
горячей	вариант горячій	
горячій	горячий	
горящій	горящий	
горє	горе	
горєсть	горечь	
горѣ	наверх	
горѣ	вверх, горе	
горѣ	наверху, вверху	
горѣлка	горелка; простое хлебное вино	
горѣти	гореть	
горѣть	гореть	
горѧщина	жар	
горѹха	горчица	
господарь	господин	
господарꙑни	хозяйка	
господинъ	господин	
господинъ	хозяин	
господовати	господствовать	
господословити	называть Богом	
господствовавшій	господствовавший	
господь	господин	
господьскъ	господский	
господьство	господство	
господꙑни	госпожа	
госпожа	хозяйка	
госпожда	госпожа	
госпожька	принадлежащая госпоже	
гостина	гостеприимство	
гостиница	гостиница	
гостиньникъ	содержатель гостиницы	
гостиньница	гостиница	
гостиньць	широкая улица	
гостити	приезжать	
гостити	угощать	
гость	гость	
гостьба	пир	
гостьникъ	содержатель гостиницы	
государственной	вариант государственный	
готовати	готовить	
готовизьнина	запас	
готовити	готовить	
готовой	вариант готовый	
готовъ	готовый	
готовящійся	готовящийся	
гошити	делать	
грабежъ	грабёж	
грабити	грабить	
граблѥниѥ	грабёж	
грабєжь	грабёж	
градарь	садовник	
градина	сад	
градити	строить	
градищє	городище	
градоблюдиє	соблюдение порядка в городе	
градъ	град	
градъ	город	
градъкъ	городок	
градьникъ	гражданин	
градьникъ	житель	
градьница	?	
градьнꙑи	городской	
градьскъ	городской	
градьскы	публично	
градьскꙑ	публично	
градьскꙑи	городской	
градьць	городок	
гражанинъ	житель города	
гражати	?	
гражда	стойло	
гражданинъ	гражданин	
граждъ	стойло	
граждь	стойло	
граждь	конюшня	
граждєниѥ	постройка	
гражьць	мера жидкости	
граи	карканье	
граканиѥ	карканье	
гракати	каркать	
грамада	громада	
граматикъ	грамотный	
грамота	буква	
грамота	грамота	
грамотица	письмо	
гранитной	вариант гранитный	
грано	стих	
грановитꙑи	некруглый	
гранъ	стих	
граньскꙑи	прилагательное к грань	
графиꙗ	музыкальный знак	
грахованиѥ	робость	
грахъ	грех	
грачь	грач	
граꙗти	каркать	
грибный	вариант грибной	
грива	грива (животного)	
гривьна	денежная единица	
гривьнꙑи	шейный	
григоръ	Григорий	
гридинъ	княжеский воин	
гридити	служить в войске	
гримати	греметь	
гричь	пёс	
гробищє	могила	
гробию	совсем	
гроблꙗ	ров, окружающий город	
гробоздатєль	строитель гробниц	
гробопокръвєнꙑи	надгробный	
гробъ	яма	
гробъ	гроб	
гробъ	могила	
гробьнꙑи	относящийся к гробу	
грожєниѥ	дрожь	
гроза	гроза	
грозной	вариант грозный	
грозьно	страшно	
грозьнѣ	грозно	
грозьнꙑи	страшный	
громиѥ	кустарник	
громкой	вариант громкій	
громовъ	грома	
громъ	гром	
громъгласъ	громоголосый	
громьнꙑи	прилагательное от громъ	
грохотати	громко смеяться	
грохотъ	громъ	
грошь	грош	
гроꙁновиѥ	виноградные грозди	
гроꙁнъ	виноградная гроздь	
гроꙁьнъ	грозный	
грубой	вариант грубый	
Грузія	Грузия	
грустной	вариант грустный	
грушевой	вариант грушевый	
гръдость	надменность	
гръдъ	надменный	
гръдѣ	грозно, потрясающе	
гръдꙑни	гордыня	
гръждєниѥ	гордыня	
грълица	горлица	
гръмиѥ	кустарник	
гръмъ	куст	
гръсть	горсть	
грътань	гортань	
грызучи	дееприч. от грызть	
грь	виноградная ягода	
грьмъ	куст	
грьмѣти	греметь	
грьчьскъ	греческий	
грьчьскы	по-гречески	
грьчьскꙑ	по-гречески	
грядущій	грядущий	
грязной	вариант грязный	
грєбищє	могила	
грєблица	грабли	
грєбло	весло	
грєблꙗ	ров	
грєбсти	грести	
грєбьнь	гребень	
грєбьць	гребец	
грєбьчьскꙑи	гребцовый	
грєбєниньнꙑи	тканый из изгреби - льна низкого сорта	
грєбєниѥ	гребля	
грєздно	?	
грєзновиѥ	виноградные ягоды	
грєзнъ	виноградная ягода	
грємѣниѥ	гром	
грємѣти	греметь	
грєти	грести	
грѣвъ	грев	
грѣниѥ	согревание	
грѣсти	идти	
грѣти	согревать	
грѣховьнъ	греховный	
грѣхопадєниѥ	грех	
грѣхослѹжимꙑи	служащий греху	
грѣхотворєниѥ	?	
грѣхъ	грех	
грѣхъ	религ. грех, нарушение религиозных предписаний	
грѣхъ	вина	
грѣхъпаданиѥ	прегрешение	
грѣшити	ошибиться	
грѣшить	грешить	
грѣшникъ	грешник	
грѣшный	грешный	
грѣшьникъ	грешник	
грѣшьница	грешница	
грѣшьничь	грешника	
грѣшьнъ	грешный	
грѣшьнꙑи	грешный	
грѣющійся	греющийся	
грѣꙗти	греть	
грѧдѧ	вариант грѧдꙑ	
грѧдꙑ	грядущий	
грѧза	грязь	
грѧзивꙑи	топкий	
грѧзина	топкое место	
грѧзити	?	
грѧзнꙋти	погружаться	
грѧзь	тина	
грѧзьнꙑи	грязный	
грѧзѣти	погружаться	
грѧсти	идти	
грѧсти	грясти	
грѫбъ	необразованный	
грѫстокъ	печальный	
грѹда	глыба	
грѹдавꙑи	неровный	
грѹдивꙑи	шероховатый	
грѹдиѥ	кучи	
грѹдьнъ	ноябрь	
грѹдьнꙑи	неровный (о пути)	
грѹстость	бедствие	
грѹша	груша	
грꙋбити	грубить	
грꙋблєниѥ	умаление	
грꙋбо	невежливо	
грꙋбость	невежество	
грꙋбьникъ	невежа	
грꙋбьнꙑи	грубый	
грꙋбѣ	никчёмно	
грꙋбꙑи	непристойный	
грꙋбꙑни	грубость	
грꙋжєнꙑи	погрязший	
грꙋзило	подводное бревно	
грꙋзити	погружать	
грꙋзскꙑи	тяжёлый	
грꙋстити	опечалиться	
грꙋстоко	тяжело	
грꙋстость	бедствие	
грꙋстъкꙑи	горестный	
грꙋщєниѥ	малодушие	
грꙋщєнꙑи	печальный	
грꙑзаниѥ	ужаление	
грꙑсти	грызть	
губастой	вариант губастый	
губернія	то же, что губерния; основная административно-территориальная единица в России в XVIII - начале XX вв	
губернія	то же, что губерния; основная административно-территориальная единица в ряде стран	
гуляніе	гуляние	
гулящій	гулящий	
гуляючи	дееприч. от гулять	
гусячей	вариант гусячій	
гусячій	гусячий	
гъбаниѥ	изгибание	
гъбєжь	сгиб	
гълка	шум	
гълчаниѥ	крик	
гълькъ	кувшин	
гъмъзати	шевелиться	
гънати	гнать	
гънꙋти	сгибать	
гърбавьство	кривизна	
гърбавꙑи	горбатый	
гърбатꙑи	горбатый	
гърдивꙑи	высокомерный	
гърдити	гордиться	
гърдо	гордо	
гърдость	гордость	
гърдьнꙑи	жёсткий	
гърдѣ	гордо	
гърдѣниѥ	гордость	
гърдѣти	гордиться	
гърдꙑни	гордость	
гърло	анат. горло; гортань	
гърло	горло как место образования голоса; голос	
гърнило	горнило	
гърниль	горнило	
гърньць	горшок	
гърньчаръ	гончар	
гърнꙑль	горнило	
гърсть	горсть	
гєна	геена	
гєнисарєтьскъ	Генисаретский	
гєона	геена	
гєоньскъ	геены	
гєрбъ	герб	
гєръгєсиньскъ	гергесинский	
гєръманъ	Герман	
гєта	йота	
гєєна	геена	
гѫба	губка	
гѫгънивъ	гнусавый	
гѫсли	муз. гусли	
гѫсѣница	вид вредного насекомого	
гѹба	пагуба	
гѹбити	губить	
гѹбитєль	губитель	
гѹбитєльство	гибель	
гѹбєниѥ	гибель	
гѹмьно	гумно	
гѹна	одежда из кожи	
гѹсти	играть на струнном инструменте	
гꙋба	гриб	
гꙋдити	хулить	
гꙋдьба	музыка	
гꙋдьць	музыкант	
гꙋдєниѥ	музыка	
гꙋжєниѥ	гудение	
гꙋзно	бёдра	
гꙋсакъ	гусак	
гꙋстина	сплочение	
гꙋсь	гусь	
гꙑбати	погибать	
гꙑбати	гибнуть	
гꙑбнѫти	гибнуть	
гꙑбѣль	гибель	
гꙑбѣти	погибать	
гꙑжа	незрелый виноград	
гꙑрꙗ	тяжесть	
да	чтобы; для того, чтобы; ради того, чтобы	
да	что, чтобы	
давати	давать	
давешней	вариант давешній	
давешній	давешний	
давити	удушать	
давити	душить	
давлѥнина	мясо удавленного животного	
давней	вариант давній	
давнишней	вариант давнишній	
давнишній	давнишний	
давній	давний	
дався	прич. от даться	
давшій	давший	
давый	давший	
давьно	давно	
давьць	даритель	
давꙑвати	давать много раз	
дажє	если	
даивати	давать	
далече	далеко	
далече	долго	
далече	далеко от, мимо	
далина	долина	
даль	отдаление	
дальманѹфаньскъ	далмануфский	
дальматьскъ	далматинский	
дальней	вариант дальній	
дальній	дальний	
далєчь	долгий	
далѥ	дальше	
далꙗ	расстояние	
дамаскъ	Дамаск	
дамашка	адамашка	
данина	дар	
даница	данная, дарственная запись	
дарити	дарить	
даровавшій	даровавший	
дарованиѥ	дарение	
дарованіе	дарование	
даровати	дарить	
дарокъ	уменьшительное к даръ	
дароносимꙑи	приносящий добро	
дарующій	дарующий	
даръ	дар	
дарьствовати	даровать	
дарьствовати	давать	
дательной	вариант дательный	
дати	дать	
дативꙑи	служащий	
дать	даяние	
дать	дать	
датєль	податель	
датєль	даритель	
дача	дар	
дачька	дар	
даючи	дееприч. от дать	
дающій	дающий	
даяй	церк.-слав. дающий	
даꙗниѥ	даяние	
даꙗти	давать	
даꙗтєль	податель	
двадєсѧторо	двадцать числом	
двадєсѧть	двадцать	
двакратꙑ	дважды	
двалма	табунщик	
дванадєсѧть	двенадцать	
дващи	два раза, дважды	
двигати	двигать	
двигнѫти	двинуть	
движаниѥ	движение	
движеніе	движение	
движущійся	движущийся	
движьнꙑи	относящийся к движениям	
движєниѥ	движение	
двизати	воздвигать	
двинꙋти	двинуть	
двиꙃати	двигать	
дво	один из двух	
двогѹбꙑи	двойной	
двождꙑ	дважды	
двожєньць	двоеженец	
двои	два	
двомѣсѧчьникъ	двухмесячный	
дворъ	дом	
дворъ	двор	
дворьнꙑи	принадлежащий ко двору	
дворянинъ	дворянин	
двоящійся	двоящийся	
двоѥногꙑи	двуногий	
двьрь	дверь, ворота	
двьрьникъ	привратник	
двьрьница	привратница	
двьрьнꙑи	дверной	
двьрьскꙑи	дверной	
двьрьца	дверца	
двєковати	жевать жвачку	
двѣнадцать	двенадцать	
двѣсти	двести	
девяностой	вариант девяностый	
девяностолѣтній	девяностолетний	
девятой	вариант девятый	
девятьсотъ	девятьсот	
дежурной	вариант дежурный	
демонъ	мифол., религ. демон; в различных религиях — мифический злой дух	
денежной	вариант денежный	
деревянной	вариант деревянный	
державшій	державший	
держащій	держащий	
держащійся	держащийся	
держучи	дееприч. от держать	
дерзаяй	дерзающий	
дерзновеніе	дерзновение	
дешевой	вариант дешевый	
джентельменство	устар. то же, что джентльменство	
джентельменъ	джентльмен	
дивии	дикий	
дивити сѧ	удивляться	
дивлєниѥ	чудо	
диво	чудо	
диво	диво	
дивъ	диво, чудо	
дивъ	знамение, предзнаменование	
дивъ	изумление	
дивьно	удивительно	
дивьнѣ	дивно	
дии	Зевс	
дикєла	?	
дикій	дикий	
динарь	динар	
дионисъ	Дионисий	
дира	дыра	
дироватꙑи	дырявый	
дичина	мясо дикого зверя	
диꙗволь	дьявольский	
диꙗконъ	дьякон	
диꙗконьство	ектения	
диꙗкъ	дьякон	
длато	долото	
длинной	вариант длинный	
длъгослѹжиѥ	верность служения	
длъгота	длина	
длъготрьпѣливъ	снисходительный	
длъготрьпѣлиѥ	снисходительность	
длъготрьпѣниѥ	снисходительность	
длъгъ	долг	
длъгъ	расчёт	
длъгъ	грех	
длъжьникъ	должник	
длъжьнъ	должный	
дльгъ	долгий	
дляй	прич. от длить	
добавленіе	добавление	
добивати	просить	
добити	просить	
добль	доблестный	
добльно	доблестно	
добльнѣ	доблестно	
добльнꙑи	доблестный	
добльство	подвиг	
добльствовати	проявлять доблесть	
доблємꙋдрꙑи	?	
доблєстьно	доблестно	
доблѣти	грубеть	
доблѥ	доблестно	
добрити	хорошо отзываться	
добро	благо	
добро	хорошо	
добро	добро	
добробєсѣдьливꙑи	обходительный	
добровольной	вариант добровольный	
добровониѥ	аромат	
доброглаголивꙑи	красиво говорящий	
доброговѣниѥ	благочестие	
добродушной	вариант добродушный	
добродѣтєль	добродетель	
добродѣтѣль	добродетель	
добродѣꙗниѥ	добродетель	
добронравной	вариант добронравный	
доброписаниѥ	красивое письмо	
добропокорьливꙑи	?	
добропомощьница	хорошая помощница	
добропотрѣбьнъ	полезный	
доброприимати	быть сильным	
доброразѹмивѣ	разумно, со знанием дела	
доброраꙁѹмивъ	очень сведущий	
доброродиѥ	знатность	
добрость	добродетель	
добросъмꙑслити	благомыслить	
добросътворити	сделать добро	
добросътворѥниѥ	благодеяние	
добросьрдꙑи	добросердечный	
доброта	добродетель	
добротворити	делать добро	
добротворьць	делающий добро	
доброчьстивъ	набожный	
доброчьстиѥ	набожность	
добръ	добрый	
добръ	хороший, добрый	
добрѣ	хорошо	
добрѣ	хорошо; правильно	
добрѣ	красиво, прекрасно	
добрꙑи	[хороший	
добєла	толстота	
добєлѣти	толстеть	
добєлꙑи	толстый	
добꙑвати	отыскивать	
добꙑти	приобрести	
добꙑти	достичь	
довершеніе	довершение	
доводитєль	вождь	
доводьщичь	прилагательное от доводьщикъ	
доволити	снабжать	
доволъ	достаток	
довольствуючись	дееприч. от довольствоваться	
довъльство	способность	
довълѣ	довольно	
довълѣти	быть достаточным	
довълѣєтъ дьнєви ѕълоба єгѡ	довольно всякому дню заботы его	
довьлѣти	хватать	
довєсти	довести	
довѣрявшійся	доверявшийся	
догадливой	вариант догадливый	
догадъ	то, что придумано	
догматъ	догмат	
догонити	догнать	
додати	додать	
додєшманъ	?	
дождався	прич. от дождаться	
дожидаючись	дееприч. от дожидаться	
дожє	до	
дозорной	вариант дозорный	
доилица	кормилица	
доимѣти	?	
доити	кормить грудью	
доити	кормить (грудью)	
доитєль	питатель	
дойной	вариант дойный	
доказавшій	доказавший	
докладати	представлять дело на решение высшей власти	
докладꙑвати	извещать	
доколѣ	доколе	
доконьчати	окончить	
докосьна	мало-помалу	
доксовъ	прилагательное от доксъ	
долговязой	вариант долговязый	
долгодневной	вариант долгодневный	
долгой	вариант долгій	
долготерпеніе	долготерпение	
долготерпѣливый	долготерпеливый	
долгій	долгий	
долженствуяй	прич. от долженствующий	
должея	дощечка, которою заделывается сквозной паз в борти	
должной	вариант должный	
долии	?	
долика	улика	
долина	долина [1]	
доловь	долой	
доложити	доложить	
долокъ	уменьшительное от долъ	
долонь	ладонь	
долотити	долбить	
долото	орудие для долбления	
долъ	долина	
долъ	дол	
доля	часть	
долѣ	внизу	
долѹ	вниз	
долѹпєривꙑи	стремящийся вниз	
дома	семья	
домагати	быть в состоянии	
домаживьць	туземец	
домачьнии	домашний	
домашней	вариант домашній	
домашній	домашний	
домашьнии	внутренний	
домашьнъ	домашний	
домашьнь	домашний	
домащьнии	близкий	
домови	домой	
домовитой	вариант домовитый	
домовитъ	хозяин	
домовитꙑи	домовитый	
домогавшійся	домогавшийся	
домодьрживꙑи	домовитый	
домодьржьць	хозяин	
доможирьць	домочадец	
домочадица	принадлежащая дому или семье	
домъ	жилище	
домъ	дом (архитектурное сооружение, предназначенное для жилья, и имеющее, как правило, стены, дверь и крышу)	
домъ	дом (место, где кто-либо постоянно проживает)	
домьнꙑи	прилагательное от домъ	
домьць	домик	
домєнъ	Домн	
домꙑслити сѧ	понять	
домꙑслъ	мнение	
домꙑсль	размышление	
домꙑслѧ	понимающий	
донесеніе	донесение	
доносити	приносить	
донєлѣ	пока не	
донєсти	принести	
донꙑнѣ	до сих пор	
допасти	выпасть (на долю)	
дополнокъ	дополнение	
допоꙁдѣ	позднее	
доправити	довести	
допроводити	проводить	
допускающій	допускающий	
допѹстити	допустить	
дора	часть просфоры	
дорага	татарский чиновник	
дорицати	доносить	
дориꙗ	море	
дорога	путь	
дорогость	дороговизна	
дорогꙑи	дорогой	
дорокъ	порицание	
дорьнꙑи	прилагательное от дора	
досада	поношение	
досадити	оскорбить	
досадитєль	тот, кто оскорбляет	
досадной	вариант досадный	
досажати	оскорблять	
досаждати	поносить	
досаждєниѥ	оскорбление	
доселѣ	до сих пор, доселе	
досити	встретить	
дослушаючи	дееприч. от дослушать	
доспѣти	приготовиться, собраться	
доспѣти	поспешить, поторопиться	
доспѣти	успеть сделать что-либо вовремя	
доставляющій	доставляющий	
доставшійся	доставшийся	
досталь	остальное	
достигавшій	достигавший	
достигнѫти	достигнуть	
достигнꙋти	достигнуть	
достизати	достигать	
достоино	как следует	
достоино	достойно; сделать достойным	
достоинъ	достойный	
достоиньство	достоинство	
достоинѣ	достойно	
достоити	быть равноценным	
достойной	вариант достойный	
достопамятной	вариант достопамятный	
достоꙗниѥ	наследство	
достоꙗти	надлежать	
достꙋпити	приблизиться	
досужей	вариант досужій	
досужій	досужий	
досълати	послать	
досєлѣ	доныне	
досѣдѣти	досидеть	
досѧзати	достигать	
досꙑть	удовлетворение	
дотолѣ	до того времени	
дотєчи	дойти	
дотєщи	достичь	
дотꙑкати	касаться	
доходити	достигать	
доходъ	доход	
дохторъ	подушка	
дохторьскꙑи	докторский	
дошьстиѥ	приход	
дояще	прич. от доить	
доящій	доящий	
доѩ	доящий	
доꙁьрѣти	созерцать	
драгость	дороговизна	
драгъ	дорогой	
драгъма	драхма	
драгꙑи	дорогой	
дразнити	оскорблять	
драпєжити	наказывать	
драхма	драхма	
драчливой	вариант драчливый	
древесной	вариант древесный	
древлѥ	прежде, раньше, когда-то	
древній	древний	
древодѣлъ	плотник или столяр	
древосѣкъ	дровосек	
дремливой	вариант дремливый	
дремлючи	дееприч. от дремать	
дремлющій	дремлющий	
дремучей	вариант дремучій	
дремучій	дремучий	
дробити	дробить	
дробити	разламывать	
дробной	вариант дробный	
дробьнъ	мелкий	
дробьнꙑи	мелкий	
дрожаніе	дрожание	
дрожащей	вариант дрожащій	
дрожащій	дрожащий	
дрочьнꙑи	бесстыдный	
другъ	друг	
дружебной	вариант дружебный	
дружелюбіе	дружелюбие	
дружеской	вариант дружескій	
дръва	дрова	
дръвосѣчь	дровосек	
дръвѧникъ	дровяной лес	
дръжава	вариант дрьжава	
дръжати	вариант дрьжати	
дрьжава	держава	
дрьжаниѥ	прикосновение	
дрьжати	держать	
дрьзо	смело	
дрьзѣ	смело	
дрьколиѥ	дубинки	
дрьколь	булава	
дрькольна	палица	
дрьꙁати	дерзать, мужаться, отваживаться	
дрьꙁновєниѥ	дерзновение	
дрьꙁнѫти	осмелиться	
дрьꙁо	смело	
дрьꙁъ	смелый	
дряблой	вариант дряблый	
дряхлой	вариант дряхлый	
дрєвльмьнимꙑи	?	
дрєвьность	древность	
дрѣво	древко	
дрѣво	дерево	
дрѣвѣнъ	древесный	
дрѣманиѥ	дрёма	
дрѧгиль	носильщик	
дрѧзга	лес	
дрѧзда	болото	
дрѧзна	лес	
дрѧсьлꙑи	угрюмый	
дрѧсєловати	печалиться	
дрѧхлость	дряхлость	
дрѧхлъ	скорбный	
дрѧхльство	скорбь́	
дрѧхлꙑи	усталый	
дрѧꙁга	роща	
дрѫгъ	палка	
дрѫчєниѥ	трудности	
дрѹга	подруга	
дрѹгоици	в другой раз	
дрѹгоѥ	в другой раз	
дрѹгъ	другой, всякий человек, ближний	
дрѹгъ	товарищ, сообщник, спутник	
дрѹгъ	сторонник, приверженец, защитник	
дрѹгꙑи	другой	
дрѹжина	товарищ	
дрѹжити	быть дружками на свадьбе	
дрѹжьба	дружба	
дрѹжька	женское к дрѹгъ	
дрѹхлъ	?	
дрꙋчити	мучить	
дрꙑгнꙋти	дрогнуть	
дубовой	вариант дубовый	
дубъ	дуб	
дугообразной	вариант дугообразный	
дугою	вариант дугой	
дулѣбъ	мн. ч., истор. союз древних восточнославянских племён, живших на территории современной Украины в бассейне реки Буга и с X века вошедших в состав Руси	
дулѣбъ	представитель этого союза племён, житель Дулебии	
думавъ	дееприч. от думать	
думаючи	дееприч. от думать	
думающій	думающий	
думной	вариант думный	
дуновеніе	дуновение	
дуплистой	вариант дуплистый	
дурацкой	вариант дурацкій	
дутой	вариант дутый	
духовной	вариант духовный	
духъ	дух	
душистой	вариант душистый	
дуючи	дееприч. от дуть	
дующей	вариант дующій	
дующій	дующий	
дуя	дееприч. от дуть	
дъбрь	лес	
дъва	два	
дъвашьди	дважды	
дъводѹшиѥ	сомнение	
дъгна	струп	
дъжгь	метеорол. дождь	
дъждити	посылать дождь	
дъждити	ниспосылать дождь	
дъждь	дождь	
дъждьнъ	дождевой	
дъждєвъ	дождевой	
дъждєвьнъ	дождевой	
дълбсти	долбить	
дългость	продолжительность	
дългота	долгота	
дълготьрпѣти	выдерживать	
дългъ	долг	
дългꙑи	продолжительный	
дължаи	длина	
дължина	длина	
дълъжь	длина	
дъмьница	домна	
дъна	струп	
дъно	глубина	
дъно	дно	
дърати	вариант дьрати	
дъска	доска	
дъхновєниѥ	дыхание	
дъхнꙋти	дунуть	
дъхорь	хорёк	
дъчи	дочь	
дъчька	дочка	
дъщи	лицо женского пола по отношению к своим отцу и матери	
дъщица	дощечка	
дъщька	письменный акт	
дымной	вариант дымный	
дымъ	дым	
дымящійся	дымящийся	
дынной	вариант дынный	
дыханіе	дыхание	
дыхая	дееприч. от дыхать	
дышавшій	дышавший	
дышучи	дееприч. от дышать	
дышущій	дышащий	
дьбрь	низина	
дьлꙑ	бочка	
дьна	матка	
дьнина	целый день	
дьниѭ	днём	
дьнь	день	
дьньница	денница	
дьньнꙑи	дневной	
дьньсь	сегодня; до сегодняшнего дня, до сих пор	
дьраниѥ	сдирание	
дьрати	драть	
дьргати	дёргать	
дьргнꙋти	дёрнуть	
дьржава	государство	
дьрзновати	смелеть	
дьрзнꙋти	осмелиться	
дьрзовати	смелеть	
дьрзостити	придавать смелость	
дьрзость	наглость	
дьрзостьно	смело	
дьрзостьнѣ	дерзко	
дьячей	вариант дьячій	
дьячій	дьячий	
дюжии	сильный	
дєбєла	толстота	
дєбєлити	утолщать	
дєбєль	толстота	
дєбєльство	грубость	
дєбєлꙑи	толстый	
дєвєрь	брат мужа	
дєвѧть	девять	
дєвѧтьдєсѧть	девяносто	
дєвѧтьнадєсѧть	девятнадцать	
дєкаполитьскъ	Десятиградия	
дєкапольскъ	Десятиградия	
дєкѧбръ	декабрь	
дєльфисъ	дельфин	
дємонъ	мифол., религ. демон (злой дух)	
дємоньскъ	демонов	
дєнєжька	денежка	
дєргъ	?	
дєрнъ	присяга	
дєрть	конец	
дєрєвьнꙗ	деревня	
дєрєвьцє	деревцо	
дєрєвєнька	деревенька	
дєсити	застать	
дєсница	десница	
дєсть	листовой формат бумаги	
дєсѧтина	род налога	
дєсѧтина	десятина	
дєсѧтъ	десятый	
дєсѧть	десять	
дєѵтєролєпто	секунда	
діаволъ	религ. дьявол	
дїаволъ	дьявол	
дѣва	дева	
дѣва	девушка, девица, дева	
дѣва	девственница	
дѣваꙗ	дева	
дѣвица	девушка, девица	
дѣвичь	девичий	
дѣвичьскъ	девственный	
дѣвка	лицо женского пола, достигшее половой зрелости, но не состоящее в браке; девушка	
дѣвка	ребёнок или подросток женского пола; девочка	
дѣвка	лицо женского пола по отношению к своим родителям; дочь	
дѣвочька	девочка	
дѣвъка	девушка	
дѣвьство	девство	
дѣвєричь	деверь	
дѣвєрь	деверь	
дѣдина	наследие	
дѣдина	дедина	
дѣдичь	наследник по деду	
дѣдичьна	госпожа	
дѣдъ	дед	
дѣдъ	дед; отец отца или матери	
дѣдъ	шутл. или пренебр. мужчина пожилого возраста	
дѣепричастіе	деепричастие	
дѣжа	кадка для теста	
дѣиствовати	действовать	
дѣиствьнъ	делающий	
дѣйствованіе	действование	
дѣйствуяй	дѣйствующий	
дѣйствіе	действие	
дѣлавшій	делавший	
дѣлавꙑи	деятельный	
дѣланиѥ	работа	
дѣланиѥ	усилие	
дѣланіе	делание	
дѣлати	действовать	
дѣлати	работать	
дѣлати	делать, строить, изготовлять	
дѣлать	делать	
дѣлатєль	делатель	
дѣлающій	делающий	
дѣливꙑи	трудящийся	
дѣлити	делить	
дѣлить	делить	
дѣлитєль	тот, кто делит	
дѣло	дело	
дѣло	дело (во всех значениях)	
дѣло	действие, поступок	
дѣлолюбꙑи	трудолюбивый	
дѣломѣрьнꙑи	для раздела применяемый	
дѣль	раздел	
дѣльникъ	мастерская	
дѣльнꙑи	прилагательное к дѣло	
дѣльць	работник	
дѣлꙗ	по причине	
дѣмонъ	демон	
дѣра	отверстие	
дѣти	то же, что дети; мальчики и девочки в раннем возрасте	
дѣти	то же, что дети; сыновья и дочери по отношению к их родителям	
дѣти	делать	
дѣтина	дитя	
дѣтинецъ	детинец	
дѣтичь	ребёнок	
дѣтищина	дитя	
дѣтищь	дитя	
дѣтищь	ребёнок	
дѣтогѹблѥниѥ	детоубийство	
дѣтьскъ	детский	
дѣтьскꙑ	по-детски	
дѣтєль	создатель	
дѣтѧ	младенец	
дѣяніе	деяние	
дѣꙗниѥ	действие	
дѣꙗти	говорить	
дѣꙗти	действовать	
дѧгъ	ремень	
дѧдьковичь	сын дяди	
дѧдѧ	брат отца или матери	
дѧтьлъ	дятел	
дѫбиѥ	деревья	
дѫбрава	дубрава	
дѫбравьнъ	лесной	
дѫбъ	дуб	
дѫбъ	дерево	
дѫга	радуга	
дѫти	дуть	
дѹмати	размышлять, думать, принимать решение	
дѹмати	замышлять что-либо против кого-либо	
дѹмати	намереваться что-либо сделать	
дѹмьнꙑи	мудрый	
дѹнавъ	Дунай	
дѹновєниѥ	дуновение	
дѹнѫти	дунуть	
дѹпина	рытвина	
дѹпина	отверстие	
дѹплина	углубление	
дѹпло	дупло	
дѹпль	расселина	
дѹровати	безумствовать	
дѹрость	глупость	
дѹрꙑи	другой	
дѹхати	дышать	
дѹховъ	духовный	
дѹховьно	духовно	
дѹховьнодвижимꙑи	движимый духом	
дѹховьнѣ	духовно	
дѹхъ	ветер	
дѹхъ	дух	
дѹша	душа	
дѹшька	опушка	
дѹшьнъ	душевный	
дѹшьнꙑи	знойный	
дѹшєвьнъ	душевный	
дѹшєгрѣꙗ	душегрейка	
дѹшєгѹбиѥ	погубление души	
дѹшєгѹблєниѥ	лишение жизни	
дѹшєгѹбьнꙑи	вредный для души	
дѹшєгѹбьство	лишение жизни	
дѹшєгѹбьць	убийца	
дѹшєтьлѣти	тлеть душой ?	
дꙋбина	дубина	
дꙋбовꙑи	дубовый	
дꙋбъ	дуб	
дꙋнꙋти	дунуть	
дꙑбати	ходить украдкой	
дꙑи	Зевс	
дꙑмъ	дым	
дꙑнꙗ	дыня	
дꙑрꙗ	дыра	
дꙑхавица	отдышка	
дꙑханиѥ	дыхание	
дꙑхати	дышать	
дꙑхати	дуть, веять	
дꙑшаниѥ	дыхание	
дꙑшати	дышать	
евреискы	по-еврейски	
еврейскій	еврейский	
единамо	вместе, в одно место	
единой	вариант единый	
единообразной	вариант единообразный	
ельма	так как	
епитимія	религ., церк. епитимия; в христианстве — духовное взыскание, наказание, налагаемое церковью на кающегося грешника	
естественной	вариант естественный	
естьли	если	
жаба	лягушка	
жаба	жаба	
жабьнꙑи	относящийся к жабам	
жагало	жало	
жадной	вариант жадной	
жадьнꙑи	жаждущий	
жадѣти	жаждать	
жажа	жажда	
жаждущій	жаждущий	
жалити	скорбеть	
жалкой	вариант жалкій	
жало	жало	
жалобной	вариант жалобный	
жалобьнꙑи	жалующийся	
жаловати	жалеть	
жаловати	скорбеть	
жалостливой	вариант жалостливый	
жалостной	вариант жалостный	
жалость	ревность	
жалость	рвение	
жалуючись	дееприч. от жаловаться	
жаль	могила, гробница	
жаравь	журавль	
жаркой	вариант жаркій	
жаркій	жаркий	
жаръ	зной	
жасити	устрашать	
жатвьнꙑи	жатвенный	
жатєль	жнец	
жгучей	вариант жгучій	
жгучій	жгучий	
ждучи	дееприч. от ждать	
ждый	церк.-слав. ждущий	
желавшій	желавший	
желаніе	желание	
желаючи	дееприч. от желать	
желающій	желающий	
желѣзо	железо	
жемчугъ	жемчуг	
жена	женщина	
жена	жена, супруга	
женатой	вариант женатый	
женився	прич. от жениться	
женившійся	женившийся	
женихъ	жених	
женской	вариант женскій	
женскій	женский	
женящійся	женящийся	
жеребій	жеребий	
жертвоприношеніе	жертвоприношение	
жертвуяй	прич. от жертвовать	
жесткій	жёсткий	
жестокой	вариант жестокій	
жестокосердіе	жестокосердие	
жестокій	жестокий	
жечи	жечь	
живати	многократное от жить	
живити	оживить	
живлꙗти	живить	
живодатєль	тот, кто даёт жизнь	
живописной	вариант живописный	
живопросольнꙑи	свежепросольный	
живосътворити	сотворить жизнь	
животворивъ	животворящий	
животворити	оживлять	
животворьць	творец всего сущего, дающий жизнь	
животворьць	животворящий	
животворящій	животворящий	
животина	существо	
животолюбьць	жизнелюбивый человек	
животъ	живот (во всех значениях)	
животъ	жизнь	
животъ	образ жизни	
животьнъ	животный	
живучей	вариант живучій	
живучи	дееприч. от жить	
живущій	живущий	
жившей	вариант жившій	
жившій	живший	
живъ	живой	
живъ	перен. яркий; активный, деятельный, энергичный; выразительный	
живый	живущий	
живяй	живущий	
живꙑ	живущий	
живꙑи	живой	
жидинъ	еврей	
жидкій	жидкий	
жидовинъ	еврей	
жидовъка	еврейка	
жидовьскъ	еврейский	
жидовьчичь	еврейский	
жидовꙑни	еврейка	
жидость	жидкость	
жидъ	язычник	
жизновати	быть гражданином где-либо	
жизнь	жизнь	
жиковина	перстень	
жила	сухожилие	
жилистой	вариант жилистый	
жилищє	жилище	
жирной	вариант жирный	
жиръ	пажить	
жиръ	пастбище	
житарь	смотритель житниц	
житейскій	житейский	
жити	жить, пастись	
жити	жить	
житиискъ	жизненный	
житиѥ	житие	
жито	пища	
жито	хлеб	
житомѣрѥниѥ	мерить зерно	
житый	живший	
жить	жизнь	
житьница	житница	
житьнъ	жизненный	
житьнꙑи	ячменный	
житєль	житель	
житіе	житие	
жищє	жилище	
жиꙁнодавьць	тот, кто даёт жизнь	
жиꙁнь	жизнь	
жиꙁньнъ	жизнетворящий	
жладьба	убыток	
жласти	выплачивать	
жласти	возмещать убыток	
жлѣдьбина	пеня	
жлѣдѣти	расплачиваться	
жлѣсти	выплачивать	
жлѣсти	возместить убыток	
жмя	дееприч. от жать	
жнецъ	жнец	
жнущій	жнущий	
жребей	вариант жребій	
жребій	жребий	
жрьдь	палка	
жрьнꙑ	жернов	
жрьтва	жертва	
жрьти	освящать	
жрьти	перен. жертвовать	
жрьтиѥ	жертвоприношение	
жрьць	жрец	
жрѣбии	жребий	
жрѣбии	доля, наследство	
жрѣбьць	детёныш лошади, осла	
жрѣбѧ	жеребёнок	
жрѣло	голос	
жующій	жующий	
жьвати	жевать	
жьдати	ждать	
жьзлиѥ	палки	
жьзлъ	палка	
жьлтоватꙑи	желтоватый	
жьлть	желтизна	
жьлчь	желток	
жьнѧ	жнущий	
жьрло	голос	
жьрновьница	жерновой камень	
жьртва	жертвоприношение	
жьртвьница	жертвенник	
жьрчь	жреческий	
жьрьць	жрец	
жьꙁлиѥ	прутья	
жьꙁлъ	прут	
жєгало	кадильница	
жєдєрꙑи	сделанный из плюща	
жєлобъ	жёлоб	
жєлоза	железа	
жєлѣдити	облагать пеней	
жєлѣниѥ	желание	
жєлѣсти	платить пеню	
жєлѣтва	печаль	
жєлѣти	желать	
жєлѣꙁнъ	железный	
жєлѣꙁо	железо	
жєлѣꙁо	оковы, кандалы	
жєлꙗ	горе	
жєна	женщина	
жєна	жена	
жєнатꙑи	женатый	
жєнима	наложница	
жєнимаꙗ	наложница	
жєнимаꙗ	женщина	
жєнинъ	притяжательное прилагательное от жєна	
жєнити	женить	
жєниховъ	жениха	
жєнихъ	жених	
жєнъка	уменьшительное от жєна	
жєньскъ	женский	
жєньство	женские особенности	
жєньщина	женщина	
жєнєниѥ	женитьба	
жєравь	журавль	
жєравьць	машина для поднятия моста или ведра	
жєрєбии	жребий	
жєрєбѧ	жеребёнок	
жєрєло	отверстие	
жєстоколѣганьникъ	ложащийся на жёсткое ложе	
жєстокъ	жестокий	
жєстосрьдивъ	жестокосердный	
жєстосрьдиѥ	жестокосердие	
жєстость	суровость	
жєстость	жестокость	
жєсточина	жёсткость	
жєсточити	делать твёрдым	
жєсть	жестокость	
жєстѣти	твердеть	
жєчи	жечь	
жєщи	жечь	
жєщи	перен. сжигать	
жѣлєꙁнъ	железный	
жѧданиѥ	жажда	
жѧдати	испытывать жажду, жаждать	
жѧдати	хотеть, жаждать	
жѧдьнъ	испытывающий жажду	
жѧдѣнъ	желанный	
жѧжда	жажда	
жѧло	жало	
жѧтва	жатва	
жѧти	жать	
жѧтєль	жнец	
жѧтєлꙗнинъ	жнец	
жѹковина	перстень	
жѹкъ	жук	
жѹпанъ	князь или старейшина у южных славян; старшина, начальник	
жѹпищє	гробница	
жѹпєлъ	сера	
жѹпєлєвина	буря	
заалкати	проголодаться	
заапа	надежда	
заапѣти	подозревать	
забавлявшійся	забавлявшийся	
забавляющій	забавляющий	
забавной	вариант забавный	
забавъка	затруднение	
забвеніе	забвение	
забити	прибить	
заблудившійся	заблудившийся	
заблудшій	заблудший	
заблуждающій	заблуждающий	
заблуждающійся	заблуждающийся	
заблужденіе	заблуждение	
заблѹдити	заблудиться	
заблꙋдити	заблудиться	
забои	изгородь	
забориѥ	?	
забороло	деревянная городская стена	
заборона	защита	
заборъ	ограда	
заботливый	заботливый	
забрало	башня	
забъвєниѥ	забвение	
забъдѣти	начать бдеть	
забывающій	забывающий	
забываяй	забывающий	
забывся	прич. от забыться	
забѣжати	убежать	
забꙑвати	забывать	
забꙑти	забыть	
забꙑть	забвение	
завалити	завалить	
завиваючись	дееприч. от завиваться	
завида	зависть	
завидимꙑи	тот, которому завидуют	
завидной	вариант завидный	
завидяй	прич. от завидѣть	
завидѣти	завидовать	
завистливой	вариант завистливый	
зависячи	дееприч. от зависѣть	
зависящій	зависящий	
зависѣть	зависеть	
заводити	приводить	
завои	леторасль	
завоивꙑи	извилистый	
заволочиѥ	название местности за Волоком	
заворожити	поссорить	
заворочати	поворачивать	
заврѣсти	закрыть	
заврѣти	запереть	
завтрашній	завтрашний	
завтрешній	завтрашний	
завтрокъ	завтрак	
завєсти	привести	
завѣдывавшій	заведовавший	
завѣса	завеса	
завѣсити	привесить	
завѣстити	завещать	
завѣтъ	завет	
завѣщаніе	завещание	
завѧзати	завязать	
завѧзка	?	
заглавной	вариант заглавный	
загладити	пригладить	
заговорити	заключить условие	
заговоръ	уговор	
заговоръ	заговор	
загонити	отдать в чужое владение	
загонъ	отряд, посланный для чего-либо	
заготовленіе	заготовление	
заградити	огородить	
заграничной	вариант заграничный	
загрємѣти	начать греметь	
загрєсти	закопать	
задати	отдать	
зади	позади, сзади	
зади	назад	
задней	вариант задній	
задница	наследство	
задорной	вариант задорный	
задосити	постигнуть	
задумчивой	вариант задумчивый	
задъ	зад	
задыхаючись	дееприч. от задыхаться	
задьница	наследство	
задѣвати	возлагать	
задѣлати	исправить	
задѣлывавшій	заделывавший	
задѣти	приказать	
заждь	зад	
зажиточной	вариант зажиточный	
зажь	наследники	
зазоричь	осуждающий	
зазорной	вариант зазорный	
зазоръ	стыд	
заимствовавшій	заимствовавший	
заказовати	приказывать	
заказъ	наказ	
заказꙑвати	указывать	
закидывающій	закидывающий	
закладати	закрывать	
закладꙑвати	отдавать в заклад	
закланіе	заклание	
закласти	заложить	
заключавшій	заключавший	
заключеніе	заключение	
заклятіе	заклятие	
заклѣпсти	заключить	
заклѣпъ	запор	
заколоти	заколоть	
заколъ	загорода в реке	
законодатєль	законодатель	
закононаслѣдити	унаследовать по закону	
законоположеніе	законоположение	
законоположитєль	тот, кто устанавливает законы	
законоположьникъ	тот, кто устанавливает законы	
законоположьнꙑи	узаконенный	
законоположєниѥ	узаконение	
законоправило	постановление, касающееся церкви	
законъ	закон	
законьно	согласно с законом	
законьно	законно, по закону	
законьнѣ	законно	
законьнѣ	в соответствии с законом, по закону	
законьнꙑи	законный	
закоренѣвшій	закореневший	
закосъ	луг	
закраина	небольшой участок земли	
закричь	обнародование	
закрывающій	закрывающий	
закрытой	вариант закрытый	
закрꙑти	покрыть	
залагати	давать в заклад	
залазъ	опасность	
залазьнꙑи	опасный	
залежалой	вариант залежалый	
заложити	принимать в залог	
залєтѣти	залететь	
залєчи	потеряться	
залѣсъ	место за лесом	
замазати	замазать	
замарьнꙑи	прилагательное от замъра	
заматорѣти	состариться	
замолотъ	умолот	
заморити	заморить	
заморьскꙑи	заморский	
замъкнꙋти	запереть	
замъкъ	замок	
замъра	музыкальный инструмент	
замышляющій	замышляющий	
замьдлити	замедлить	
замєтати	раскидывать	
замєтъ	забор	
замѣнити	поменять	
замѣчаніе	замечание	
замѣчать	замечать	
замѧсти	возмутить	
замѹдити	замедлить	
замѹдѣти	замешкаться	
замꙋчити	замучить	
замꙑкати	запирать на замок	
занарѧдъ	специальная одежда	
занимавшій	занимавший	
занимавшійся	занимавшийся	
занимающій	занимающий	
занимающійся	занимающийся	
занятіе	занятие	
занєсти	занести	
западной	вариант западный	
западъ	запад	
запалити	зажечь	
запасливой	вариант запасливый	
запасти	запасть	
запасъ	припас	
запивка	запивка	
запинающій	запинающий	
записывавшій	записывавший	
записꙑвати	записывать	
заплакати	заплакать	
заплотина	плотина	
заплєтина	косичка	
заповѣдь	заповедь	
заповѣдѣти	приказать	
запоица	пьяница	
запрашати	просить	
запрещающей	вариант запрещающій	
запрещающій	запрещающий	
запросити	просить	
запросъ	то, что просят	
запрьва	сперва, прежде всего	
запрѣти	запереть	
запрѣтити	запретить	
запустѣніе	запустение	
запутавшійся	запутавшийся	
запъ	мнение	
запыхаючись	дееприч. от запыхаться	
запьсати	написать	
запєрєложити	запустить под перелог	
запєчатьлѣти	опечатать	
запѧтити	?	
запѧть	вместе	
запѧтьнити	наложить тавро, клеймо	
запѹскъ	заговение	
запѹстити	дать в долг	
запѹстѣти	запустеть	
заработывающій	зарабатывающий	
заразити	поразить	
зарокъ	обет	
заронити	уронить	
зарослꙑи	заросший	
зарочьнꙑи	прилагательное от зарокъ	
зарьнꙑи	светлый	
зарєвъ	название месяца августа	
зарѧдъ	заряд	
зарѹшити	разрушить	
зарꙋбати	засекать	
зарꙋкавиѥ	обшивка на рукаве	
зарꙋчити	назначить	
засадити	назначить	
заскочити	подскочить	
засобь	за себя	
засовъ	засов	
заспа	крупа	
заставити	поручить	
застаниѥ	любодеянье	
застарѣвшій	застаревший	
застога	застёжка	
застольной	вариант застольный	
застрастити	запугать	
застрѣлꙗти	убить	
заступающій	заступающий	
заступленіе	заступление	
застєжька	застёжка	
застѫпъ	помощь	
застꙋпити	защитить	
засѣданіе	заседание	
засѣдѣти	завладеть	
засѣсти	захватить	
засѣꙗти	засеять	
засꙑлати	подсылать	
засꙑпати	закопать	
засꙑхати	засыхать	
затварꙗти	запирать	
затворити	закрыть	
затворъ	темница	
затворьница	затворница	
затворяющій	затворяющий	
затерявшійся	затерявшийся	
затинка	крюковой знак	
затишиѥ	затишье	
затопити	заварить	
заточити	заточить	
затрогиваться	затрагиваться	
затъкнꙋти	заткнуть	
затєрꙗти	потерять	
затѧзати	затягивать	
затꙑкати	затыкать	
заховати	исполнить	
заходити	заходить	
заходъ	заход	
захотѣти	захотеть	
захотѣть	захотеть	
захꙑтити	захватить	
зачавшій	зачавший	
зачало	начало	
зашиикъ	затылок	
защитьникъ	защитник	
защищеніе	защищение	
заячей	вариант заячій	
заячій	заячий	
заємъ	заём	
заѹтрина	утро	
заѹтрокъ	завтрак	
заꙗпивꙑи	лукавый	
заꙗпиѥ	?	
заꙗпъ	сомнение	
заꙗпѣти	подозревать	
звавшій	звавший	
званіе	звание	
зватєль	глашатай	
звенящій	звенящий	
звиздъ	свист	
звонити	бить в колокол	
звонкой	вариант звонкій	
звонъ	звон (во всех значениях)	
звонєниѥ	звон	
звучащій	звучащий	
звьно	отрезок большой рыбы от позвонка до позвоночника	
звєно	одно из колец, составляющих цепь	
звєнѣти	издавать звук	
звѣзда	звезда (во всех значениях)	
звѣзда	звезда	
звѣрина	мясо зверя	
звѣроꙗдина	животное, растерзанное зверем	
звѣрь	зверь	
звѣрьнꙑи	звериный	
звѣрьскꙑи	зверский	
звѧкнꙋти	издать звук	
звѧкъ	звук	
звѧцати	издавать звон	
зголовиѥ	изголовье	
здавать	сдавать	
зданіе	здание	
здать	сдать	
здоровой	вариант здоровый	
здоровъ	здоровый	
здоровый	здоровый	
здравой	вариант здравый	
здравꙑи	здоровый	
здракъ	вид	
зеленой	вариант зеленый	
зеленѣющій	зеленеющий	
земледѣлецъ	земледелец	
землетрясеніе	землетрясение	
землꙗ	земля, мир	
землꙗ	страна, земля, край	
землꙗ	суша, поверхность земли; почва	
зернистой	вариант зернистый	
зерноватой	вариант зерноватый	
зидарь	устар. строитель, каменщик	
зидъ	стена	
зидъ	забрало	
зиждущій	зиждущий	
зижитєль	создатель	
зима	зима	
зимней	вариант зимній	
зимній	зимний	
зимовавшій	зимовавший	
зимовати	проводить зиму	
зимьница	лихорадка	
зимьнъ	зимний	
златица	монета	
златоглаголивꙑи	красноречивый	
златодѣтєль	работающий из золота	
златоносивъ	носящий золотые украшения	
златьникъ	золотая монета	
златьница	деньги	
златьнꙑи	золотой	
златꙑи	золотой	
злачной	вариант злачный	
злобной	вариант злобный	
злодѣй	злодей	
зломыслящей	вариант зломыслящій	
зломыслящій	зломыслящий	
злорѣчіе	злоречие	
злословящій	злословящий	
злостраданіе	злострадание	
злото	золото	
злоумышленіе	злоумышление	
злоумышляющій	злоумышляющий	
змарагдъ	изумруд	
змии	змей	
змиика	крюковой знак	
змьи	змей	
змѣеукротитель	змееукротитель	
змѣи	пушечный снаряд	
змѣй	змей	
знавшій	знавший	
знавъ	дееприч. от знать	
знакъ	знакомец	
знаменитой	вариант знаменитый	
знаменованіе	знаменование	
знаменіе	знамение	
знамость	знакомство	
знамєниѥ	знак	
знамѧ	отличие	
знати	знать	
знатной	вариант знатный	
знатьба	знак	
знахарь	кто знает дело	
значащій	значащий	
значеніе	значение	
значущій	значащий	
знаючи	дееприч. от знать	
знающій	знающий	
знающійся	знающийся	
знаяй	знающий	
знои	жар	
знои	зной	
знойной	вариант знойный	
зобати	есть	
зобота	то же, что забота	
зобота	присмотр	
зоботливый	вариант заботливый	
зобь	корм	
зовущій	зовущий	
зовя	дееприч. от звать	
зогзица	кукушка	
зодии	зодиак	
золоба	злоба	
золобь	злоба	
золовѣриѥ	зловерие	
золотити	золотить	
золотовьрхꙑи	с золотым куполом	
золотоносьць	тот, кто имеет золотые знаки отличия в виде украшений	
золотошвєи	мастер-канительщик	
золотьникъ	золотая монета	
золотьнꙑи	позолоченный	
золотꙑи	золотой	
зорьнѣсть	жилистое мясо	
зрадца	изменник	
зракъ	вид	
зрьцало	зеркало	
зряй	зрящий	
зрячій	зрячий	
зрѣніе	зрение	
зрѣть	зреть	
зрѣющій	зреющий	
зубъ	зуб (во всех значениях)	
зъвати	звать	
зъвати	восклицать, звать, кричать	
зъло	зло	
зълобивъ	злой	
зълобити	порочить, унижать	
зълобовати	творить зло	
зълобовати	вредить	
зълобь	скверность	
зъловѣстити	говорить зло	
зълодѣи	злодей	
зълодѣꙗти	делать зло	
зълообразити	безобразничать	
зълопамѧтьнинъ	злопамятный	
зълословити	злословить	
зълословєсити	злословить	
зълотворьць	злодей	
зъль	зло	
зълѣ	плохо	
зълѣ	тяжело, жестоко; очень жестоко	
зълѣсловити	злословить	
зълѣхꙑтрꙑи	коварный	
зыбати	качать	
зыбучей	вариант зыбучій	
зыбучій	зыбучий	
зьдати	строить	
зьдатєль	творец	
зьдъ	устар. глина	
зьдъ	устар. каменная, глиняная, кирпичная стена	
зьдъ	устар. жилище, кров	
зьдъчии	гончар, горшечник, каменщик	
зьритєль	зритель	
зьркало	зеркало	
зьрно	зерно	
зьрьцало	зеркало	
зєкрꙑи	синеглазый	
зєлєнина	незрелый овощ	
зємлица	землица	
зємлєдѣланиѥ	обработка земли	
зємлємѣрие	геометрия	
зємлємѣрьнꙑи	измерительный	
зємлємѣрьць	геометр	
зємлѧ	земля	
зємлꙗ	земля	
зємь	земля	
зємємѣрьць	геометр	
зємꙗ	земля	
зєрзица	кукушка	
зєрємѧ	место, в котором находится стадо бобров	
зєѹсъ	название планеты Юпитер	
зѣкрꙑи	голубоглазый	
зѣло	очень	
зѣлость	свойство по значению прилагательного зѣлꙑи	
зѣльнꙑи	глубокий	
зѣлꙑи	сильный	
зѣница	анат. зрачок	
зѣти	зевать	
зѧбати	производить	
зѧбити	порождать	
зѧть	муж дочери или сестры	
зѹбъ	зуб	
зѹдологъ	изливающий семя	
зꙋбии	зубной	
зꙑбати	колебать	
зꙑбь	трясина	
зꙑчьливость	доброжелательность	
и	он	
ива	ива	
ивъка	уменьшительное от ива	
иго	иго	
игоумєнъ	игумен	
игра	игра	
игравшій	игравший	
игралищє	место игры	
игральнꙑи	игральный	
играти	играть	
играющій	играющий	
игрь	игра	
игрьнищє	место, предназначенное для состязаний, игр	
игрьнꙑи	?	
игрьць	актёр	
игрѹшка	игрушка	
игрѹшька	забава	
игънатии	Игнатий	
игємонъ	начальник области	
игѹменъ	религ. игумен	
игѹмєниꙗ	игуменья	
игѹмєнъ	начальник	
игѹмєнь	игумена	
иде	где	
идеже	где	
идеже	где (бы) ни, куда (бы) ни	
идолодѣлатєль	идолослужитель	
идоложрєнина	жертвенное мясо	
идоложьртвьнꙑи	жертвенное меясо	
идоложьрць	идолопоклонник	
идололатриꙗ	идолопоклонство	
идоломольць	идолопоклонник	
идолонєистовьство	языческий культ поклонения идолам	
идолослуженіе	идолослужение	
идолослѹжитєль	идолопоклонник	
идолослѹжьникъ	идолопоклонник	
идолослѹжєниѥ	идолопоклонство	
идолотворъ	идолопоклонник	
идолотрѣбьникъ	идолопоклонник	
идолочьтьць	идолопоклонник	
идолъ	идол	
идольскъ	языческий	
идучий	идущий	
идущій	идущий	
идый	идущий	
идяй	идущий	
идѹмѣискъ	идумейский	
идꙑ	идущий	
иждагати	сжигать	
ижде	где	
иждеже	где	
иждити	прожить	
иждєконьнъ	исконный	
иждєшти	сжечь, зажечь	
иже	который	
ижжити	прожить	
ижити	прожить	
избавившій	избавивший	
избавити	избавить	
избавленіе	избавление	
избавляющій	избавляющий	
избавляяй	избавляющий	
избавьникъ	избавитель	
избадати	изранить	
избивати	разбивать	
избивающій	избивающий	
избирати	выбирать, избирать	
избировати	избрать	
избити	перебить	
изблꙋдити	проблуждать	
избои	избиение	
изболѣти	изнемочь	
избости	вытащить	
избравшій	избравший	
избравый	прич. от избрать	
избранной	вариант избранный	
избраніе	избрание	
избрєсти	выпутаться из беды	
избіеніе	избиение	
избѣгнꙋти	убежать	
избѣжаніе	избежание	
избѣжати	уйти	
избꙑвати	изобиловать	
избꙑти	остаться	
извалити	вывалить	
изварити	сварить	
изваꙗти	изваять	
изведеніе	изведение	
извергающій	извергающий	
извиненіе	извинение	
извиняяй	извиняющий	
извнѣ	извне	
изводити	уводить	
изводяй	изводящий	
изволеніе	изволение	
изволити	пожелать	
изволодѣти	совладать	
изволочи	вынуть	
изволочити	вытащить	
изволочєниѥ	разоблачение	
изволяяй	изволяющий	
изврѣсти	нарушать молчание	
извънѫдѹ	извне	
извънѫтрь	изнутри	
извънѹ	извне	
извъпрашати	расспрашивать	
извьртѣти	провертеть	
извєсти	вывести	
извѣдавшій	изведавший	
извѣдѣти	узнать	
извѣдꙑвати	разузнавать	
извѣсити	взвесить	
извѣстивсѧ	известившись	
извѣстити	подтвердить	
извѣстный	известный, один из / перевод Н. Модзелевской, 1949 - НКРЯ	
извѣсто	заботливо	
извѣсто	несомненно, твёрдо	
извѣстославити	точно определить	
извѣстословити	точно определить	
извѣсть	толкование	
извѣстьно	несомненно, точно	
извѣстьнѣ	несомненно, точно	
извѣстіе	известие	
извѣстѣ	тщательно	
извѣсъ	гиря весовая	
извѣтити	создать	
извѣщавати	произносить	
извѣꙗти	очистить веянием	
извѧзати	связать	
извꙑкнꙋти	изучить	
изгага	изжога	
изгазити	уничтожить	
изгасити	погасить	
изгибающійся	изгибающийся	
изгладити	сгладить	
изгласити	произнести	
изгнаніе	изгнание	
изгнєсти	выдавить	
изгодити	улучить время	
изгонити	выгнать	
изгонъ	преследование	
изгоняющій	изгоняющий	
изгорѣти	сгореть	
изготовити	приготовить	
изгошити	устроить	
изгрꙋбити	погрешить	
изгѹбати	совокуплять	
изгѹбити	погубить	
изгꙋсти	горевать	
изгꙑбати	исчезать	
изгꙑбнꙋти	погибнуть	
изгꙑнати	изгонять	
издавати	отпускать	
издавити	раздавить	
издавьна	издавна	
издалеча	издали	
издалече	издали	
изданіе	издание	
издающій	издающий	
издаꙗти	отдать	
изджити	прожить	
издобрити	украсить	
издобꙑти	раздобыть	
издоволити	снабдить	
издоровѣти	выздороветь	
издраиль	Израиль	
издрѧдь	чрезвычайно	
издрѧдьно	чрезвычайно	
издълбити	выдолбить	
издъхнꙋти	умереть	
издыхающій	издыхающий	
издѣваючи	дееприч. от издѣвать	
издѣлати	устроить	
издѣлити	наделить чем-либо	
издѣліе	изделие	
издѣти	извлечь	
издѣꙗти	совершать	
издѹшити	задушить	
издꙑхати	задыхаться	
изискꙑвати	искать судом	
изити	выйти	
изкѹпити	искупить	
изламати	сломать	
излаꙗти	обругать	
излиха	чрезвычайно, слишком; ещё больше	
излихвавати	давать в рост (под процент)	
излишней	вариант излишній	
излишній	излишний	
изложеніе	изложение	
изложити	рассказать	
изломити	сломать	
излюбити	избрать	
излюбодѣꙗти	дойти до предела в прелюбодеянии	
излєчи	лечь	
излѣчити	вылечить	
излѹчити	улучить	
измаати	орошать	
измарагдъ	изумруд	
изминꙋти	опередить	
измлѣти	смолоть	
изможденіе	измождение	
измождити	слабеть	
измолвити	произнести	
измолити	упросить	
измолсти	выдоить	
изморомрати	источить, как бы мраморными жилками	
измостити	выкладывать	
измочи	смочь	
измъждалꙑи	изнурённый	
измъжчалꙑи	измождённый	
измъкнꙋти	вытянуть	
измълвити	сказать	
измълсти	выдоить	
измьдѣти	испепелиться	
измьрзнꙋти	озябнуть	
измьртвѣти	?	
измюлазъ	плющ	
измєтати	выметать	
измѣненіе	изменение	
измѣнившій	изменивший	
измѣнившійся	изменившийся	
измѣнити	изменить	
измѣрити	измерить	
измꙋчити	замучить	
измꙑти	вымыть	
измꙗсти	смутить	
изнаимовати	нанять	
изнаити	отыскать	
изнарѧдити	снарядить	
изнаходити	отыскивать	
изнемогаючи	изнемогая	
изнемогающій	изнемогающий	
изнеможеніе	изнеможение	
изникнꙋти	вырасти	
изница	украдкой	
износити	выносить	
изнуреніе	изнурение	
изнуряяй	церк.-слав. изнуряющий	
изнываніе	изнывание	
изньсти	обнажить	
изнєбꙑти	лишиться	
изнєволити	отвергнуть	
изнємагати	терять силу	
изнєсти	вынести	
изнѹрити	истратить	
изобати	поесть	
изобидѣти	обидеть	
изобилующій	изобилующий	
изобильной	вариант изобильный	
изобиліе	изобилие	
изображавшій	изображавший	
изображающій	изображающий	
изображаяй	изображающий	
изображеніе	изображение	
изобразити	изобразить	
изобразовати	изобразить	
изобрѣсти	придумать	
изокъ	кузнечик	
изообразити	изобразить	
изообрѣсти	найти	
изоставити	поставить	
изострити	заострить	
изотѧти	отнять	
израда	измена	
израстити	произрастить	
изратовати	победить	
изрекающій	изрекающий	
изреченіе	изречение	
изржавѣти	изоржаветь	
изринꙋти	выгнать	
изрицати	говорить	
изродъ	порождение	
изрокъ	грех	
изронити	проронить	
изронъ	потеря	
изрядной	вариант изрядный	
изрєчи	произнести	
изрѣшити	освободить	
изрѣꙗти	выплеснуть	
изрѧдити	распорядиться	
изрѧдьно	особенно	
изрѧдьнѣ	преимущественно	
изрѹшити	нарушить	
изрꙑти	выкопать	
изслѣдованіе	исследование	
изслѣдователь	исследователь	
изумленіе	изумление	
изумрудной	вариант изумрудный	
изучающій	изучающий	
изученіе	изучение	
изшествіе	исшествие	
изъ	из	
изъꙗсти	съесть	
изяществуяй	изяществующий	
изєкрꙑи	голубой	
изѣдєнина	звероядина	
изѣкрꙑи	голубоглазый	
изѫтри	изнутри	
изѹмѣти	разуметь	
изѹпрашати	расспрашивать	
икаючи	дееприч. от икать	
икониискъ	иконийский	
икономъ	управитель	
иконьскъ	иконийский	
икра	икра	
илосъ	вид вредного насекомого	
ильстити	соблазнить	
иманиѥ	имущество	
имати	хватать	
имберъ	ботан. имбирь (Zingiber)	
именовавшійся	именовавшийся	
императоръ	истор. император; титул монарха, главы империи, а также лицо носящее этот титул	
импола	поршень	
имянуючи	именуя	
имєла	приманка для птиц	
имєнитъ	славный	
имєнить	славный	
имєновати	называть	
имѣвшій	имевший	
имѣвъ	дееприч. от имѣть	
имѣниѥ	состояние	
имѣніе	имение	
имѣти	иметь	
имѣть	иметь	
имѣючи	дееприч. от имѣть	
имѣюще	дееприч. от имѣть	
имѣющій	имеющий	
имѣющійся	имеющийся	
имѣя	дееприч. от имѣть	
имѣяй	церк.-слав. имеющий	
имѧ	имя	
имꙑ	имѣти	
инако	иначе	
инаковьство	разница	
инамо	в другое место	
иначе	ещё	
иначє	ещё	
индиктъ	мера времени	
инии	иней	
ино	но	
ино	фиалка	
иновѣрьникъ	еретик	
иновѣрьнъ	иноверный	
иногда	когда-то	
иногда	в другой раз	
иногдꙑ	прежде	
инодѹшьно	единодушно	
инокость	?	
инокость	странствование по чужбине	
инокъ	одиночка	
инольдꙑ	иногда	
иномꙑсльнъ	единомыслящий	
иномꙑшлѥшиѥ	единомыслие	
иноплеменникъ	иноплеменник	
иноплошь	?	
иноплємєньникъ	иноплеменник	
инорогъ	единорог	
инорожь	единорогов	
иносказати	выражаться иносказательно	
инославити	быть особого мнения	
иностань	постоянно	
иностаньнъ	постоянный	
иностраньникъ	чужестранец	
иносъкаꙁаѥмъ	иносказательный	
иночимъ	отчим	
иночьнꙑи	уединённый	
иночьскъ	иноческий	
иночьство	иночество	
иночѧдъ	единственный	
иноѩзꙑчьникъ	чужестранец	
иншии	другой	
инъде	в другом месте	
инъдє	в другом месте	
инърогъ	единорог	
инѫдѣ	другим путём	
инѫдѹ	в другом месте, другим путём, из другого места	
инꙑи	один	
иоанъ	Иван	
иовъ	Иов	
ирмологии	книга, содержащая ирмосы всех богослужебных книг	
иродъ	Ирод	
исадити	рассадить	
исадъ	пристань	
искавшій	искавший	
исказа	выкидыш	
исказати	описать	
исказити	оскопить	
исказнити	наказать	
исканиѥ	исследование	
искариотьскъ	искариотский	
искати	искать	
искать	искать	
искаꙁити	уничтожить	
иский	ищущий	
искладати	выкладывать	
исклати	заколоть	
исключеніе	исключение	
исковати	выковать	
исколоти	расколоть	
искони	испокон, в начале	
исконьнъ	исконный	
исконьчавати	тратить	
исконьчати	оканчивать	
ископаниѥ	раскопка	
ископати	выкопать	
ископовати	выкопать	
искорєнити	изгнать	
искорєнити	вырвать с корнем	
искочити	выскочить	
искравꙑи	испускающий искры	
искрасти	украсть	
искрачило	орудие пытки	
искренней	вариант искренній	
искренній	искренний	
искривляющій	искривляющий	
искропати	зашить заплатками	
искропити	зашить заплатками	
искропытьнѣ	совершенно, точно	
искропꙑтаниѥ	тщательность	
искрь	плагальный лад	
искрь	близко, недалеко	
искрѹшити	разрушить	
искупившій	искупивший	
искупленіе	искупление	
искушавшій	искушавший	
искушающій	искушающий	
искушеніе	искушение	
искѹпати	выкупать	
искѹпити	купить	
искѹпити	искупить	
искѹсимꙑи	опытный	
искѹсити	испытать	
искѹситєль	искуситель	
искѹсъ	искушение	
искѹсъ	испытание	
искѹсьникъ	исследователь	
искѹсьнъ	опытный	
искѹшати	искушать	
искѹшєниѥ	испытание	
искꙑ	ищущий	
искꙑдати	выбросить	
искꙑпавати	бить ключом	
искꙑпѣти	вытечь с кипением	
искꙑпѣти	брызнуть	
ислѣдити	проследить что-либо	
ислѣдити	выследить	
ислѣпати	стремительно вытекать	
ислѣпити	ослепить	
испадати	выпасть	
испадати	вступать в споры	
испакостити	испортить	
испалити	сжигать	
испареніе	испарение	
испасти	ниспасть	
испасти	отпасть	
испещи	испечь	
испирꙑвати	вымывать	
испити	выпить	
исплакати	вымывать	
исплънити	вариант испльнити	
испльнити	исполнить	
испльнити	наполнить	
испльнь	полностью	
испльнѥниѥ	полнота	
исплєсти	сплести	
исплєтати	плести	
исплѣснивѣти	заплесневеть	
исплѣснѣвѣти	заплесневеть	
исплѣти	выполоть	
исплѧсати	станцевать	
исплꙑти	уплыть	
исповѣданиѥ	исповедание	
исповѣданіе	исповедание	
исповѣдати	возвещать	
исповѣдающій	исповедующий	
исповѣдовати	исповедовать	
исповѣдывать	исповедовать	
исповѣдьникъ	исповедник	
исповѣдьница	сторонница	
исповѣдѣти	рассказать	
исповѣдѣти	исповедать	
исподней	вариант исподній	
исподній	исподний	
испокастити	погубить	
исполимꙑи	пламенный	
исполинъ	исполин	
исполненіе	исполнение	
исполнившій	исполнивший	
исполнившійся	исполнившийся	
исполняющій	исполняющий	
исполняяй	исполняющий	
исполовиѥ	половничество	
исполовьникъ	работающий исполу	
исполокати	стирать	
исполъ	исполин	
испольникъ	исполин	
исполѣвати	воспламеняться	
исполѣниѥ	страсть	
исполѣти	сгореть	
исполѹ	наполовину	
испомьнѣти	вспомнить	
испоносити	делать неприятное	
испоротокъ	кесарь	
испорохнѣти	превратиться в прах	
испорꙋгати	надругаться	
испорꙋчати	проявлять заботу	
испостигнꙋти	догнать	
испочити	отдохнуть	
исправити	исправить	
исправитєль	вождь	
исправленіе	исправление	
исправляяй	исправлять	
исправлѥниѥ	укрепление	
исправлꙗти	исправлять	
испражненіе	испражнение	
испрахнѣти	сгнить	
испрашати	просить	
испраꙁнити	отменить	
испроводити	проводить	
испроврѣшти	перевернуть	
испроврѣщи	перевернуть	
испромєтати	раскидать	
испросити	просить	
испросити	испросить	
испрошєниѥ	просьба	
испрьва	сначала, сперва	
испрьва	в начале	
испрѣти	оправдать на суде	
испрѧжити	накалить	
испужався	испужавшись	
испълзти	выползти	
испытавшій	испытавший	
испытаніе	испытание	
испытующій	испытующий	
испытывающій	испытывающий	
испьсати	украсить живописью	
испьстрити	пестреть	
испєпєлити	превратить в пепел	
испѣвати	петь	
испѣти	пропеть	
испѹстити	отпустить	
испѹстити	испустить	
испѹщєниѥ	испускание	
испꙑтаниѥ	испытание	
испꙑтати	спрашивать	
испꙑтати	испытать	
испꙑтъ	испытание	
испꙑть	испытание	
испꙑтьно	?	
испꙑтьнѣ	?	
исрєбрити	высеребрить	
исступленіе	исступление	
иставити	поставить	
истаеваніе	истаевание	
истаити	растопить	
истаплꙗти	топить	
истарь	издавна	
истачати	источать	
истаꙗти	истощиться	
истекающей	вариант истекающій	
истекающій	истекающий	
истеченіе	истечение	
истивꙑи	истинный	
истина	действительность	
истина	истина	
истиньновати	говорить правду	
истиньнъ	истинный	
истиньнѣ	точно	
истирати	растирать	
истискати	выжимать	
истлѣвающій	истлевающий	
истлѣніе	истление	
исто	почка	
исто	верно	
исто	внутренности	
истобъка	изба	
истовати	подтверждать истину	
истовъ	истинный, настоящий	
истокъ	источник	
истолкованіе	истолкование	
истома	притеснение	
истонѫти	утонуть	
истопити	вытопить	
истопити сѧ	потонуть	
истоплꙑи	утонувший	
истора	расход	
исторга	изгнание	
историꙗ	рассказ	
исторъ	издержка	
источати	источать	
источити	пролить	
источити	источить	
источникъ	источник	
источьникъ	источник	
истощившійся	истощившийся	
истратити	истребить	
истребленіе	истребление	
истребляющій	истребляющий	
истрина	водоём	
истръганиѥ	разрыв	
истръгати	перервать	
истръгнѫти	исторгнуть	
истрѣбити	очистить	
истрѣблѥниѥ	очищение	
истрѣблꙗти	очищать	
истрѣзвѣти	отрезветь	
истрѧкнꙋти	иссохнуть	
истрѧсти	отряхнуть	
истрꙑти	разрушить	
истъ	истинный, настоящий	
истъкати	выткать	
истъкмѣти	сравнивать	
истъкнѫти	выковырнуть	
истъкнꙋти	выколоть	
истънити	уменьшить	
истънѣти	ослабеть	
истъргнꙋти	извлечь	
истьба	изба	
истьлити	истребить	
истьлѣниѥ	разрушение	
истьлѣти	погибнуть	
истязаніе	истязание	
истєрꙗти	растратить	
истєсати	высечь	
истєщи	брызнуть	
истѣ	по истине	
истѣкати	течь	
истѧзати	расспрашивать	
истѧꙃати	спросить	
истѫпити	выйти	
истꙋпити	отделиться	
истꙑдѣти	остыть	
истꙑкати	плести	
истꙑти	остывать	
исхаждати	добывать	
исхарчити	истратить пищу	
исхватити	выхватить	
исходатаи	ходатай	
исходатаиникъ	заступник	
исходившій	исходивший	
исходити	вытекать	
исходити	выходить	
исходищє	исход	
исходъ	кончина	
исходъ	исход	
исходяй	исходящий	
исходящей	вариант исходящій	
исходящій	исходящий	
исходѧ	выходящий	
исхождєниѥ	исход	
исхꙑтити	похитить	
исхꙑтити	выхватить	
исцѣдити	нацедить	
исцѣленіе	исцеление	
исцѣлившій	исцеливший	
исцѣлити	вылечить	
исцѣлить	исцелить	
исцѣлиться	исцелиться	
исцѣлять	исцелять	
исцѣлѣти	выздороветь	
исцѣнити	оценить	
исчазъ	экстаз	
исчазꙑвати	губить	
исчезающій	исчезающий	
исчинити	устроить	
исчисленіе	исчисление	
исчистити	очистить	
исчистѣти	очиститься	
исчьрвити	прокопать	
исъхнѫти	иссохнуть	
исъхнꙋти	иссохнуть	
исєлити	выселить	
исѣчєниѥ	избиение	
исѣщи	вырубить	
исѧкнѫти	иссякнуть	
исѫчити	испарить	
исѹнѫти	обнажить	
исѹнꙋти	вытащить	
Исѹсъ	Иисус	
исѹшити	иссушить	
исꙋчити	высушить	
исꙑпати	высыпать	
исꙑхати	высыхать	
ити	идти	
итолокъ	?	
ихней	вариант ихній	
ихній	ихний	
ицѣлити	излечить	
ицѣлитєль	врач	
ицѣльба	излечение	
ицѣлѣвати	выздоравливать	
ицѣлѣти	выздороветь	
ицѣлѥниѥ	исцеление	
ичучи	дееприч. от икать	
ишьствиѥ	уход	
ищай	ищущий	
ищистити	очистить	
ищитати	считать	
ищрьпати	исчерпать	
ищучи	ища	
ищущей	вариант ищущій	
ищущій	ищущий	
ищєꙁнѫти	исчезнуть	
ищѧдиѥ	порождение	
июдеискъ	иудейский	
июдѣискъ	иудейский	
иѥреискъ	иерейский	
иѥрѣискъ	иерейский	
иѹнии	месяц июнь	
иꙁбавити	избавить	
иꙁбавитєль	избавитель	
иꙁбавлѥниѥ	освобождение	
иꙁбавлꙗти	освобождать	
иꙁбавьникъ	избавитель	
иꙁбивати	истреблять	
иꙁбирати	избирать	
иꙁбити	перебить	
иꙁбльвати	извергнуть	
иꙁборъ	выбор	
иꙁбости	прободать	
иꙁбърати	вариант иꙁбьрати	
иꙁбьраниѥ	избрание	
иꙁбьрати	избрать	
иꙁбѣгати	выбегать	
иꙁбѣгнѫти	выбежать	
иꙁбѣжати	избежать	
иꙁбꙑвати	быть в избытке	
иꙁбꙑти	остаться	
иꙁбꙑтиѥ	избавление	
иꙁбꙑтъкъ	остаток	
иꙁвалити	извергнуть	
иꙁвити	сплести	
иꙁвлачити	извлекать	
иꙁвлѣшти	вытащить	
иꙁводити	выводить	
иꙁволити	изволить	
иꙁволѥниѥ	выбор	
иꙁврачєвати	излечить	
иꙁврѣшти	выбросить	
иꙁврѣщи	выбросить	
иꙁвѣдѣти	знать	
иꙁвѣстити	известить	
иꙁвѣщаниѥ	утверждение	
иꙁвѣщати	возвещать	
иꙁвѣщєниѥ	подтверждение	
иꙁвѧꙁати	связать	
иꙁвꙑкнѫти	выучить	
иꙁганꙗти	изгонять	
иꙁглаголати	рассказать	
иꙁгладити	сгладить	
иꙁгонити	изгонять	
иꙁгорѣти	сгореть	
иꙁгънаниѥ	преследование	
иꙁгънати	изгнать	
иꙁгѹбити	погубить	
иꙁгꙑбати	гибнуть	
иꙁгꙑбнѫти	погибнуть	
иꙁдавьна	издавна	
иꙁдати	выдать	
иꙁдрастити	вырастить	
иꙁдрєшти	произнести	
иꙁдрꙑти	вырыть	
иꙁдъхнѫти	испустить дух	
иꙁдѣлати	изготовить	
иꙁдꙑханиѥ	выдох	
иꙁдꙑхати	кончаться	
иꙁимати	вынимать	
иꙁискати	исследовать	
иꙁлагати	изгонять	
иꙁлаꙁити	выходить	
иꙁливати	выливать	
иꙁлити	излить	
иꙁложити	выложить	
иꙁломити	сломать	
иꙁлѣкованиѥ	выздоровление	
иꙁлѣсти	выйти	
иꙁмлькнѫти	умолкнуть	
иꙁморити	погубить	
иꙁмъждати	ослабеть	
иꙁмѣнити	изменить	
иꙁница	украдкой	
иꙁнова	снова	
иꙁносити	выносить	
иꙁношєниѥ	вынесение	
иꙁнѹрѥниѥ	добыча	
иꙁобличати	изобличать	
иꙁобрѣсти	изобрести	
иꙁобрѣтєниѥ	изобретение	
иꙁострити	наточить	
иꙁъꙗснити	прояснить	
иꙁѣдєниѥ	съедение	
иꙁѣсти	проесть	
иꙁѧти	изъять	
кабала	грамота	
кабальной	вариант кабальный	
кабаней	вариант кабаній	
кабаній	кабаний	
кавида	ваятель	
кавꙑчька	крюковой знак	
каганъ	государь	
кадило	ладан	
кадильница	кадильница	
кадильнъ	кадильный	
кадискъ	Кадеса	
кадити	кадить	
кадъка	кадка	
кадь	кадка	
кадящій	кадящий	
кажденіе	каждение	
каждой	вариант каждый	
каждєниѥ	каждение	
кажучи	дееприч. от казать	
кажєникъ	евнух	
казавшійся	казавшийся	
казакъ	работник	
казати	сказать	
казити	уничтожить	
казна	кладовая	
казнити	подвергать наказанию	
казъ	искажение	
каима	полоса иного цвета по краю вещи	
каимица	уменьшительоне от каима	
калига	башмак	
калиграфиꙗ	каллиграфия	
калика	странник	
калина	калина	
калиникъ	Каллиник	
калита	мешок	
калпакъ	вид шапки	
калъ	грязь	
кальнꙑи	грязный	
калꙗти сѧ	пачкаться	
каменной	вариант каменный	
каменьщикъ	каменщик	
каменіе	камение	
камка	шёлковая цветная ткань с узорами	
камо	куда	
камєниѥ	каменья	
камѣнъ	каменный	
камꙑ	камень	
камꙑкъ	камень	
канагалилѣискъ	Каны Галилейской	
кандила	лампада	
Канецъ	то же, что Ніешанцъ (Ниеншанц); крепость в устье Невы, на территории современного Санкт-Петербурга	
канина	?	
канитєль	канитель	
канъ	хан	
канюкъ	канюк	
канѫти	капать	
кападокиискъ	каппадокийский	
капати	капать	
капищьница	языческий храм	
капищьнъ	идолопоклоннический	
капищє	идол	
каплющій	каплющий	
каплꙗ	капля	
каптанъ	зимняя повозка	
капь	изображение	
карати	наказывать	
карвана	храмовая сокровищница	
карей	вариант карій	
карии	бурый (о масти лошади)	
карити	оплакивать	
кариꙗ	скоморох	
кармазинъ	ткань тёмного цвета	
карманной	вариант карманный	
каръкиносъ	вид вредного краба	
карій	карий	
карꙑи	карий	
касати сѧ	касаться	
касающійся	касающийся	
кастєль	крепость	
катааросъ	вид вредного насекомого	
катапєтазма	завеса	
катарть	парус	
катопєтазмотита	?	
каторга	металлическое украшение пояса	
кациꙗ	жаровня	
качьма	не бегайте	
кашивати	многократно косить	
кашица	каша	
кающійся	кающийся	
каѳедра	то же, что кафедра; специально оборудованное возвышение, с которого читаются лекции, делаются доклады и иные выступления перед аудиторией	
каѳедра	то же, что кафедра; объединение преподавателей учебных дисциплин, относящихся к какой-либо одной отрасли науки (в высших учебных заведениях)	
каѳедра	религ. то же, что кафедра; возвышение с креслом для епископа в христианском соборе	
каѹзасиосъ	крюковой знак	
каꙁаниѥ	поучение	
каꙁати	наставлять	
каꙁити	портить	
каꙁнь	наказание	
каꙁньць	военачальник	
каꙗниѥ	покаяние	
каꙗти сѧ	каяться	
каꙗꙁнь	покаяние	
квасити	окислять	
квасити	квасить	
квасъ	закваска	
квасъ	квас	
квасьникъ	пьяница	
квасьнъ	заквашенный	
квасьнꙑи	кислый	
квасꙗница	мешок	
квочити	угождать	
квѣтъ	цвет	
кгвалтъ	насилие	
кедръ	кедр	
кибитъ	деревцо лука	
кибить	деревцо лука	
киворъ	балдахин	
кивотъ	Ноев ковчег	
кидаръ	покрывало, которое носили на голове еврейские первосвященники	
кидръ	лимонное дерево	
кимвалъ	кимвал	
киндѧкъ	бумажная набойчатая ткань	
киновиꙗ	небольшой монастырь	
кинсонъ	название монеты	
кинъсовъ	податный	
кинъсъ	подать	
кинъсьнъ	податный	
кинь	собака	
кипятящій	кипятящий	
кипячей	вариант кипячій	
кипячий	кипящий	
кипячій	вариант кипящій	
кипящій	кипящий	
кирка	мотыга	
кистка	кисточка	
кисєръ	?	
китаика	шёлковая ткань	
китоврасъ	баснословное существо	
китовъ	китовый	
китосъ	кит	
китъ	кит	
кишька	кишка	
клавшій	клавший	
клада	бревно	
кладеной	вариант кладеный	
кладиво	молот	
кладѧзь	колодец	
кладѧѕь	колодец	
кладѧꙃь	колодец	
клаколъ	колокол	
кланꙗниѥ	поклонение	
кланꙗти сѧ	кланяться	
класти	класть	
класъ	колос	
клати	колоть	
клатити	колебать	
клеветавшій	клеветавший	
клевещущій	клевещущий	
клии	клей	
кликновєниѥ	ликование	
кликнꙋти	закричать	
кликъ	крик	
кликѹнъ	тот, кто громко кричит	
клинъ	клин	
клирикъ	принадлежащий к числу священнослужителей	
клиросъ	клир	
клиросъ	духовенство	
клиросьникъ	клирик	
клирошанинъ	клирик	
клицати	кричать	
кличанинъ	пугающий на охоте зверей криком или шумом	
кличь	клич	
кличь	крик	
клобокъ	камешек	
клобѹкъ	княжеская шапка	
клобѹчьникъ	тот, кто чистит клобуки	
клобѹчьць	уменьшительное от клобук	
клокотати	кипеть	
клокотати	клокотать	
клокотъ	накипь	
клокъ	пучок	
клонившійся	клонившийся	
клонити	клонить	
клонити сѧ	клониться	
клоповей	вариант клоповій	
клоповій	клоповий	
клопотати	шуметь	
клопотъ	шум	
клопотъ	грохот	
клоснь	морщина	
клосньнꙑи	увечный	
клосьнота	вред	
клубъ	клуб	
клубя	дееприч. от клубить	
клубящійся	клубящийся	
клювъ	клюв	
клюдити	говорить	
клюка	устар., диал. обман, коварство, хитрость	
клюкавꙑи	коварный	
клюнъ	клюв	
клюсѧ	жеребёнок	
клюсѧ	вьючное животное	
ключарь	ключник	
ключевый	вариант ключевой	
ключимꙑи	годный	
ключити сѧ	случиться	
ключь	ключ	
ключьникъ	ключник	
ключьница	амбар	
ключьница	ключница	
ключьно	угодно	
клюючи	дееприч. от клевать	
клянуть	вариант клясть	
клянущійся	клянущийся	
клятвопреступленіе	клятвопреступление	
клєвотарь	клеветник	
клєвєта	обвинение	
клєвєта	клевета	
клєвєтарь	обвинитель	
клєвєтати	клеветать	
клєвєтьникъ	клеветник	
клєи	клей	
клєкътати	кричать по орлиному	
клєкътъ	птичий крик	
клєнъ	клён	
клєпати	указывать	
клєпачь	тот, кто клеплет	
клѣи	клей	
клѣтба	клеть	
клѣтишко	уменьшительное от клѣть	
клѣтъка	комната	
клѣтъчька	уменьшительное от клѣть	
клѣть	клеть	
клѣть	хижина	
клѣтька	каморка	
клѣтьнꙑи	прилагательное от клѣть	
клѣтьчатꙑи	клетчатый	
клѧтва	клятва	
клѧтвьникъ	нарушивший клятву	
клѧти	клясть	
клѧчати	становиться на колени	
клꙗпꙑшь	миндаль	
клꙗпꙑшькъ	уменьшительное от клꙗпꙑшь	
клꙗча	рабочая лошадь	
клꙗчь	кляп	
книжникъ	книжник	
кнодалъ	дикий зверь	
кнорозъ	вепрь	
кнѣсъ	балка в потолке	
кобецъ	кобчик	
коблєниѥ	гадание	
кобылей	вариант кобылій	
кобылій	кобылий	
кобь	гадание по птичьему полёту или по встрече	
кобь	судьба	
кобꙑла	самка лошади	
кобꙑла	кобыла	
кобꙑлина	конское мясо	
ковальнꙗ	наковальня	
коварствовавшій	коварствовавший	
коварствовавый	прич. от коварствовать	
коварьство	хитрость	
коварьствовати	злоумышлять	
ковати	делать что-нибудь из металла с помощью молота	
ковати	ковать	
ковачь	кузнец	
коворъ	ковёр	
коврига	хлеб цельный	
коврижька	цельный хлебец	
ковчегъ	ковчег	
ковъ	заговор	
ковъчєгъ	ковчег	
ковыляючи	дееприч. от ковылять	
ковьникъ	заговорщик	
ковьръ	ковёр	
ковьчєжьць	мешок для денег	
ковѹрꙑи	карий (о конской масти)	
когда	чтобы не	
когда	когда-нибудь	
кодрантисъ	римская мелкая меднаямонета	
кожа	кожа, шкура	
кожии	кожаный	
кожина	кожина	
кожьнъ	кожаный	
кожѹхъ	шуба	
козей	вариант козій	
козичина	козья кожа	
козлей	вариант козлій	
козлій	козлий	
козьлина	козья шкура	
козьлищарь	пастух козлов и коз	
козьлѧ	козлёнок	
козій	козий	
коковати	куковать	
кокотоглашєниѥ	пение петухов	
кокотъ	петух	
кокошь	курица наседка	
кокошь	курица	
кокшаръ	?	
коласаискъ	колоссян	
колачь	пшеничный хлеб в форме кольца	
колеблющій	колеблющий	
колеблющійся	колеблющийся	
коли	чтобы не	
коли	когда	
коли	когда-нибудь	
колико	насколько, как	
колико	сколько	
колимоготворьць	делающий шатры	
колимогъ	шатёр	
колихиꙗ	улитка	
коло	круг	
коло	колесо	
колобъ	хлебное изделие	
коловии	верхняя одежда без рукавов	
коловозьць	кочевник	
коловоротъ	инструмент для сверления	
коловоротьнꙑи	прилагательное к коловоротъ	
коловратъ	круговорот	
коловьртьць	?	
коловьртѣниѥ	?	
коловꙑи	прилагательное от колъ	
колода	тяжёлый обрубок дерева	
колодица	насест, на котором держали ловчую птицу	
колодиѥ	собирательное к колода	
колодка	деревянные кандалы	
колодчатꙑи	прилагательное от колода	
колодъка	?	
колодьба	?	
колодьникъ	пленник	
колодьнꙑи	прилагательное от колода	
колодьць	колодец	
колодꙗзь	колодец	
колоколъ	колокол	
колокольница	колокольня	
колокольной	вариант колокольный	
колокольць	колокольчик	
коломищє	кладбище	
колониискъ	колонийский	
колонтарь	безрукавный панцирь из металлических пластин	
колоссъ	колосс	
колоссѹсовъ	прилагательное к колоссъ	
колосьнꙑи	искажённый стыдом	
колоти	колоть	
колотой	вариант колотый	
колоѳа	катышек	
колпакъ	высокая шапка	
колпачьникъ	шапочник	
колъ	кол	
кольвєкъ	либо	
кольхиꙗ	улитка	
кольць	уменьшительное от колъ	
кольчатой	вариант кольчатый	
кольчатꙑи	составленный из колец	
колючей	вариант колючій	
колючи	дееприч. от колоть	
колючій	колючий	
колєсьница	колесница	
колѣбаниѥ	колебание	
колѣбати	двигать	
колѣбати	качать	
колѣно	колено	
колѥниѥ	избиение	
колѧда	коляда	
колѧда	календы	
колѧда	новолетие	
колꙑбати	колебать	
колꙑбєлька	крюковой знак	
колꙑмагъ	стан	
комарей	вариант комарій	
комарка	уменьшительное от комара	
комаръ	комар	
комарьникъ	завеса	
комарій	комарий	
коматъ	кусок	
коммерсантъ	коммерсант	
комната	комната	
комнатной	вариант комнатный	
коморгъ	кувшин	
комплектной	вариант комплектный	
комъканиѥ	причастие	
комъкати	причащать	
комърогъ	кувшин	
конечной	вариант конечный	
конина	лошадиное мясо	
конкуруючи	дееприч. от конкуровать	
конной	вариант конный	
конобъ	котёл	
конопионъ	полог	
контарь	вес	
конфектъ	конфета	
конча	дееприч. от кончить	
кончанъ	прямое оружие с длинным трёхгранным или четырёхгранным клинком	
конь	конь, лошадь	
коньнъ	конский	
коньскъ	конский	
коньць	конец	
коньчавати	оканчивать	
коньчавати	заканчивать	
коньчанинъ	житель конца (части города)	
коньчаниѥ	конец	
коньчати	совершить	
коньчати	кончать	
коньчина	конец	
коньчьнъ	последний	
коньчьнѣѥ	наконец	
конюшей	вариант конюшій	
конюшенной	вариант конюшенный	
конюшій	конюший	
конєвъ	конский	
конєчєловѣкъ	кентавр	
копати	копать	
копачь	копающий землю	
копаючи	дееприч. от копать	
копающе	дееприч. от копать	
копииникъ	копьеносец	
копити	собирать	
копиѥ	копьё	
коплєниѥ	сбережение	
копосаниѥ	истечение семени	
копосати	роскошествовать	
копосъ	истечение семени	
коприна	шёлк	
копръ	анис	
копръ	укроп	
копьна	мера земли	
копєищина	особого рода подать	
копꙑсати	бить копытом	
кора	кора [1]	
кораблекрушеніе	кораблекрушение	
корабльникъ	капитан корабля	
корабь	вариант корабль	
корга	каменистый отлогий берег	
кордъ	род меча	
коренастой	вариант коренастый	
коризна	укор	
користь	польза	
користь	добыча	
корити	оскорблять	
кормлючи	дееприч. от кормить	
кормчей	вариант кормчій	
кормчій	кормчий	
кормъ	корм	
кормя	дееприч. от кормить	
кормячи	дееприч. от кормить	
коробочька	коробочка	
коробєищина	род подати	
корова	зоол. корова	
коровей	вариант коровій	
коровій	коровий	
королица	королева	
коромолити	вести разговор	
коромоловати	вести заговор	
коронной	вариант коронный	
коропичь	карп	
коропъ	карп	
короста	род болячки на коже	
короткой	вариант короткій	
короткій	короткий	
коротополовъ	?	
корсака	бурак	
корсакъ	корсак	
кортєль	женская одежда	
коръ	мера	
коръманъ	сокровищница	
корыстной	вариант корыстный	
корыстолюбивой	вариант корыстолюбивый	
корь	кора	
корьць	мера	
корєниѥ	корни	
корѧ	корень	
корꙑтина	заводь	
коса	коса	
косити	косить	
косматой	вариант косматый	
космꙑкъ	мирянин	
косноязычной	вариант косноязычный	
коснувся	дееприч. от коснуться	
коснувшійся	коснувшийся	
коснувыйся	коснувшийся	
коснясь	дееприч. от коснуться	
коснѫти	коснуться	
коснѫти сѧ	коснуться	
коснꙋти	достигнуть	
косоглазой	вариант косоглазый	
косоръ	палаш	
костарь	игрок в кости	
костной	вариант костный	
костоголова	название рыбы	
костоломъ	болезнь с ломотой в костях	
кость	кость	
костьнꙑи	костный	
костьръ	башня	
костєлъ	башня	
костꙑръ	умопомешательство	
косъ	дрозд	
косый	вариант косой	
косьць	косарь	
котиганъ	тёрн	
котинъ	коршун	
котопанъ	военный чин	
котора	ссора	
которꙑи	который	
котъка	якорь	
котьлъ	котёл	
котьць	окно	
котєрати	осуждать	
котєрꙑи	некоторый	
котєрꙑи	который	
котꙑга	нижняя одежда	
коузница	кузница	
кофтанъ	кафта	
кохль	улитка	
кочанъ	твёрдый ствол кукурузы, капусты	
кочующій	кочующий	
кочь	епанча	
кошечей	вариант кошечій	
кошечій	кошечий	
кошь	стан	
кошь	корзина, короб	
кошька	кошка	
кошьница	корзина	
кощакъ	?	
кощатꙑи	сделанный из кошачьего меха	
коꙁа	коза	
коꙁьлогласованиѥ	разгул	
коꙁьлъ	козёл	
коꙗръ	деталь конских доспехов	
кра	крик вороны	
кра	тонкий лёд	
краань	чиновник	
крабии	коробка	
крабии	ларец	
краварь	пастух	
кравчей	вариант кравчій	
кравчій	вариант кравчий	
крада	костёр	
крадоводити	обманывать	
крадоводити	обольщать	
крадучи	дееприч. от красть	
крадучись	дееприч. от красться	
крадьба	воровство	
краи	предел	
краи	край	
краина	регион	
краина	страна	
краица	окраина	
крайней	вариант крайній	
крайній	крайний	
кракати	каркать	
краковскiй	краковский / перевод Н. Модзелевской, 1949 - НКРЯ	
кракъ	голень	
крамола	мятеж	
крамолити	журить	
крамолованиѥ	действие по глаголу крамоловати	
крамоловати	выступать против кого-либо	
крамольникъ	мятежник	
крамьнꙑи	лавочный	
краплꙗ	капля	
крапєлька	уменьшительное к краплꙗ	
краса	красота	
краса	красавица	
краса	блеск, великолепие	
красивой	вариант красивый	
красити	красить	
красити	украшать	
красноватой	вариант красноватый	
красной	вариант красный	
краснѣть	краснеть	
краснѣючись	дееприч. от краснѣться	
краснѣяй	краснѣющий	
красолюбиѥ	любовь к щегольству	
красота	изящество	
красота	красота	
красти	красть	
красующійся	красующийся	
красъка	красильное вещество	
красьба	украшение	
красьнъ	красивый	
красьнꙑи	прекрасный	
кратъ	раз	
кратъкъ	краткий	
крашєнина	особая ткань	
крашєниѥ	украшение	
крестившійся	крестившийся	
крестивый	крестивший	
крестильной	вариант крестильный	
крестной	вариант крестный	
крестовой	вариант крестовый	
крестъ	крест	
крещеніе	крещение	
кривина	несправедливость	
криво	неверно	
кривоногой	вариант кривоногій	
кривость	лживость	
кривота	зло	
кривъ	кривой	
кривый	вариант кривой	
кривьда	кривда, ложь, несправедливость	
кривьда	зло, подлость, несправедливость	
кривя	дееприч. от кривить	
кривѣ	неправильно	
кривꙑи	неверный	
крижьма	миро	
крикливой	вариант крикливый	
крикъ	крик	
крилатꙑи	крылатый	
крило	крыло	
крина	хлебная мера	
криница	кувшин	
криниѥ	льдины	
кринъ	лилия	
критикующей	вариант критикующій	
критикующій	критикующий	
критической	вариант критическій	
крица	глыба	
кричава	вопль	
кричати	кричать	
кричащей	вариант кричащій	
кричащій	кричащий	
кричучи	дееприч. от кричать	
кричь	крик	
кровавой	вариант кровавый	
кровной	вариант кровный	
кровожадной	вариант кровожадный	
кровопролитіе	кровопролитие	
кровотеченіе	кровотечение	
кровъ	крыша	
кровьнꙑи	прилагательное от кровъ	
кровяный	вариант кровяной	
кроковастꙑи	корявый	
кроковатꙑи	кривоватый	
крокодилъ	зоол. крокодил; крупное хищное водное пресмыкающееся из отряда ящеров с толстой панцирной кожей	
крокодилъ	зоол. крокодил	
крокорꙗвꙑи	кучерявый	
кроликъ	кролик	
кроль	король	
кромъ	замок	
кромьнꙑи	внешний	
кромѣ	кроме	
кромѣ	в стороне, в отдалении	
кромѣ	быть отдаленным, отсутствовать	
кронъ	?	
кропа	капля	
кропива	прозвище	
кропивиѥ	крапива	
кропившій	кропивший	
кропиинꙑи	сделанный из коприны	
кропити	вытекать каплями	
кропити	кропить	
кроплєниѥ	окропление	
кроплѥниѥ	окропление	
кроплꙗ	капля	
кропъ	укроп	
кропящій	кропящий	
кросно	холст	
кротити	успокаивать	
кротити	укрощать	
кроткой	вариант кроткій	
кроткій	кроткий	
кротолюбьць	миролюбивый человек	
кроторъ	гангрена	
кротость	милосердие	
кротостьнъ	исполненный кротости	
кротъко	спокойно	
кротъкъ	кроткий	
кротъцѣ	?	
кротько	кротко, терпеливо	
кротьцѣ	кротко	
крошечной	вариант крошечный	
кроючи	дееприч. от крыть	
круглой	вариант круглый	
круговый	вариант круговой	
крупной	вариант крупный	
крутый	вариант крутой	
кръвавъ	кровавый	
кръвопивъ	кровожадный	
кръвоточивъ	страдающий кровотечением	
кръвоточица	женщина, страдающая кровотечением	
кръвоꙗдениѥ	кровожадность	
кръвоꙗдивъ	кровожадный	
кръвь	кровь	
кръвьнъ	кровавый	
кръгꙑга	повозка	
кръкнѫти	пискнуть	
кръкꙑга	повозка	
кръма	корма	
кръмити	кормить	
кръмлѥникъ	грудной ребёнок	
кръмлѥниѥ	насыщение	
кръмьникъ	рулевой	
кръшька	крошка	
крылатой	вариант крылатый	
крылошанинъ	устар. клирошанин	
крыти	крыть	
крытой	вариант крытый	
крьстаница	Крискентия	
крьстити	крестить	
крьстиꙗнѣ	по-христиански	
крьстиꙗнꙑни	христианка	
крьстообразьно	крестообразно	
крьстообразьнѣ	крестообразно	
крьстъ	нательный крест	
крьстъ	крест	
крьстьчатꙑи	украшенный крестами	
крьстѧ	крестящий	
крьщати	крестить	
крьщєниѥ	крещение	
крюкъ	крюк	
крєктати	трещать	
крємль	замок	
крємꙑкъ	кремень	
крєчагъчии	гончар	
крєчагъчинъ	притяжательное прилагательное от крєчагъчини	
крєчатъ	кречет	
крєчьтаниѥ	кваканье	
крєчєтъ	цикада	
крѣпити	крепить	
крѣпко	крепко	
крѣпкій	крепкий	
крѣплꙗти	укреплять	
крѣпость	мужество	
крѣпость	крепость	
крѣпъ	крепкий	
крѣпъко	твёрдо	
крѣпъко	крепко	
крѣпъко	основательно, усиленно	
крѣпъкорꙋкꙑи	могучий	
крѣпъкъ	крепкий	
крѣпъцѣ	твёрдо	
крѣпѣ	крепко	
крѣсъ	солнечный поворот	
крѣсєниѥ	воскресение	
крѫгъ	круг	
крѹжька	кружка	
крѹпа	крупа	
крѹпица	крошка	
крѹпо	кроха	
крꙋглооблꙑи	сферический	
крꙋглꙑи	круглый	
крꙋгъ	круг	
крꙋжити	ходить по кругу	
крꙋжьнꙑи	круговой	
крꙋтити	превращать пороховые лепешки в зерна	
крꙋтобєрєгꙑи	имеющий крутые берега	
крꙋчина	неприятность	
крꙑ	кровь	
крꙑти	крыть	
крꙑти	покрывать, скрывать	
крꙗкнꙋти	издать кряканье	
ксилолои	алойное дерево	
ксиролофъ	?	
ктиторъ	основатель	
куббуцъ	куббуц	
кувшинъ	кувшин	
кудрявой	вариант кудрявый	
куконосый	устар. горбоносый	
кулачной	вариант кулачный	
купающійся	купающийся	
купившій	купивший	
куповати	куповать	
купуя	дееприч. от куповати	
купя	дееприч. от купить	
куреніе	курение	
курносой	вариант курносый	
курчавой	вариант курчавый	
курясь	дееприч. от куриться	
курячей	вариант курячій	
курячи	дееприч. от курить	
курячій	курячий	
курящійся	курящийся	
кусаючи	дееприч. от кусать	
кусаючись	дееприч. от кусаться	
кусковый	вариант кусковой	
кующій	кующий	
къбьль	ковш	
къдманъ	плащ	
къдє	где	
къдє	где-нибудь, где-то	
къзнодѣланиѥ	?	
къзнь	мысль, замысел	
къзнь	козни, происки	
къзнь	соблазн	
къзньствовати	строить козни	
къмотра	кума	
къмєтищь	воин	
къмєть	витязь	
къмєтьство	воинство	
кънига	книга	
кънижька	книжка	
кънижьникъ	книжник	
кънижьнъ	книжный	
кънѧгꙑни	княгиня	
кънѧжь	властителя	
кънѧжьщина	род подати	
кънѧзиꙗ	князья	
кънѧзь	князь	
кънѧзьство	княжество	
кънѧзьць	сын князя	
кънѧѕь	правитель	
кънѧꙃь	правитель	
къра	кусок	
кързно	плащ	
кърмина	?	
кърмлꙗ	пища	
кърѧ	корень	
къснѣти	медлить	
къто	кто	
къшь	жребий	
къꙁнь	козни, коварный замысел	
Кыевъ	Киев	
кюръ	титул особ византийского императорского двора	
кєдръ	кедр	
кєдрьнꙑи	кедровый	
кєлиꙗ	жилище монаха	
кєнтавръ	кентавр	
кєрбать	водоходное судно	
кєсариискъ	Кесарии	
кєсарьскъ	кесарский	
кѫдѹ	каким путём	
кѫдѹ	откуда	
кѫпина	куст	
кѫпиниѥ	кустарник	
кѫпѣль	купальня	
кѫща	палатка	
кѵринѣискъ	киренейский	
кѷрїлловица	глаголица	
кѹгмакъ	место, заросшее еловым лесом	
кѹдити	хулить	
кѹкѹль	куколь	
кѹлакъ	кулак	
кѹлига	пожня среди леса или пашен	
кѹлижька	уменьшительное от кѹлига	
кѹма	кума	
кѹмирослѹжєниѥ	идолослужение	
кѹмироꙗсти	есть приносимое в жертву идолам	
кѹмиръ	идол	
кѹмиръ	кумир	
кѹмирь	вариант кѹмиръ	
кѹмирьница	языческий храм	
кѹмирьскъ	кумира	
кѹнии	куний	
кѹнтѹръ	звание в ордене	
кѹпалиꙗ	канун Иванова дня	
кѹпити	купить	
кѹплєнина	покупка	
кѹплꙗ	торговля	
кѹповати	покупать	
кѹпръ	Кипр	
кѹпъ	торговля	
кѹпьно	вместе	
кѹпьно	вместе, совместно	
кѹпьно	одновременно	
кѹпьносѫщиѥ	единосущие	
кѹпьнѣ	вместе	
кѹпьнѣ	единосущный	
кѹпьць	купец	
кѹпьчина	купец	
кѹпѹръ	садовник	
кѹрганъ	курган	
кѹрии	петушиный	
кѹрити сѧ	дымиться	
кѹриꙗ	залив	
кѹроглашєниѥ	пение петухов	
кѹроптина	мясо куропатки	
кѹръ	петух	
кѹрьскꙑи	петуший	
кѹрѥниѥ	дым	
кѹрѧ	цыплёнок	
кѹрѧтина	куриное мясо	
кѹрꙑи	каурый	
кѹсина	?	
кѹстарь	кустарник	
кѹтиꙗ	кутья	
кѹхмистръ	лицо, ведавшее столом	
кѹцєръ	соха	
кѹшакъ	кушак	
кѹшати	откусывать	
кѹшати	пробовать	
кѹꙁньць	кузнец	
кѹꙗти	роптать	
кꙋпина	терновник	
кꙋсъ	кусок	
кꙋща	шатёр	
кꙋщии	притяжательное прилагательное от кꙋща	
кꙑвати	кивать	
кꙑи	молот	
кꙑи	какой	
кꙑй	который	
кꙑка	волос	
кꙑкати	кричать	
кꙑпрꙑи	ноздреватый	
кꙑпѣти	кипеть	
кꙑпѣти	бурлить	
кꙑснꙋти	быть под дождём	
кꙑсьлꙑи	кислый на вкус	
кꙑсєлинꙑ	кислые плоды	
кꙑсєличиѥ	яблонь	
кꙑсєль	кисель	
кꙑсѣлъ	молодое вино	
кꙑсѣлꙑи	кислый	
кꙑти	кивать	
кꙑчениѥ	кичливость	
кꙑчивꙑи	спесивый	
кꙑчити сѧ	кичиться	
кꙑчєниѥ	высокомерие	
кꙑчєниѥ	кичливость	
Кꙑѥвъ	Киев	
кꙑꙁнь	козни	
кꙑꙁньникъ	творец	
кꙑꙗнинъ	киевлянин	
лавица	лавка	
лавра	монастырь	
лавровой	вариант лавровый	
лаврьскъ	лавры	
лавъка	скамейка	
лагама	?	
лагана	блин	
лагиръ	топор	
лагода	устар. мир или порядок	
лагодити	делать приятное	
лада	муж	
ладии	корабль	
ладиица	лодка	
ладити	мирить	
ладьновати	иметь согласие	
лазорь	лазурь	
лазурной	вариант лазурный	
лаи	ссора	
лаибина	?	
лаино	кирпич	
лаица	ругатель	
лаичивꙑи	бранчивый	
лакавшій	лакавший	
лаковой	вариант лаковый	
лакомой	вариант лакомый	
лакомъ	жадный	
лакъть	локоть	
лакъть	анат. локоть	
лалока	глотка	
лалъ	род яхонта жёлтого цвета	
лальць	уменьшительное от лалъ	
ламати	ломать	
ланита	щека	
лаодикиискъ	лаодикийский	
лапоть	лапоть	
лапь	опять	
лапꙑ	опять	
ларь	ларь	
ласица	ласка	
ласка	ласка	
ласкавꙑи	льстивый	
ласканиѥ	лесть	
ласкати	ласкать	
ласкати	льстить	
ласкаючи	дееприч. от ласкать	
ласкающи	дееприч. от ласкать	
ласковой	вариант ласковый	
ласкочь	льстец	
ласкърдовати	обжираться	
ластовичь	ласточкин	
ластѹна	род ласточки	
лата	заплата	
латиньскы	по-латински	
латиньскꙑ	по-латински	
латной	вариант латный	
латъка	горшок	
латꙑ	горшок	
лахань	лохань	
лачьба	алчба	
лаꙁарь	Лазарь	
лаꙗниѥ	козни	
лаꙗти	лаять	
лаꙗтєль	наветник	
лаꙗтєль	тот, кто строит козни	
лебяжей	вариант лебяжій	
лебяжій	лебяжий	
левъ	лев	
легати	ложиться спать	
легая	дееприч. от легати	
легкой	вариант легкій	
легкій	лёгкий	
ледъ	лёд (в всех значениях)	
ледъ	лёд	
лежавшій	лежавший	
лежай	лежащий	
лежати	лежать	
лежачей	вариант лежачій	
лежачи	дееприч. от лежать	
лежачій	лежащий	
лежачій	лежачий	
лежащій	лежащий	
лежучи	вариант лежачи	
ленъ	лён	
лепечущій	лепечущий	
лестной	вариант лестный	
летаючи	дееприч. от летать	
летающій	летающий	
летучей	вариант летучій	
летучій	летучий	
летящій	летящий	
летѣти	лететь	
лечи	лечь	
лжа	дееприч. от лгать	
лживой	вариант лживый	
лжущий	лгущий	
либивꙑи	тощий	
либо	либо	
либѣвꙑи	худой	
ливада	луг	
ливаньскъ	ливанский	
лившійся	лившийся	
лизати	лизать	
ликовавшій	ликовавший	
ликованіе	ликование	
ликовати	торжествовать	
ликовати	плясать	
ликоствовати	торжествовать	
ликующій	ликующий	
ликъ	лик	
ликъствовати	праздновать	
лилии	лилия	
лиловой	вариант лиловый	
лимонной	вариант лимонный	
линейной	вариант линейный	
линючей	вариант линючій	
линючій	линючий	
линяющій	линяющий	
липа	липа [1]	
липкой	вариант липкій	
липкій	вариант липкий	
липовой	вариант липовый	
лисей	вариант лисій	
лисии	лисий	
листвиѥ	листья	
листопадъ	октябрь	
листъ	письмо	
листъ	лист	
лисъ	лисица	
лисъ	лис	
лисій	лисий	
литейной	вариант литейный	
лити	лить	
литица	азбука	
литра	вес	
лихва	лихва	
лихва	проценты	
лихвовати	обижать	
лихновати	совершать преступление	
лихновица	избыток	
лихнꙋти	преступить	
лихо	слишком	
лихо	чрезмерно, слишком, чрезвычайно	
лихо	свыше, сверх, больше	
лихованиѥ	лишение	
лиховати	лишать	
лихоиманиѥ	корыстолюбие	
лихоимиѥ	корыстолюбие	
лихоимьствиѥ	корыстолюбие	
лихомꙋдрꙑи	злонамеренный	
лихомꙑслити	замышлять дурное	
лихорадочной	вариант лихорадочный	
лихосътворити	совершить дурное	
лихотъкъ	излишек	
лихоть	неравенство	
лихоꙗдєниѥ	обжорство	
лихъ	дурной	
лицемѣрно	лицемерно	
лицемѣріе	лицемерие	
лицепріятіе	лицеприятие	
лицє	лицо	
лицє	анат. лицо	
лицє	вид, облик	
лицємѣрие	лицемерие	
лицємѣриѥ	лицемерие	
лицємѣръ	лицемер	
лицємѣрьно	иронически	
лицємѣрьство	лицемерие	
лицєтворити	олицетворять	
личина	налобник	
личєниѥ	вид	
лиша	дееприч. от лишить	
лишати	лишать	
лишати сѧ	терпеть лишения	
лишеніе	лишение	
лишившій	лишивший	
лишивый	лишивший	
лишии	больший	
лишити	лишить	
лишней	вариант лишній	
лишній	лишний	
лишєниѥ	лишение	
лия	дееприч. от лить	
лиясь	дееприч. от литься	
лиꙁати	лизать	
лиꙗти	лить	
лобзаючи	дееприч. от лобзать	
лобзая	дееприч. от лобзать	
лобода	лебеда	
лобъзати	целовать	
лобъꙁаниѥ	лобзание	
лобъꙁати	поцеловать	
лобызаючи	дееприч. от лобызаючи	
лобызая	дееприч. от лобызать	
лобєда	лебеда	
лобꙑꙁаниѥ	поцелуй	
лобꙑꙁати	лобзать	
ловитва	ловля	
ловити	ловить	
ловкой	вариант ловкій	
ловкій	ловкий	
ловлꙗ	охота	
ловчей	вариант ловчій	
ловчій	ловчий	
ловъ	охота	
ловъ	то же, что лов; ловля; охота или поиск чего-кого-либо	
ловъ	то же, что улов; то, что добыто ловлей	
ловьць	охотник	
ловьчь	охотничий	
ловящій	ловящий	
логии	украшение у еврейских первосвященников	
лодъка	лодка	
ложити	класть	
ложной	вариант ложный	
ложька	ложка	
ложьница	спальня	
лозина	ива	
лозьнꙑи	относящийся к лозе	
лои	сало	
лоива	судно у новгородцев, немцев и корелы	
локати	лакать	
локотьница	размером в локоть	
локꙑ	лужа	
ломати	ломать	
ломивꙑи	расслабленный	
ломити	ломить	
ломити	ломать	
ломкой	вариант ломкій	
ломкій	вариант ломкий	
лони	прошлого года	
лоно	грудь	
лонъ	кокосовый орех	
лоньщина	прошлогоднее	
лопата	лопата	
лопатъка	лопатообразный конец завязки у старинных платьев	
лопотати	лепетать	
лопотивъ	косноязычный	
лосей	вариант лосій	
лоскутъ	участок земли	
лоскъ	лощина	
лососей	вариант лососій	
лососій	лососий	
лосій	лосий	
лохань	лохань	
лоханꙗ	лохань	
лошадиной	вариант лошадиный	
лошадь	лошадь	
лошадька	лошадка	
лошакъ	лошак	
лощатꙑи	имеющий вид ложки	
лощеной	вариант лощеный	
лоꙁа	виноградная лоза	
лоꙁиѥ	виноградные лозы	
лоꙗло	?	
лугъ	то же, что луг; равнительно ровный участок, покрытый травянистой растительностью	
лугъ	ботан. то же, что луг; тип зональной и интразональной растительности, характеризующийся преобладанием многолетних травянистых растений в условиях достаточного или избыточного увлажнения	
лукавой	вариант лукавый	
лукъ	лук	
лунатикъ	лунатик	
лунной	вариант лунный	
лучезарной	вариант лучезарный	
лучистой	вариант лучистый	
лучшій	лучший	
лъбъ	голова	
лъбьнꙑи	лобный	
лъгати	лгать	
лъгати	врать	
лъжа	ложь, обман	
лъжа	жёлоб, канал	
лъжа	ложь	
лъживъ	лживый	
лъживꙑи	лживый	
лъжии	лживый	
лъжимꙑи	мнимый	
лъжипослѹхъ	лжесвидетель	
лъжица	ложка	
лъжь	лживый	
лъжьнъ	ложный	
лъжьнꙑи	ложный	
лъжєимєнитъ	ложный	
лъжєпослѹхъ	лжесвидетель	
лъжєпророкъ	ложный пророк	
лъжєсловити	лгать	
лъжєсъвѣдѣниѥ	лжесвидетельство	
лъжєсъвѣдѣтєль	лжесвидетель	
лъжєхристосъ	ложный христос	
лысой	вариант лысый	
львиной	вариант львиный	
львичь	львёнок	
львъ	лев	
львъ	зоол. лев (Panthera leo)	
львьскъ	львиный	
львьскꙑ	подобно льву	
льга	возможно	
льготить	давать льготу	
льготя	дееприч. от льготить	
льгъко	легко, без трудностей	
льгъко	без оков	
льгъкъ	лёгкий	
льгъчити	облегчать	
льгꙑни	польза	
льнъ	лён	
льнѣнъ	льняной	
льнѧ	козлёнок	
льнѧнꙑи	льняной	
льстивой	вариант льстивый	
льстивъ	лукавый	
льстивꙑи	льстивый	
льстити	соблазнять	
льстити	обманывать	
льсть	лесть	
льсть	хитрость	
льсть	коварство	
льстьба	обман	
льстьма	притворно	
льстьць	обманщик	
льстьчь	прилагательное от льстьць	
льстя	дееприч. от льстить	
льстясь	дееприч. от льститься	
льстящій	льстящий	
льщаниѥ	блистание	
льщати	обманывать	
льщєниѥ	обольщение	
льщєниѥ	хитрость	
лья	дееприч. от лить	
льясь	дееприч. от литься	
льѕѣ	можно	
льѕѣ	нельзя, невозможно	
любезной	вариант любезный	
любивъ	любящий	
любивꙑи	любящий	
любимой	вариант любимый	
любимъ	любимый	
любимꙑи	любимый	
любити	любить	
любить	любить	
любитєль	тот, кто имеет пристарстие	
люблѥникъ	почитатель	
люблѥниѥ	любовь	
любо	либо	
любовати	любоваться	
любовной	вариант любовный	
любодѣиство	любодеяние	
любодѣица	блудница	
любодѣльнꙑи	трудолюбивый	
любодѣство	прелюбодеяние	
любодѣяніе	любодеяние	
любодѣꙗниѥ	прелюбодеяние	
любодѣꙗти	прелюбодействовать	
любомирьскꙑи	любящий всё мирское	
любонищь	любящий бедных	
любоплакати	любить плакать	
любопытной	вариант любопытный	
любопьривъ	сварливый	
любослꙑшаниѥ	внимание	
любостраньниѥ	гостеприимство	
любостраньнъ	гостеприимный	
любостяжаніе	любостяжание	
любоѹчимꙑи	тот, кто склонен к учению	
любъ	приятный	
любьжа	любовное средство	
любьзно	с любовью	
любьзнѣ	любезно	
любьнꙑи	к любви относящийся	
любяй	любящий	
любяй	действ. прич. наст. вр. от любити	
любящій	любящий	
любѧ	любящий	
любꙑ	любовь	
любꙑи	любимый	
людиискъ	лидийский	
людинъ	простолюдин	
людиѥ	люди	
людной	вариант людный	
людьнꙑи	многолюдный	
людьскъ	людской	
люжанинъ	мирянин	
лютикъ	плясун	
люто	тяжёлое, трудное что-нибудь	
люто	люто	
лютой	вариант лютый	
лютость	ярость	
лютость	суровость	
лютотѧгꙑи	тугоуздый	
лютотꙋгꙑи	необузданный	
лютъ	лютый	
лютьць	жестокий человек	
лютѣ	жестоко, люто, страшно	
лютѣ	сильно	
лютꙑи	свирепый	
лютꙑни	кривизна	
люхно	нож, имеющий вид копья, которым вырезается часть просфоры на проскомидии	
лючии	сравнительная степень прилагательного от лютꙑи	
лягушечей	вариант лягушечій	
лягушечій	лягушечий	
лєгатосъ	так называл себя митрополит Исидор	
лєдъ	лёд	
лєдьнꙑи	холодный	
лєжага	кит	
лєжати	лежать	
лєжахъ	кит	
лєжимꙑи	лежащий	
лєжьнька	лежебока	
лєжѧ	лежащий	
лєзъ	острие клинка	
лєкъ	лак	
лєлѣꙗти	качать	
лєлꙗ	тётка	
лєонтии	Леонтий	
лєпта	лепта	
лєтчина	род сукна	
лєтѣти	лететь	
лєчи	лечь	
лєшти	лечь	
лєщина	орешник	
лєщєвина	мясо леща	
лѣвой	вариант лѣвый	
лѣворъ	название растения	
лѣвъ	левый	
лѣвый	левый	
лѣгальница	спальня	
лѣгати	лежать	
лѣзть	лезть	
лѣзя	дееприч. от лѣзть	
лѣнивецъ	ленивец	
лѣнивой	вариант лѣнивый	
лѣнивъ	ленивый	
лѣнивый	вариант ленивый	
лѣнивꙑи	ленивый	
лѣнити сѧ	лениться	
лѣность	леность	
лѣнъ	ленивый	
лѣнь	лень	
лѣнєниѥ	леность	
лѣпити	лепить	
лѣпить	лепить	
лѣпо	хорошо, красиво	
лѣпо	прилично, уместно, надлежащим образом	
лѣпо	предик. следует	
лѣпость	красота	
лѣпота	красота	
лѣпотьно	уместно	
лѣпъ	пластырь	
лѣпъ	красивый	
лѣпьствовати	отличаться	
лѣпѣ	красиво, прекрасно	
лѣсарь	лесовод	
лѣсовати	охотиться	
лѣствица	лестница	
лѣсъ	лес	
лѣсьнъ	деревянный	
лѣсьнꙑи	лесистый	
лѣтати	летать	
лѣто	время	
лѣто	лето	
лѣто	промежуток времени, период; годы || о времени человеческой жизни	
лѣтописаниѥ	летопись	
лѣторасль	ветвь	
лѣтось	летось	
лѣть	можно	
лѣтьнъ	временной	
лѣтьнꙑи	временный	
лѣха	гряда	
лѣха	полоса	
лѣченіе	лечение	
лѣчити	лечить	
лѣчьба	лечение	
лѣчьба	лечение, исцеление	
лѧдина	поле	
лѧдь	судно	
лѧча	чечевица	
лѧчьнꙑи	чечевичный	
лѫгъ	роща	
лѫжьнъ	дубравный	
лѫка	коварство	
лѫкавъ	лукавый	
лѫкавьно	коварно, лукаво	
лѫкавьновати	строить козни	
лѫкавьнъ	коварный	
лѫкавьствиѥ	коварство	
лѫкавьство	коварство	
лѫкъ	лук	
лѫчити	разлучать	
лѹдость	глупость	
лѹдꙑи	глупый	
лѹка	Лука	
лѹкъ	чеснок	
лѹна	Луна	
лѹна	луна	
лѹнавꙑи	луноподобный	
лѹндꙑшь	лундское или английское сукно	
лѹнь	коршун	
лѹньнꙑи	лунный	
лѹньскъ	лунный	
лѹпити	грабить	
лѹплєниѥ	грабёж	
лѹпєжь	грабёж	
лѹспа	скорлупа	
лѹспина	шелуха	
лѹча	луч	
лѹчати сѧ	случаться	
лѹчина	лучина	
лѹчити	найти	
лѹчити сѧ	случиться	
лѹчь	луч	
лѹчє	лучше	
лꙋжьнꙑи	лесной	
лꙋкавьно	коварно	
лꙋкавьнѣ	коварно	
лꙋкорѧбꙑи	извилистый	
лꙋкочь	льстец	
лꙑва	болото	
лꙑвина	лес по болоту	
лꙑко	подкорье дерева	
лꙑсто	голень	
лꙑчьнꙑи	мочальный	
маати	махать	
магистръ	магистр	
магнитной	вариант магнитный	
мазати	помазывать	
мазати	мазать	
маи	май	
маистръ	магистр	
макати	красить	
маковица	купол	
маковка	выпуклое украшение навершия в щите	
маковой	вариант маковый	
макъ	мак	
мала	едва не	
малакиꙗ	корзина	
малиновой	вариант малиновый	
малица	девушка	
мало	мало	
мало	немного	
мало	немного, недолго	
маловажной	вариант маловажный	
маловрѣмєньнъ	преходящий	
маловѣръ	сомневающийся	
маловѣръ	маловер	
маловѣръ	маловерный	
малогодьнъ	кратковременный	
малолѣтній	малолетний	
маломощь	бедняк	
маломь	недалеко, неподалёку	
малорослой	вариант малорослый	
малословиѥ	немногословность	
малосъпаниѥ	недосыпание	
малота	краткость	
малочисмєньнъ	малочисленный	
малъ	маленький, малый	
малъжєна	супружеская пара	
малы	немного	
малы	незадолго до этого, немного раньше	
малы	вскоре после этого, немного позже	
мальчько	немного	
малярной	вариант малярный	
малѣ	едва	
малѣждꙑ	не много раз	
малꙑ	мало	
малꙑи	незначительный	
мама	кормилица	
мамона	обезьяна	
мамона	мамона	
мамъка	няня	
мамьбриискъ	Мамбрийский	
манастриꙗ	монахиня	
манастꙑрь	монастырь	
манастꙑрьскъ	монастырский	
манатиꙗ	мантия	
манеристой	вариант манеристый	
манерной	вариант манерный	
мановєниѥ	мановение	
мантиꙗ	мантия	
маньна	манна	
маньтиица	манатья	
манєниѥ	заманивание	
мара	потеря сознания	
маравьищє	муравейник	
маргаритъ	жемчужины	
маркъ	Марк	
марсипионъ	мешок	
мартии	название месяца - март	
мартъ	март; третий месяц календарного года	
мартъ	название месяца	
Марія	Мария; женское имя	
масленистой	вариант масленистый	
маслина	олива	
маслиньнъ	оливковый	
масличина	маслина (дерево)	
масличной	вариант масличный	
масло	елей	
масльница	сырная неделя	
мастити	мазать	
маститъ	тучный	
мастропа	сводница	
мастєръ	ремесленник	
Матвѣй	Матвей; мужское имя	
материальной	вариант материальный	
матерія	материя	
мати	мать (родительница)	
мати	мать (родительница), матерь	
матица	ад	
маточной	вариант маточный	
матъка	мать	
матєризна	наследство после матери	
матєрьство	дряхлость	
махати	обмахивать	
махина	машина	
махровой	вариант махровый	
махъ	необдуманно	
мачтовой	вариант мачтовый	
мачєха	мачеха	
мачєшиничь	сын мачехи	
мачєшичь	сын мачехи	
машинной	вариант машинный	
машкара	личина	
машучи	дееприч. от махать	
мащєха	мачеха	
маякъ	знак, веха	
маꙁати	мазать	
мгновеніе	мгновение	
межа	межа	
междометіе	междометие	
мелководной	вариант мелководный	
мелкой	вариант мелкій	
мелкій	вариант мелкий	
мелючи	дееприч. от молоть	
мелющій	мелющий	
меньшей	вариант меньшій	
меньшій	меньший	
мерзиться	испытывать омерзение	
мерзясь	дееприч. от мерзиться	
мертвой	вариант мертвый	
металлъ	металл	
мечтательной	вариант мечтательный	
мечучи	дееприч. от метать	
мечучись	дееприч. от метаться	
мечъ	меч	
мигати	жмурить глаза	
мизати	жмурить глаза	
мизати	мигать	
мизгатъ	мечеть	
мизгитъ	мечеть	
мизгить	мечеть	
миленькой	вариант миленькій	
мило	приданое	
миловавшій	миловавший	
миловати	проявлять милость	
миловидной	вариант миловидный	
милой	вариант милый	
милосердіе	милосердие	
милосрьдиѥ	сострадание	
милосрьдъ	милосердный	
милосрьдьнъ	милосердный	
милостивой	вариант милостивый	
милостивъ	ласковый	
милостивьно	милосердно, милостиво	
милостивьць	благодетель	
милостивꙑи	милосердный	
милость	милость	
милостьница	любимица	
милостьнъ	относящийся к милостыни	
милостꙑнька	уменьшительное от милостꙑнꙗ	
милостꙑнꙗ	милостыня	
милующій	милующий	
милъ	милый	
мильнꙑи	жалкий	
милꙗ	мера расстояния	
мимо	помимо	
мимоводити	удалять	
мимовєсти	устранять	
мимогрѧсти	проходить мимо	
мимогрѧсти	миновать	
мимоити	идти мимо	
мимоминѫти	минуть	
мимонєсти	пронести мимо	
мимонєсти	пронести	
мимотєщи	течь мимо	
мимотѣкати	утекать	
мимоходити	миновать	
мимоходъ	прохожий	
мимоходяй	мимоходящий	
мимоходящій	мимоходящий	
мимоходѧ	минующий	
мимоѣздити	проезжать мимо	
минеральной	вариант минеральный	
миновати	проходить мимо	
миновати	миновать	
минутной	вариант минутный	
минующей	вариант минующій	
минующій	минующий	
минѫти	миновать, пройти	
минѫти	пройти, кончиться, прекратиться	
минѫти	перейти	
минѹти	пройти, проехать мимо	
минѹти	пройти, миновать (о времени)	
минѹти	избежать встречи; пропустить, оставить в стороне	
минꙋти	проходить	
миро	благовонное масло	
миролюбивой	вариант миролюбивый	
мироморъ	мрамор	
мироположєниѥ	установление мирных отношений	
миротворьць	творец мира	
миротворьць	миротворец	
миръ	мир	
миръ	мир I («спокойствие, покой, отсутствие войны, вражды»)	
миръ	полит. мирный договор	
мирьно	мирно	
мирьновати	находиться в мире	
мирьнъ	мирный	
мирьнѣ	мирно	
мирьнꙑи	мирный	
мирьскъ	мирской	
мирьскы	по-мирски	
мирьскꙑ	по-мирски	
мирьскꙑи	договорный	
мирьщина	примирение	
миря	дееприч. от мирить	
миса	блюдо	
мистръ	специалист в области наук	
мисюрка	род шлема, имевший вид черепа	
миткалъ	бумажная ткань	
миткаль	бумажная ткань	
митрополитъ	старший архиерей в древней Руси	
митрополичии	прилагательное от митрополитъ	
митрополиꙗ	сан митрополита	
митропольство	сан митрополита	
митѣ	попеременно	
митѹсъ	взаимно друг к другу	
митѹсьпѣваниѥ	антифон	
митѹшати	топать ногами в такт музыке	
миѳъ	миф	
младеньць	дитя	
младина	младенчество	
младшей	вариант младшій	
младшій	младший	
младъ	молодой	
младъ	нежный	
младьнъ	младенческий	
младьньць	младенец	
младєничь	прилагательное от младеньць	
младєньство	младенчество	
младєньць	младенец	
младєньчьскъ	младенческий	
младѣньць	младенец	
младѧ	младенец	
млатъ	молот	
млинъ	блин	
млъва	шум	
млъвити	шуметь	
млъчати	вариант мльчати	
мльнии	молния	
мльчаливъ	молчаливый	
мльчальникъ	молчальник	
мльчаниѥ	молчание	
мльчати	молчать	
млѣко	молоко	
млѣти	молоть	
млѣчьнъ	молочный	
млꙑхꙑ	узда	
мнаса	мина	
мнимой	вариант мнимый	
мниховати	монашествовать	
мнихъ	монах	
мнишьствовати	быть монахом	
многой	вариант многій	
многолюдной	вариант многолюдный	
многолѣтіе	многолетие	
многотысячной	вариант многотысячный	
многій	многий	
множа	дееприч. от множить	
множась	дееприч. от множиться	
множаще	дееприч. от множить	
множественной	вариант множественный	
мняще	дееприч. от мнить	
мнѣвъ	дееприч. от мнить	
мнѣніе	мнение	
мовь	баня	
могий	могущий	
могорьць	мзда	
могучей	вариант могучій	
могучи	дееприч. от мочь	
могучій	могучий	
могуще	дееприч. от мочь	
могущи	дееприч. от мочь	
могущій	могущий	
могꙋтєль	могущественный человек	
могꙑ	мошти	
могꙑла	могила, могильный холм	
модельной	вариант модельный	
модной	вариант модный	
можай	могущий	
можданъ	мозговой	
можєловꙑи	можжевеловый	
мозгъ	мозг	
мозоль	кровоподтёк	
мокии	Мокий	
мокнꙋти	мокнуть	
мокошь	название древнерусского божества	
мокро	сырая погода	
мокрой	вариант мокрый	
мокрота	влажность	
мокротной	вариант мокротный	
мокротьнъ	мокрый	
мокръ	мокрый	
мокрꙑи	мягкий	
мокрꙗкъ	болото	
моланиꙗ	молния	
моленіе	моление	
молившійся	молившийся	
молитва	мольба	
молитвовати	молиться	
молитвьникъ	священник	
молити	просить	
молитьствовати	умолять	
молитєль	тот, кто обращается с мольбой	
молица	мякоть дерево, источенная червями	
молодожьникъ	тот, кто торгует солодом	
молодь	молодой лес	
молодьць	юнец	
молодьшии	младший	
молодꙑи	молодой	
моложьшии	младший	
молозиво	молозиво	
молокита	ива	
молоти	молоть	
молотити	молотить	
молотъ	молот	
молотъкъ	молоток	
молочной	вариант молочный	
молочьнꙑи	молочный	
молчай	молчащий	
молчаливой	вариант молчаливый	
молчаніе	молчание	
молчащи	дееприч. от молчать	
мольба	мольба	
мольбьнъ	церковная служба	
молящійся	молящийся	
молѥниѥ	мольба	
молѧ	просящий	
момати	косноязычить	
момсѹѥстиискъ	мопсуестийский	
момъ	нёбо во рту	
монастꙑрьскꙑи	монастырский	
монатьꙗ	монашеская мантия	
монахъ	религ. монах	
монетной	вариант монетный	
монисто	монисто	
моральной	вариант моральный	
морвъ	шелковица	
мордати	кривляться	
мордка	денежная единица	
мореходной	вариант мореходный	
моржовой	вариант моржовый	
морити	изнурять	
морковной	вариант морковный	
морозити	заморозить	
морозной	вариант морозный	
морозъ	стужа	
морокъ	помрачение	
моромории	прилагательное от мороморъ	
мороморъ	мрамор	
мороморꙗнꙑи	мраморный	
морхи	кисть у переносья лошади	
морхъ	ворс на ткани	
моръ	смертельная болезнь	
моръ	чума	
морьскъ	морской	
морьскꙑи	морской	
морє	море	
морѥ	море	
морѧнъка	морское судно особенного устройства	
морꙗнинъ	моряк	
морꙗнка	соль, добываемая из морской воды	
москвичи	жители Московского государства	
московка	деньга московская	
москолѹдити	издеваться	
москолѹдиѥ	балагурство	
москолѹдъ	балагур	
москолѹдьство	балагурство	
мостити	настилать мост	
мостовьщина	пошлина за проезд по мосту	
мостовꙑи	прилагательное от мостъ	
мостъ	мост (во всех значениях)	
мостъ	мост	
мостъкъ	уменьшительное от мостъ	
мостьникъ	лицо, ведавшее устройством мостов	
мотра	мера вместимости	
мотъчати	медлить	
мотꙑка	мотыга	
мотꙑла	испражнения	
моха	?	
мохнатой	вариант мохнатый	
моча	дождь	
мочащійся	мочащийся	
мочи	мочь	
мочити	мочить	
мочь	сила	
мошкатъ	мускатный орех	
мошти	мочь	
мошть	вариант мощь	
мошьна	сума	
мошьна	мошна	
мощь	мощь	
мощьнъ	возможный	
моючи	дееприч. от мыть	
моꙁгъ	мозг	
мразъ	мороз, холод	
мразъ	иней, снег	
мразъ	мороз	
мракота	темнота	
мракъ	полное отсутствие света	
мракъ	мрак	
мраморной	вариант мраморный	
мраморъ	мраморный пол	
мрачной	вариант мрачный	
мрачьнъ	мрачный	
мраꙁити	морозить	
мраꙁъ	мороз	
мраꙁьнъ	морозный	
мрътвъ	мёртвый	
мрькнѫти	померкнуть	
мрьтвость	умирание	
мрьтвость	умерщвление	
мрьтвьць	мертвец	
мрьчєниѥ	затмение	
мрьꙁость	мерзость	
мрьꙁъкъ	мерзкий	
мрьꙁѣти	вызывать отвращение	
мрѣжа	мрежа	
мрѣкориꙗ	претория	
мрѣти	умирать	
мстительной	вариант мстительный	
мстящей	вариант мстящій	
мстящій	мстящий	
мудруючи	дееприч. от мудровать	
мужеской	вариант мужескій	
мужескій	мужеский	
мужественной	вариант мужественный	
мужиковатой	вариант мужиковатый	
мужичей	вариант мужичій	
мужичій	мужичий	
мужъ	муж	
музыкальной	вариант музыкальный	
мундиръ	мундир; верхняя часть военной или гражданской форменной одежды	
мускатной	вариант мускатный	
мутной	вариант мутный	
муфтей	вариант муфтій	
муфтій	муфтий	
муча	дееприч. от мучить	
мучавшійся	мучавшийся	
мученіе	мучение	
мучительной	вариант мучительный	
мшистой	вариант мшистый	
мщеніе	мщение	
мъгльнꙑи	туманный	
мъзда	вариант мьзда	
мълва	возмущение	
мълвити	молвить	
мълвьнꙑи	смятение вызывающий	
мълвьствовати	говорить	
мълниꙗ	молния	
мълхъ	какое-то орудие	
мълчимꙑи	молчанием	
мълъниꙗ	молния	
мъногашьды	многократно, много раз	
мъного	много, очень	
мъного	много	
мъногобожьство	многобожие	
мъноговѣщавати	разузнавать	
мъногоглавьнъ	многоглавный	
мъногоглаголаниѥ	многоречие	
мъногоглаголати	болтать	
мъногоглаголивꙑи	многоречивый	
мъногодьньнъ	многодневный	
мъногожадимꙑи	вожделенный	
мъноголичьнъ	разнообразный	
мъноголичьнѣ	разнообразно	
мъноголѣтьнъ	многолетний	
мъногомилостивъ	многомилостивый	
мъногомилостивꙑи	милосердный	
мъногомълвьць	болтун	
мъногонєизслѣдимꙑи	неизмеримый	
мъногоплачьнъ	полный слёз	
мъногоплодьнъ	многоплодный	
мъногопрѣмилостивꙑи	в высшей степени милостивый	
мъногопьривъ	любопытный	
мъногоразличьно	многообразно	
мъногораꙁличиѥ	многообразие	
мъногораꙁличьнъ	многообразный	
мъногосильнъ	могучий	
мъногосъвѣтьлꙑи	испускающий много света	
мъногочастьно	?	
мъногочастьнѣ	?	
мъногочєловѣчьнꙑи	многолюдный	
мъногочѧстьно	многократно, очень часто	
мъногъ	многий	
мъногꙑи	большой	
мъножити	умножать	
мъножити сѧ	размножаться	
мъножицєѭ	нередко, многократно, часто	
мъножицєѭ	сколько раз	
мъножьствиѥ	множество	
мърскъ	бич	
мъска	мул	
мъскъ	мул	
мъскъ	лошак	
мъскѹсъ	мускус	
мъхъ	мох	
мъчати	кидать	
мъшица	комар	
мъшєлоискатєль	корыстолюбец	
мъшєлъ	корысть	
мъщина	мясо мула	
мыльной	вариант мыльный	
мысленной	вариант мысленный	
мыслящей	вариант мыслящій	
мыслящій	мыслящий	
мычаніе	мычание	
мышачей	вариант мышачій	
мышачій	мышачий	
мышей	вариант мышій	
мышій	мыший	
мьгла	испарение, поднимающееся из земли	
мьгла	метеорол. туман	
мьгльнꙑи	полный мглы	
мьдлити	медлить	
мьдльно	медленно	
мьдльнѣ	медленно	
мьдлꙑи	милосердый	
мьжити	зажмуривать	
мьзда	взятка	
мьзда	мзда	
мьздити	подкупать	
мьздовъздатєль	тот, кто воздаёт по заслугам	
мьздоподатєль	тот, кто воздаёт по заслугам	
мьнии	младший по возрасту	
мьнимꙑи	предполагаемый	
мьньшина	младший	
мьньшина	подчинённый	
мьньшьми	меньше	
мьнѣниѥ	намерение	
мьнѣти	полагать	
мьнѥ	меньше	
мьрзати	замерзать	
мьрзнꙋти	замерзать	
мьрзость	мерзость	
мьрзѣти	быть омерзительным	
мьркнꙋти	меркнуть	
мьртвъ	мёртвый	
мьрътвьчина	трупное мясо	
мьрєтьчина	удавленина	
мьскѹсъ	мускус	
мьстити	мстить	
мьстити	отомстить	
мьсть	месть	
мьстьникъ	мститель	
мьщєниѥ	наказание	
мьꙁда	мзда	
мьꙁдодавьць	воздающий за содеянное	
мьꙁдоимьць	сборщик податей	
мьꙁдоотъдавьць	воздающий за содеянное	
мьꙁдьница	таможня	
мюринъ	бес	
мюро	благовонное масло	
мюрона	название рыбы	
мюроположьница	сосуд для благовонного мира	
мягкій	мягкий	
мясистой	вариант мясистый	
мятежникъ	мятежник	
мятной	вариант мятный	
мятой	вариант мятый	
мёдъ	мёд	
мєдвѣдина	мясо медведя	
мєдоваръ	тот, кто варит мёд	
мєдъ	мёд	
мєжда	переулок	
мєждина	расстояние	
мєждѹмѣриѥ	промежуток времени	
мєждѹрамиѥ	часть спины между лопатками	
мєждѹрѣчиѥ	Месопотамия	
мєжина	предел	
мєжьнина	середина лета	
мєжєнина	недостаток	
мєжєниѥ	храпение	
мєжѹдвьриѥ	преддверие	
мєжѹрѣчанинъ	житель Междуречья	
мєзгитъ	мечеть	
мєльница	мельница	
мєлєсъ	желчь	
мєндисъ	козёл	
мєнита	низложение	
мєринъ	холощёный жеребец	
мєсопотамиꙗ	Месопотамия	
мєсти	обращать (о взгляде)	
мєстєръ	магистр ордена	
мєталька	ворожея	
мєтарси	высокий	
мєтати	метать	
мєтохъ	обитель	
мєчикъ	название крюковой ноты	
мєчь	обоюдоострое холодное оружие	
мєчька	медведица	
мєшина	печать	
мєѳодии	Мефодий	
міръ	мир II («Земля», «Вселенная» и др.)	
мѣдь	хим. медь	
мѣдь	собир. изделия из меди	
мѣдь	собир., разг. мелочь; медные монеты	
мѣдьница	монета	
мѣдьнъ	медный	
мѣдьнꙑи	медный	
мѣдѣнъ	медный	
мѣли	льняная ткань	
мѣли	мёд	
мѣлина	мелкость	
мѣлъ	известь, мел	
мѣлъ	известь	
мѣлъкꙑи	мелкий	
мѣль	мель	
мѣна	мена	
мѣна	обмен; мена	
мѣнити	миновать	
мѣнити	полагать	
мѣнъ	мера	
мѣнѥниѥ	мена	
мѣра	мера	
мѣрило	мерило	
мѣрило	весы (прибор для измерения веса, количества)	
мѣрило	круг прав и обязанностей	
мѣрити	измерять	
мѣрити	мерить	
мѣрьникъ	сосуд определённой меры	
мѣрьнѣ	умеренно	
мѣрьнꙑи	умеренный	
мѣрьщикъ	землемер	
мѣсити	смешивать	
мѣсить	месить	
мѣстечко	уменьш.-ласк. к мѣсто; местечко	
мѣстечко	местечко, небольшое селение, посёлок (обычно в Речи Посполитой, Украине, Белоруссии и в пограничных с ними областях)	
мѣстити	помещать	
мѣсто	место (во всех значениях)	
мѣсто	место	
мѣсто	определенное пространство земли, место	
мѣстоименіе	местоимение	
мѣстоположєниѥ	местность	
мѣстьнꙑи	поместный	
мѣсяцъ	месяц	
мѣсѧць	месяц (часть года)	
мѣсѧць	Луна	
мѣсѧцєсловєсьникъ	месяцеслов	
мѣсѧчина	месячное содержание	
мѣсѧчьникъ	сроком в месяц	
мѣсѧчьнъ	месячный	
мѣтати	бросать	
мѣткій	меткий	
мѣхъ	мех (густой волосяной покров животного)	
мѣхъ	мех (выделанная шкура пушного зверя с сохранённым мехом [1])	
мѣхъ	мн. ч. меха (одежды из выделанной шкуры пушного зверя)	
мѣхꙑръ	пузырь	
мѣшать	мешать	
мѣшаючи	дееприч. от мѣшать	
мѣшєниѥ	тесто	
мѣщанинъ	житель места, города	
мѧкъко	кротко	
мѧкъколѣганиѥ	лежание в мягкой постели	
мѧкъкъ	мягкий	
мѧкъкꙑи	мягкий	
мѧкъцѣ	мягко	
мѧсо	мясо	
мѧсопѹстъ	допущение мясо в пищу	
мѧсопѹстъ	мясопуст	
мѧсопѹстьнъ	мясопустный	
мѧсопѹстьнꙑи	прилагательное от мѧсопѹстъ	
мѧсопѹща	четыредесятница	
мѧсти	трясти	
мѧсьникъ	мясник	
мѧсьница	мясной рынок	
мѧсьнꙑи	мясной	
мѧта	мята	
мѧтєжь	мятеж	
мѧтєжьникъ	мятежник	
мѧтєжьно	тревожно	
мѧтєжьнъ	мятежный	
мѧтєжєтворьць	тот, кто сеет смуту	
мѧчии	сравнительная степень от мѧкъкꙑи	
мѧчити	плавить	
мѫдити	медлить	
мѫдрити сѧ	принимать на себя вид мудреца	
мѫдровати	думать	
мѫдрость	мудрость	
мѫдръ	мудрый	
мѫдрьство	рассудительность	
мѫдрьствованиѥ	рассуждения	
мѫдрьствовати	размышлять	
мѫдрѣ	мудро, разумно	
мѫжати сѧ	мужаться	
мѫжь	мужчина	
мѫжь	муж	
мѫжьскъ	мужской	
мѫжьскы	мужественно	
мѫжьскꙑ	мужественно	
мѫжьство	мужество	
мѫжєблажьствиѥ	мужество	
мѫка	мука́	
мѫка	му́ка, мучение	
мѫтити	мутить	
мѫчити	мучить	
мѫчитєль	мучитель	
мѫчитєльство	тирания	
мѫчьнъ	мучительный	
мѫчєникъ	мученик	
мѫчєница	мученица	
мѫчєничьскъ	мученический	
мѫчєниѥ	мучение	
мѵро	религ. то же, что миро; ароматическое масло, освящаемое патриархом или митрополитом, используемое в таинстве миропомазания, при освящении престолов и антиминсов православных храмов, при венчании Царя на царство	
мѵро	религ. миро	
мѹдити	медлить	
мѹжь	мужчина	
мѹжь	муж	
мѹроморъ	мрамор	
мѹръ	эфиоп	
мѹсикиискъ	занимающийся музыкой	
мѹсѹгръ	мозаист	
мѹха	муха	
мѹхоꙗръ	бухарская ткань из бумаги с шерстью или шёлком	
мꙋдрити	рассуждать	
мꙋдрꙑи	разумный	
мꙋтити	волновать	
мꙋчити	наказывать	
мꙋчитєль	мучитель	
мꙑ	мы	
мꙑло	моющее средство	
мꙑло	мыло	
мꙑльнꙗ	баня	
мꙑсливꙑи	мыслящий	
мꙑслити	мыслить	
мꙑсль	помышление	
мꙑсль	мысль	
мꙑсльнъ	разумный	
мꙑсльнѣ	умственно	
мꙑсльнꙑи	умственный	
мꙑтарь	мытарь	
мꙑти	мыть	
мꙑти сѧ	мыться	
мꙑто	награда	
мꙑто	подарок	
мꙑтоимьць	мытарь	
мꙑтьница	таможня	
мꙑтєль	навар разных душистых трав	
мꙑшь	мышь	
мꙑшька	впадина под плечом	
мꙑшьца	мышца	
на	на	
набатъ	огромной величины медный барабан	
набережной	вариант набережный	
набитой	вариант набитый	
набломъ	музыкальный инструмент	
наблюдати	наблюдать	
наблюдающій	наблюдающий	
наблюдаяй	наблюдающий	
наблюденіе	наблюдение	
набои	доска, прибивающаяся для возвышения бока мелких судов	
набольшии	наибольший	
наборной	вариант наборный	
наборьщикъ	набирающий буквы в типографии	
набъдимꙑи	относящийся к сокровищнице или хранилищу	
набъдѣти	охранять	
навадити	донести	
навадити	подговорить	
навадьникъ	клеветник	
навалъ	плотина	
навальной	вариант навальный	
наведши	дееприч. от навести	
навесть	навести	
навиѥ	мертвец	
навла	музыкальный инструмент	
наводити	насылать	
наводити	наводить	
наводити	напускать	
наводиѥ	наводнение	
наводиѥ	паводок	
наводненіе	наводнение	
наводняющій	наводняющий	
наводъ	внушение	
наводъка	донос	
наводьнити	наполнить водой	
наводьнꙗти	наполнять водой	
наводьщикъ	разбойник	
навождєниѥ	нападение	
навожєниѥ	навождение	
навозити	удобрять	
навозной	вариант навозный	
навозъ	перегнившие удобрения	
наволока	чехол	
наволокъ	участок	
наволочити	покрывать	
наволочька	подушка	
наволочькъ	уменьшительное от наволокъ	
наворопити	напасть	
навороплꙗти	нападать	
наворопъ	разъезд	
наворопьникъ	передовой	
наворотити	повернуть	
наврапъ	грабёж	
навъклиръ	кормчий	
навыкая	дееприч. от навыкать	
навь	мертвец, навь	
навьникъ	мертвец	
навьршати	совершать	
навьюча	дееприч. от навьючить	
навязчивой	вариант навязчивый	
навєсти	нанести	
навѣдомꙑи	известный	
навѣдываючись	дееприч. от навѣдываться	
навѣдѣти	знать	
навѣжати	посещать	
навѣждєниѥ	посещение	
навѣщати	посещать	
навѧзаниѥ	чародейственная навязь	
навѧзати	привязать	
навѧзꙑвати	привязывать	
навѧꙁати	привязать	
навꙑкнѫти	усвоить	
навꙑкнꙋти	научиться	
навꙑкъ	привычка	
навꙑчєниѥ	понимание	
навꙑшии	наивысший	
нагабаниѥ	беспокойство	
нагабати	притеснять	
нагара	барабан	
нагарьникъ	тот, кто играет на нагаре	
нагибаючись	дееприч. от нагибаться	
нагибаясь	дееприч. от нагибаться	
наглашати	оглашать	
нагло	быстро	
нагло	стремительно	
наглодѹшьнꙑи	вспыльчивый	
наглой	вариант наглый	
наглъ	неожиданный	
наглꙑи	неожиданный	
наговаривающій	наговаривающий	
нагодьнии	сообразный	
нагодѣ	в меру	
нагольнꙑи	без покрышки	
нагонити	намекать	
нагорной	вариант нагорный	
нагорьнꙑи	находящийся на горе	
нагость	нагота	
нагота	нагота	
наготовати	быть нагим	
нагробной	вариант нагробный	
нагрузя	дееприч. от нагрузить	
нагъ	нагой	
нагꙑи	лишённый одежды	
надаꙗти	давать	
надгробной	вариант надгробный	
надежа	надежда	
надлежащій	надлежащий	
надмевавшійся	надмевавшийся	
надменной	вариант надменный	
надменіе	надмение	
надо	должно	
надобной	вариант надобный	
надобьнꙑи	нужный	
надобѣть	нужно	
надоити	накормить (грудью)	
надолобъ	тын	
надро	лоно	
надробьно	мелко	
надрываючись	дееприч. от надрываться	
надрываясь	дееприч. от надрываться	
надуваючись	дееприч. от надуваться	
надутой	вариант надутый	
надъ	над	
надъглѧдьливꙑи	зоркий	
надъгонити	настигнуть	
надъгробьнꙑи	погребальный	
надъдвьрнꙑи	над дверью находящийся	
надъдвьрьнꙑи	расположенный над дверью	
надъдѣлати	надстроить	
надъложити	предложить	
надъломити	сломать не до конца	
надълєжати	лежать на чём-то	
надълѣтьнꙑи	вневременный	
надъмєниѥ	раздувание	
надънєбєсьнꙑи	горний	
надъпарити	летать над чем-нибудь	
надъразити	поразить	
надърѹмѧнꙑи	с лёгким румянцем	
надърѹсꙑи	русоватый	
надъстигнꙋти	настигнуть	
надътварьнꙑи	выше твари	
надьнєвьнꙑи	ежедневный	
надєбєльнꙑи	толстоватый	
надєжда	надежда	
надєждьнꙑи	уповающий	
надѣлити	дать волю	
надѣти	надеть	
надѣть	надеть	
надѣючись	дееприч. от надѣяться	
надѣющійся	надеющийся	
надѣявшійся	надеявшийся	
надѣꙗньнꙑи	надеющийся	
надѣꙗти сѧ	надеяться	
надѫти	раздуть	
надѹти сѧ	вздуться	
надꙑмати сѧ	раздуваться	
надꙑшєнъ	название болезни	
наединѣ	наедине	
наждакъ	камень	
нажильнꙑи	относящийся к жилам	
назападꙑ	запад	
названіе	название	
назиданіе	назидание	
назимꙑи	однолетний	
назирати	назирать	
назираяй	назирати	
назнамєнавати	означать	
назорьнꙑи	ужасный	
называющій	называющий	
называющійся	называющийся	
назьрѧчии	?	
назєльньнꙑи	зеленоватый	
назємьнꙑи	с земляным полом	
наибольшей	вариант наибольшій	
наибольшій	вариант наибольший	
наиболѣ	больше	
наивѧщє	больше всего, наиболее, в наибольшей степени	
наивѧщє	обыкновенно, обычно	
наилѹчьшии	самый лучший	
наименованіе	наименование	
наимитъ	наёмник	
наимовати	нанимать	
наимъ	награда	
наимьникъ	наёмник	
наимьничь	прилагательное от наимьникъ	
наипачє	больше всего	
наипачє	наиболее, больше всего	
наипачє	главным образом, прежде всего	
наипьрвѣѥ	прежде всех	
наискорѣѥ	чаще всего, скорее всего	
наити	надвинуться	
наитиѥ	нападение	
наказаниѥ	поучение	
наказаніе	наказание	
наказати	наставлять	
наказовати	наставлять	
наказъ	приказание	
наказывавшій	наказывавший	
наказывающій	наказывающий	
наказьнꙑи	порученный	
наказꙑвати	поучать	
накапъка	род фаты	
накаꙁаниѥ	поучение	
накаꙁати	научить	
наквапити	налить по каплям	
накладати	налагать	
накладати	накладывать	
накласти	наложить	
наклоненіе	наклонение	
наклонившійся	наклонившийся	
наклоньнꙑи	наклонённый	
наклꙗпꙑи	кривой	
наковало	наковальня	
наковально	наковальня	
наковальнꙗ	наковальня	
наколити	огородить кольями	
наколо	наковальня	
наконъ	начало	
наконьчати	исполнять	
накопя	дееприч. от накопить	
накра	льдина на реке	
накроша	дееприч. от накрошить	
накръвьнꙑи	налитый кровью	
накръмити	накормить	
накрѣпко	накрепко	
накупя	дееприч. от накупить	
накушався	дееприч. от накушаться	
накѹпити	подкупить	
накꙑваниѥ	кивание	
накꙑвати	делать знак	
накꙑнѫти	сделать знак рукой	
накꙑнꙋти	делать знак	
налагати	накладывать	
наливъка	ковш	
наличиѥ	облик	
налога	тягость	
наложити	положить	
налоинꙑи	прилагательное от налои	
наломити	надломить	
налонъ	плата за проезд на корабле	
нальстьнꙑи	без обмана	
налєжати	притеснять	
налєчи	напасть	
налѣпити	прикрепить	
налѧцати	натягивать	
налѹчити	встретить	
налꙋчь	влагалище для лука	
намазываючи	дееприч. от намазывать	
намакати	намачивать	
намановєниѥ	мановение	
намигливꙑи	кокетливый	
намизати	мигать	
намостити	вымостить	
намочити	намочить	
намълвити	подговорить	
намєтати	набросать	
намєтъка	музыкальный знак	
намєтьнꙑи	назначенный	
намєтꙑвати	налагать	
намѣнити	упомянуть	
намѣнꙗти	упоминать	
намѣреваться	намереваться	
намѣреніе	намерение	
намѣрити	назначить	
намѣрити	отмерить	
намѣстиѥ	должность	
намѣстъкъ	наместник	
намѣстьникъ	наместник	
намѣстьникъ	преемник	
намѣстьничии	прилагательное к намѣстьникъ	
намѣстьнꙑи	местный	
наницє	иным образом	
наносити	приносить много	
наносити	напускать	
наносъ	клевета	
наносящій	наносящий	
нань	на него	
нанятой	вариант нанятый	
нанєсти	принести	
нанєсти	нанести	
наопѧть	вспять	
наострити	наточить	
наострити	наострить	
наостровити	наточить	
напавати	напоять	
нападати	нападать	
нападати	бросаться	
нападающій	нападающий	
нападеніе	нападение	
нападчи	дееприч. от напасть	
нападєниѥ	нападение	
напалокъ	толстое кольцо для защиты большого пальца при стрельбе из лука	
напаствовати	подвергать беде	
напасти	нападать	
напасти	припасть, приникнуть	
напасти	напасть, совершить нападение	
напасть	беда	
напасть	напасть [1]	
напасть	искушение	
напастьнꙑи	внезапно постигающий	
напаꙗниѥ	орошение	
напаꙗти	орошать	
наперсникъ	наперсник	
напечатанной	вариант напечатанный	
напився	дееприч. от напиться	
написавати	приписывать	
написаниѥ	начертание	
написати	описывать	
написоватти	писать	
напитати	насытить	
напитѣти	напитать	
напитѣти	насытить	
наплавати	выплёвывать	
напльнити	наполнить	
напльнꙗти	наполнять	
наповѣдѣти	объявить	
напоити	напоить	
наполнився	дееприч. от наполниться	
наполняющій	наполняющий	
напольной	вариант напольный	
наполꙑнєчистии	название секты	
напоминаніе	напоминание	
напоминающій	напоминающий	
напоръ	напряжение	
направа	указание	
направити	указать	
направити	направить	
направитєль	указывающий путь	
направленіе	направление	
направляющій	направляющий	
направлєниѥ	наставление	
направлꙗти	направлять	
напраздьно	сжато	
напразнꙑи	внезапный	
напраснивъ	неистовый	
напрасниѥ	внезапность	
напрасно	внезапно, вдруг	
напрасно	сильно, неистово	
напрасной	вариант напрасный	
напраснъ	резкий	
напрасьнивꙑи	вспыльчивый	
напрасьниѥ	гнев	
напрасьно	неожиданно	
напрасьногнѣвливꙑи	вспыльчивый	
напрасьнодѹшьнꙑи	вспыльчивый	
напрасьньство	вспыльчивость	
напрасьнѣ	внезапно	
напрасьнꙑи	внезапный	
напрашєно	смешанно	
наприсьно	всегда	
наприсьнѣ	особенно	
напросити	просить	
напрочь	напротив	
напрочьнє	?	
напрьвоѥ	прежде всего	
напрягающій	напрягающий	
напряжась	дееприч. от напрячься	
напряженіе	напряжение	
напрячись	напрячься	
напрячись	дееприч. от напрячься	
напрѣди	вперёд	
напрѣдидѣѥмꙑи	плюсквамперфект	
напрѣдъ	пред	
напрѣждь	вперёд	
напрѣжь	прежде	
напъ	наёмник	
напыщенной	вариант напыщенный	
напьда	заработная плата	
напьрсьнꙑи	нагрудный	
напьсаниѥ	запись	
напьсати	написать	
напѹстити	напустить	
нарамникъ	нарамник	
нарамьнꙑи	наплечный	
нарачи	?	
наращеніе	наращение	
наращєниѥ	поросль	
нардо	нард	
нардъ	нард	
нардьнъ	нардовый	
нардьнꙑи	приготовленный для нарда	
нареканіе	нарекание	
наречися	наречься	
нарещись	наречься	
нарисованной	вариант нарисованный	
нарицаниѥ	призывание	
нарицати	называть	
нарицати	именовать	
нарова	своевольно	
наровити	делать послабление	
наровь	засов	
наровьнати	выровнять	
наровьникъ	сторонник	
наровьновати	выровнять	
народити	родить	
народной	вариант народный	
народотворьнꙑи	деятельный	
народотворьць	создатель	
народотворьчии	прилагательное от народотворьць	
народотворьчьнꙑи	творящий	
народъ	народ	
народъ	народ, люди	
народъ	жители, население	
народьнꙑи	народный	
народьскꙑи	принадлежащий народам	
нарожєниѥ	рождение	
нарои	ярость	
нарокъ	речь	
нарочитованꙑи	определённый	
нарочитой	вариант нарочитый	
нарочитъ	известный	
нарочитꙑи	известный	
нарочной	вариант нарочный	
нарочьнъ	особый	
нарочьнꙑи	установленный	
наружней	вариант наружній	
наружной	вариант наружный	
наружній	наружний	
нарушающій	нарушающий	
нарушеніе	нарушение	
нарушившей	вариант нарушившій	
нарушившій	нарушивший	
нарядився	дееприч. от нарядиться	
нарядной	вариант нарядный	
нарєкованиѥ	название	
нарєчи	назвать	
нарєчєниѥ	название	
нарєшти	назвать	
нарѣчиѥ	известие	
нарѣчиѥ	приговор	
нарѣчьскꙑи	побережный	
нарѣчьствиѥ	?	
нарѣчіе	наречие	
нарѧдити	устроить	
нарѧдъ	распорядок	
нарѧдьнꙑи	отборный	
нарѧдьчикъ	распорядитель	
нарѫганиѥ	осмеяние	
нарѫгати сѧ	высмеивать	
нарꙋбати	набирать	
нарꙋбити	срубить	
нарꙑкꙑи	?	
наса	местность	
насада	собирательное от насадъ	
насадившій	насадивший	
насадити	насадить	
насадити	посадить	
насадочька	уменьшительное от насадъка	
насадъ	род судна	
насадъка	ендова	
насаждающій	насаждающий	
насажденіе	насаждение	
населеніе	население	
населяющій	населяющий	
насиливо	сильно	
насилити	совершить насилие	
насилиѥ	принуждение	
насилиѥ	насилие	
насиловати	притеснять	
насильникъ	притеснитель	
насильно	сильно	
насильнꙑи	насильственный	
насильство	своевольство	
насилꙗти	совершать насилие	
наскакати	захватывать	
наскакати	наброситься	
наскоро	очень скоро	
насладити	усладить	
насладити	сделать сладким	
наслаждати сѧ	наслаждаться	
наслажденіе	наслаждение	
наслаждєниѥ	наслаждение	
наслѣгъ	ночлег	
наслѣдити	обрести	
наслѣдити	унаследовать	
наслѣдиѥ	имущество	
наслѣдиѥ	наследие	
наслѣдникъ	наследник	
наслѣдованиѥ	наследование	
наслѣдовати	унаследовать	
наслѣдъкъ	наследник	
наслѣдьникъ	преемник	
наслѣдьникъ	наследник	
наслѣдьскꙑи	относящийся к наследию	
наслѣдьствовати	наследовать	
наслѣдіе	наследие	
наслѣжьнꙑи	относящийся к наслегу	
насмисаниѥ	поругание	
насмѣханиѥ	насмешка	
насмѣхатисѧ	насмехаться	
насмѣхаючись	дееприч. от насмѣхаться	
насмѣхающійся	насмехающийся	
насобьнꙑи	следующий один за другим	
насовати	натыкать	
насочити	возбудить	
наставившій	наставивший	
наставити	устроить	
наставити	научить	
наставленіе	наставление	
наставляющій	наставляющий	
наставлѥниѥ	наставление	
наставлꙗти	направлять	
наставлꙗти	приводить	
наставшій	наставший	
наставъка	накладка	
наставьникъ	наставник	
настилъка	подстилка на седло	
настичи	настичь	
настишьнꙑи	написанный стихами	
настлань	постель	
настолованиѥ	назначение на должность	
настоловати	поставить на должность	
настольной	вариант настольный	
настольнꙑи	главный	
настоящій	настоящий	
настоꙗниѥ	настойчивость	
настрьзати	вырезывать	
наступающій	наступающий	
наступленіе	наступление	
настьлати	постлать	
настєлька	верх седла	
настѫпати	наступать	
настѫпити	наступить	
настꙋпити	напасть	
насущной	вариант насущный	
насълати	послать против	
насъпа	прибавка	
насъпъ	присыпка	
насыщаючись	дееприч. от насыщаться	
насыщающій	насыщающий	
насыщеніе	насыщение	
насєлити	населить	
насєльничьскꙑи	сельский	
насєльнꙑи	туземный	
насѣвати	сеять	
насѣка	молоток для насекания жерновов	
насѣлꙗти	пребывать	
насѣтꙑи	насеянный	
насѣчи	насечь	
насѣчька	уменьшительное от насѣка	
насѣꙗти	посеять	
насѫщьнъ	насущный	
насѹнꙋти	проткнуть	
насѹсьнꙑи	двухцветный	
насѹѥ	напрасно	
насꙋщьнꙑи	необходимый для существования	
насꙑлати	посылать против кого-нибудь	
насꙑтити	насытить	
натворити	совершить	
натрѹти	накормить	
натуральной	вариант натуральный	
натъкати	плотно наполнить	
натъкнꙋти	прикрепить	
натъщь	завидный	
натъщьнꙑи	искренний	
натягивающій	натягивающий	
натянутой	вариант натянутый	
натєсємьникъ	деталь пояса	
натєчи	найти	
натꙑчь	цель	
научающій	научающий	
научаяй	научающий	
научившійся	научившийся	
нахальной	вариант нахальный	
находившійся	находившийся	
находити	находить	
находити	наступать	
находъ	нападение	
находящій	находящий	
находящійся	находящийся	
нахожии	пришлый	
нахтєрьманꙑи	сделанный из кожи мездрой наружу	
национальной	вариант национальный	
начавшій	начавший	
началобꙑтьнꙑи	исконный	
началородитєль	родоначальник	
началословьць	описатель древненостец	
начальникъ	начальник	
начальной	вариант начальный	
начальствовавшій	начальствовавший	
начальствующій	начальствующий	
начаꙗти	ожидать	
начертаніе	начертание	
начинаниѥ	начинание	
начинати	начинать	
начинаючи	дееприч. от начинать	
начиновати	зачинать	
начрьтаниѥ	рисунок	
начрьтати	начертить	
начѧло	начало	
начѧльникъ	вождь	
начѧти	начать	
начѧтиѥ	начинание	
начѧтъкъ	начало	
нашарити	изобразить	
нашедшей	вариант нашедшій	
нашедшій	нашедший	
нашивъка	параллельные полосы на груди у верхних одежд	
нашьва	нашивка	
нашьскꙑ	по-нашему	
нашьскꙑи	свойственный нам	
нашьствиѥ	нашествие	
нашьствовати	всходить	
наѣздити	найти	
наѩти	нанять	
Наѳанаилъ	Нафанаил	
наѹмовъ	Наумов	
наѹстити	научить	
наѹстити	подстрекнуть	
наѹстъ	способный	
наѹсъ	с едва пробивающимися усами	
наѹчати	учить	
наѹчити	научить	
наѹчєниѥ	наставление	
наꙁарєтъ	Назарет	
наꙁирати	выслеживать	
наꙁьрѣти	выследить	
наꙋзотворьць	чародей	
небесной	вариант небесный	
неблагожелательной	вариант неблагожелательный	
небрегущей	вариант небрегущій	
небрегущій	небрегущий	
неверующій	неверующий	
невидной	вариант невидный	
невозвратимой	вариант невозвратимый	
невоздержаніе	невоздержание	
невразумительной	вариант невразумительный	
невѣрный	неверный	
невѣріе	неверие	
невѣста	невеста	
неглубокій	неглубокий	
негодованіе	негодование	
недовѣдѣти	не понимать	
недостававшій	недостававший	
недостатокъ	недостаток	
недоумѣніе	недоумение	
недѣля	неделя (во всех значениях)	
неж	вариант неже	
неже	чем	
незавидной	вариант незавидный	
незнающей	вариант незнающій	
незнающій	незнающий	
неимущій	неимущий	
неистовой	вариант неистовый	
нейтральной	вариант нейтральный	
некрѣпкій	некрепкий	
немедленной	вариант немедленный	
немерцающій	немерцающий	
ненавидящій	ненавидящий	
ненавидѣти	ненавидеть	
ненависть	отсутствие любви	
ненастной	вариант ненастный	
необрѣзаніе	необрезание	
неосмотрительной	вариант неосмотрительный	
непарной	вариант непарный	
непогибающій	непогибающий	
неподобающій	неподобающий	
непокоривый	непокорный	
непорочной	вариант непорочный	
непослушаніе	непослушание	
непослушной	вариант непослушный	
непочтительной	вариант непочтительный	
неправильной	вариант неправильный	
непревратной	вариант непревратный	
непреодолимой	вариант непреодолимый	
непростимой	вариант непростимый	
нерадити	пренебрегать	
нерестъ	время метания икры для рыб	
несвѣдущій	несведущий	
нести	нести	
несучи	дееприч. от нести	
несучись	дееприч. от нестись	
несуществующій	несуществующий	
несущій	несущий	
несущійся	несущийся	
несчастіе	несчастие	
несяй	несущий	
нетлѣніе	нетление	
нетрудящійся	нетрудящийся	
неувядающій	неувядающий	
неугасающій	неугасающий	
нечествовавшій	нечествовавший	
нечестивецъ	нечестивец	
нечестіе	нечестие	
нечетной	вариант нечетный	
нечистой	вариант нечистый	
ниварь	земледелец	
нижней	вариант нижній	
нижній	нижний	
низати	пронизывать	
низвергающійся	низвергающийся	
низвлачити	тащить вниз	
низвѣсити	свесить	
низина	низкое место	
низложити	низвергнуть	
низменной	вариант низменный	
низовьць	житель Низовья	
низота	низкое положение	
низринꙋти	сбросить	
низшей	вариант низшій	
низшій	низший	
низъ	место, находящееся ниже других	
низъ	внизу	
низъ	вниз	
низъводити	сводить	
низъходити	сходить	
низъхождєниѥ	спуск	
низѣти	падать	
низѹ	внизу	
низѹ	вниз	
никакожє	никак, совсем не	
никаможє	никуда	
никнꙋти	опускаться	
никогдажє	никогда	
николаи	Николай	
николи	никогда	
николижє	никогда	
никомидиискъ	Никомедии	
никонъ	Никон	
никоторꙑи	никакой	
никотєрꙑи	никакой	
никъгдꙑ	никогда	
никъдє	нигде	
никъдєжє	нигде	
никъто	никто	
никътожє	никто	
никъчина	ничто	
никєискъ	никейский	
нискочити	соскочить вниз	
ниспаденіе	ниспадение	
ниспосълати	ниспослать	
ниспосꙑлати	насылать	
нисходити	сходить	
нисходящій	нисходящий	
нитеобразной	вариант нитеобразный	
нитъка	нитка	
нить	нить	
ницати	возникать	
ниць	распростёртый на земле	
ничесоже	ничего	
нишанъ	печать	
нищей	вариант нищій	
нищии	нищий	
нищь	нищий	
нищєлюбиѥ	любовь к бедным	
нищєлюбьць	любящий бедных	
нищєта	нищета	
нищій	нищий	
ниꙁити	унижать	
ниꙁко	низко	
ниꙁъбити	низвергнуть	
ниꙁъводити	низводить	
ниꙁъврѣшти	низвергнуть	
ниꙁъвєсти	низвести	
ниꙁъвѣсити	спустить	
ниꙁъкъ	низкий	
ниꙁъложити	низвергнуть	
ниꙁъпасти	упасть	
ниꙁъринѫти	низвергнуть	
ниꙁъходити	сходить	
ниꙁъхождєниѥ	спуск	
новакъ	новик	
новина	новизна	
ново	недавно	
новобрачной	вариант новобрачный	
нововведеніе	нововведение	
нововѣрьникъ	иноверец	
новодѣль	новая борть	
новодѣльнꙑи	прилагательное от новодѣль	
новой	вариант новый	
новолуніе	новолуние	
новолѣпьнъ	прекрасный и новый	
новомодной	вариант новомодный	
новопристѫпивъ	послушник	
новорасль	свежая ветвь	
новорожденной	вариант новорожденный	
новорождєнъ	новорождённый	
новостный	вариант новостной	
новъ	новый	
Новъгородъ	Новгород	
новь	новолуние	
новѣ	недавно	
новꙑи	недавний	
нога	анат. нога	
ногъть	ноготь	
ножь	нож	
ножька	уменьшительное от нога	
ножьнъ	ножной	
ноздрь	ноздря	
нольна	вплоть	
номоканонъ	собрание канонов и государственных постановлений, относящихся к церкви	
номосъ	закон	
норица	норка	
норовити	делать послабление	
норовъ	обычай	
норьць	водолаз	
носатой	вариант носатый	
носившій	носивший	
носившійся	носившийся	
носити	носить	
ность	ноздря	
носъ	нос	
носъ	анат. нос	
носяй	церк.-слав. носящий	
носящій	носящий	
нотарь	прислужник	
ночь	ночь	
ночьнꙑи	ночной	
ночьствовати	проводить ночь	
ночємьржа	ночной мороз	
ношть	ночь вариант нощь	
ношєниѥ	ношение	
нощь	ночь	
нощьнъ	ночной	
ноꙁдри	ноздри	
нравъ	нрав	
нуждающійся	нуждающийся	
нъ	но	
нынѣ	ныне	
нынѣ	теперь, ныне	
нынѣчѹ	теперь, ныне	
нынѣшній	нынешний	
нь	ни	
Нью-Іоркъ	Нью-Йорк	
нюже	которую	
нєблагъ	недобрый	
нєблюдомѣ	без присмотра	
нєбо	видимое небо	
нєбо	небо	
нєбогъ	убогий	
нєбрѣжєниѥ	небрежность	
нєбрѣщи	пренебрегать	
нєбєсьнъ	небесный	
нєбєсьскъ	небесный	
нєбꙑтиѥ	небытие	
нєвидимо	невидимо, незримо	
нєвидимѣ	невидимо, незримо	
нєвидимꙑи	невидимый	
нєвидомъ	незримый	
нєвидѣниѥ	слепота	
нєвидѧ	невидящий	
нєвиноватꙑи	невинный	
нєводичь	рыбак	
нєводъ	большая рыболовная сеть	
нєводъ	невод	
нєвольнъ	невольный	
нєволѧ	нечаянность	
нєволꙗ	принуждение	
нєврѣдимꙑи	целый	
нєврѣдьно	без вреда	
нєврѣдьнꙑи	невредимый	
нєврѣжєнꙑи	невредимый	
нєвъзбранимꙑи	не запрещенный	
нєвъмѣнимꙑи	не ценящий себя	
нєвъмѣстимꙑи	непостижимый	
нєвьнꙑи	полевой	
нєвєрємѧ	несчастье	
нєвѣгласъ	невежда	
нєвѣголосъ	невежда	
нєвѣдомъ	непознаваемый	
нєвѣдѣниѥ	неведение	
нєвѣдѣти	не знать	
нєвѣждьствиѥ	незнание	
нєвѣждьство	неведение	
нєвѣигласъ	невежда	
нєвѣриѥ	неверие	
нєвѣрьствиѥ	неверие	
нєвѣрьство	неверие	
нєвѣста	невеста	
нєвѣста	невестка, сноха	
нєвѣстити	приводить невесту	
нєвѣстъка	сноха	
нєвѣстьникъ	жених	
нєвꙑкнꙋти	быть неспособным к учению	
нєгасимꙑи	неугасаемый	
нєглаголаниѥ	немота	
нєгодити	не нравиться	
нєгодовати	негодовать	
нєгодѣ	неугодно	
нєгъ	нежели	
нєгъли	может быть	
нєдалєчє	недалеко	
нєдалєчє	вскоре	
нєдвижимъ	неподвижный	
нєдвижимꙑи	неподвижный	
нєдоборъ	неполный сбор	
нєдобрѣ	нехорошо	
нєдовѣдѣти	не понимать	
нєдокърмка	недостаточный корм	
нєдомѣрокъ	не содержащий обычной меры	
нєдомꙑслимꙑи	непостижимый	
нєдомꙑшлꙗти сѧ	не помышлять	
нєдопостижимꙑи	непостижимый	
нєдоскокъ	музыкальный знак	
нєдоставати	недоставать	
нєдостатъкъ	недостаток	
нєдостижимꙑи	непостижимый	
нєдостоино	не по достоинству	
нєдостоино	недостойно	
нєдостоинѣ	не по правилу	
нєдоѹмѣниѥ	недоумение	
нєдоѹмѣти	не понимать	
нєдѣльнъ	воскресный	
нєдѣльнꙑи	воскресный	
нєдѣлѧ	доход по должности недельщика	
нєдѣлꙗ	воскресенье	
нєдѣлꙗ	неделя	
нєдѫгъ	недуг	
нєдѫживъ	больной	
нєдѫжьникъ	больной	
нєжидъ	материя	
нєзавидьно	независтливо	
нєзазоримꙑи	безупречный	
нєзазьримꙑи	безупречный	
нєзамѹдьно	непрерывно	
нєзаходимꙑи	вечный	
нєзълобиѥ	кротость	
нєизглаголаньно	невыразимо	
нєиздрєчєньникъ	неизъяснимое существо	
нєиздрєчєньно	невыразимо (словами)	
нєизмолимꙑи	неумолимый	
нєизмѣнимꙑи	неизменный	
нєизмѣньно	без изменений	
нєизмѣньнѣ	без изменения	
нєизмѣримꙑи	безмерный	
нєизрєчєньно	таинственно	
нєизрєчєньнѣ	таинственно	
нєимꙑи	неимущий	
нєислѣдимъ	непостижимый	
нєислѣдимꙑи	неисследимый	
нєислѣдьнъ	непостижимый	
нєисповѣдимꙑи	невыразимый	
нєистлимꙑи	невредимый	
нєистовъ	неистовый	
нєистръгномъ	неисторжимый	
нєистъщимꙑи	неистощимый	
нєистьлѣниѥ	нетленность	
нєисцѣлимꙑи	неутолимый	
нєиꙁмѣньнъ	неизменный	
нєключимъ	непригодный	
нєключимꙑи	негодный	
нєкротимꙑи	неукротимый	
нєкънижьникъ	неучёный человек	
нєкъчина	ничтожный	
нєлицємѣрьно	искренне	
нєлнꙑ	до тех пор, пока	
нєлюбъка	неудовольствие	
нєлюбꙑи	неприятный	
нєлѣпо	некрасиво	
нєлѣпо	нелепо	
нєлѣпѣ	небрежно	
нємилостивъ	немилосердный	
нємилостивꙑи	немилосердный	
нємилосьрдꙑи	бессердечный	
нємилꙑи	непривлекательный	
нємиръ	вражда	
нємлъчьно	неумолчно	
нємокрꙑи	сухой	
нємрачьнъ	немеркнущий	
нємъвєниѥ	нечистота	
нємълви	не только	
нємъногꙑи	небольшой	
нємѣримꙑи	неизмеримый	
нємѣрьнꙑи	неизмеримый	
нємꙋдрꙑи	неразумный	
нєнавидѣниѥ	ненависть	
нєнавидѣти	ненавидеть	
нєнавидѧ	ненавидящий	
нєнависть	ненависть	
нєнавистьникъ	ненавистник	
нєнадѣимꙑи	непредвиденный	
нєоборимꙑи	непреодолимый	
нєобратимꙑи	не обратившийся	
нєодъждимꙑи	не орошаемый дождем	
нєодьржимꙑи	невыполнимый	
нєомѣримꙑи	не имеющий меры	
нєопалимꙑи	несгорающий	
нєописаньно	непостижимо	
нєоскꙋдьно	постоянно	
нєоскꙋдьнѣ	без оскудения	
нєостꙋпьно	постоянно	
нєостꙋпьнѣ	постоянно	
нєосѧжимꙑи	неосязаемый	
нєосѫждєнъ	неподсудный	
нєосѫждєньно	неподсудно	
нєотєсанꙑи	нетёсанный	
нєочаꙗлꙑи	не отчаивающийся	
нєплищєваниѥ	тишина	
нєплодьнъ	неплодный	
нєпобѣдимꙑи	неодолимый	
нєповрѣдимꙑи	невредимый	
нєпоглѹмьно	непоколебимо, стойко	
нєпогонѥниѥ	прощение	
нєподвижимꙑи	неизменный	
нєподобьникъ	безбожник	
нєподобьно	не так, как следует	
нєподобьнѣ	недостойно	
нєподобьнѣ	безбожно	
нєпокорьнъ	непокорный	
нєпокорѥниѥ	непокорность	
нєпокровъ	неуступчивость	
нєпомьнимꙑи	преданный забвению	
нєпоносимꙑи	невыносимый	
нєпорочьнѣ	безупречно	
нєпословица	несогласие	
нєпослѹшьливъ	непослушный	
нєпоспѣшьнъ	напрасный	
нєпостижимꙑи	недоступный разумению	
нєпостоимꙑи	неспокойный	
нєпостраданьнъ	не пострадавший	
нєпосѧгꙑи	безбрачный	
нєпосѧжимꙑи	неосязаемый	
нєпотопимꙑи	безопасный	
нєпотрѣбꙑи	коварный	
нєпошьлꙑи	неисконный	
нєправьда	неправда	
нєправьдивъ	несправедливый	
нєправьдосътворѥниѥ	совершение несправедливых поступков	
нєправьдьникъ	неправедный человек	
нєправьдьнѣ	несправедливо, неправедно	
нєправꙑи	несправедливый	
нєприкосновєнъ	неприкосновенный	
нєпричѧстьникъ	непричастный человек	
нєприꙗꙁнь	зло	
нєприꙗꙁньскъ	дьявольский	
нєпроходимъ	непроходимый	
нєпроходимꙑи	непроходимый	
нєпрѣидомъ	необъятный	
нєпрѣклоньнъ	непреклонный	
нєпрѣложєниѥ	непреклонность	
нєпрѣмѣнимꙑи	неизменный	
нєпрѣмѣньно	неизменно	
нєпрѣмѣньнѣ	неизменно	
нєпрѣподобьнѣ	безбожно	
нєпрѣпьривъ	неправдоподобный	
нєпрѣрѣжимꙑи	неизменный	
нєпрѣстаньно	непрестанно	
нєпрѣтьрпимꙑи	нестерпимый	
нєпрѣꙁорьство	скромность	
нєпьщєваниѥ	отговорка	
нєпьщєвати	опасаться	
нєраздѣлимꙑи	нераздельный	
нєразоримꙑи	невредимый	
нєразрѣшимꙑи	неразрывный	
нєразрѹшимꙑи	невредимый	
нєразѹмиѥ	неразумность	
нєразѹмьнѣ	неразумно	
нєраꙁдрѣшимъ	нерасторжимый	
нєраꙁдѣльнъ	нераздельный	
нєраꙁоримъ	неистребимый	
нєраꙁѹмивъ	неразумный	
нєраꙁѹмьливъ	непонятливый	
нєродъ	беспечность	
нєродьно	беспечно, небрежно	
нєрожєниѥ	нерадение	
нєроспашька	неисполнение обязанности распахать землю	
нєрѣшимꙑи	неразрывный	
нєрѹшимꙑи	неразрушимый	
нєрꙋкоположєнꙑи	не имеющий рукоположения	
нєрꙋкосѣчєнꙑи	иссеченный без помощи рук	
нєрꙋкотворєнꙑи	созданный не человеческими руками	
нєсила	слабость	
нєскорꙑи	медленный	
нєсти	нести	
нєстрашимꙑи	неустрашимый	
нєстроѥниѥ	смятение	
нєстєра	племянница	
нєсъвѣдомъ	непонятный	
нєсъвѣщаниѥ	беспомощность	
нєсъгонимъ	непостижимый	
нєсъказаньно	непостижимо	
нєсъмотримꙑи	невиданный	
нєсъмѣжимꙑи	бессонный	
нєсъмѣрьнꙑи	неизмеримый	
нєсъмѣсимꙑи	несоединяемый	
нєсъмѣсьно	не смешиваясь, не сливаясь	
нєсъмꙑсльно	неразумно	
нєсъмꙑсльнѣ	неразумно	
нєсъмꙑшлѥниѥ	неразумие	
нєсъповѣдомъ	несказанный	
нєсъпонъ	беспрепятственность	
нєсътворѥниѥ	неисполнение	
нєсътрьпимъ	нестерпимый	
нєсътрьпѣнъ	нестерпимый	
нєсътьрпимꙑи	нестерпимый	
нєсѣкомъ	твердый	
нєсꙋдимꙑи	несудимый (о грамоте)	
нєтворъ	непритворность	
нєтвьрдꙑи	непрочный	
нєтии	племянник	
нєтрѣбꙑи	негодный	
нєтьлимꙑи	нетленный	
нєтьлѣниѥ	нетленность	
нєтьлѣньнъ	нетленный	
нєтьрпимꙑи	нестерпимый	
нєтѧгъ	ленивый	
нєфть	горное минеральное масло	
нєхвалимꙑи	недостойный похвалы	
нєхотимꙑи	невольный	
нєхранимꙑи	неохраняемый	
нєхꙋдогꙑи	неискусный	
нєхꙑтрꙑи	бесхитростный	
нєчаи	сомнение	
нєчаꙗниѥ	отчаяние	
нєчловѣколюбиѥ	отсутствие человеколюбия	
нєчловѣчьскъ	бесчеловечно	
нєчьстивъ	нечестивый	
нєчьстиѥ	нечестивость	
нєчьсть	нечестивость	
нєчьстьнѣ	безбожно, нечестиво	
нєчѹвьствиѥ	невосприимчивость	
нєѣдєниѥ	отсутствие пищи	
нєѹбожьно	безбедно	
нєѹврѣдити	бесчестить	
нєѹгасимꙑи	неугасающий	
нєѹдобь	неудобно, с трудом, трудно	
нєѹдьржимꙑи	неудержимый	
нєѹкротимꙑи	свирепый	
нєѹмолимꙑи	неумолимый	
нєѹподарѥниѥ	неблагодарность	
нєѹстроимꙑи	беспорядочный	
нєѹтомимꙑи	нечистый	
нєѹтѣшимꙑи	неутешный	
нєꙁавидьливъ	независтливый	
нєꙁавидьно	независтливо	
нєꙁаꙁорьнъ	безукоризненный	
нєꙁълобивъ	безвинный	
нєꙗвѣръ	неверящий	
нєꙗдєниѥ	голод	
нѣжно	нежно	
нѣжность	нежность	
нѣкако	как-нибудь, как-то	
нѣкогда	когда-то, когда-нибудь, однажды	
нѣколи	однажды, когда-то	
нѣколико	авось	
нѣкоторый	некоторый	
нѣкоторꙑи	кто-нибудь	
нѣкотєрꙑи	некоторый	
нѣкъдє	где-то	
нѣмецъ	немец (в разн. знач.)	
нѣмованиѥ	лепет	
нѣмовати	лепетать	
нѣмовати	говорить косноязычно	
нѣмой	немой	
нѣморѣчивꙑи	неясно говорящий	
нѣмость	немота	
нѣмота	неясность (речи)	
нѣмъ	немой	
нѣмъка	крюковой знак	
нѣмый	немой	
нѣмьць	человек, говорящий непонятно	
нѣмьчинъ	немец	
нѣмьчьскꙑи	германский	
нѣмꙑи	лишённый способности говорить	
нѧтва	плен	
нѫдити	угнетать	
нѫдьма	насильно, по принуждению	
нѫдьми	по принуждению	
нѫжда	необходимость	
нѹдити	принуждать	
нѹдитєль	неотступный	
нѹждьникъ	насильник	
нѹжьнѣ	стремительно	
нѹта	крупный рогатый скот	
нꙑи	паруса	
нꙑнѣ	ныне	
нꙑнѣча	теперь	
нꙑнꙗ	ныне	
нꙑраи	столп	
нꙑривꙑи	сердитый	
нꙑрищє	логовище	
нꙑръ	столп	
нꙑти	печалиться	
нꙗдро	пазуха	
оба	двое	
обаавьникъ	чародей	
обаальствоватисѧ	исцелиться	
обава	заклинание	
обавати	заклинать	
обавити	заклять	
обавити	объявить	
обавити	явить	
обавлєниѥ	явление	
обавлѥниѥ	явление	
обавьникъ	лекарство	
обавьникъ	колдун	
обагърити	оросить кровью	
обада	клевета	
обадити	обвинить	
обадити	обвинить (ложно)	
обадитєль	клеветник	
обадьливꙑи	клеветник	
обадьникъ	клеветник	
обажати	оклеветать	
обаждєниѥ	клевета	
обажити	оклеветать	
обажєниѥ	клевета	
обалъкати	взалкать	
обальникъ	заклинатель	
обаньникъ	заклинатель	
обачє	однако	
обачє	ведь	
обаꙗньникъ	заклинатель	
обвився	дееприч. от обвиться	
обвиненіе	обвинение	
обвиняючи	дееприч. от обвинять	
обвиняющій	обвиняющий	
обвислой	вариант обвислый	
обезпокоився	дееприч. от обезпокоиться	
обезпокоиться	вариант обеспокоиться	
оберегавшій	оберегавший	
оберегательной	вариант оберегательный	
обида	оскорбление	
обида	обида	
обидливой	вариант обидливый	
обидчивой	вариант обидчивый	
обидьливъ	причиняющий вред	
обидяй	обидящий	
обидѣти	обижать	
обидѣти	обидеть	
обижающій	обижающий	
обилиѥ	обилие	
обило	вокруг	
обило	в изобилии, обильно	
обиловати	изобиловать	
обилъ	обильный	
обиль	хлеб на корню	
обиль	обильно	
обильнъ	обильный	
обильнѣ	обильно	
обильнꙑи	обильный	
обильствовати	быть в изобилии	
обиліе	обилие	
обилѣ	в изобилии	
обилꙑи	обильный	
обимати	окружать	
обимо	вокруг	
обинити	обвинить	
обиновати	окружать	
обиновати сѧ	лицеприятствовать	
обинꙋти	обойти	
обирати	собирать	
обираючи	дееприч. от обирать	
обирающій	обирающий	
обирокъ	остаток	
обирь	шёлковая ткань	
обисиꙗти	сиять вокруг	
обискати	ощупать	
обистꙋпати	окружать	
обистꙋпити	окружить	
обитавшій	обитавший	
обитавый	обитавший	
обитаніе	обитание	
обитати	жить	
обитати	обитать	
обитающій	обитающий	
обити	обломать	
обити	обвить	
обитовати	обитать	
обитьць	переселенец	
обитєкати	обходить	
обитєль	дом	
обитѣвати	вмешаться	
обиходити	обходить	
обиходъ	правило	
обихꙑщати	захватывать	
облава	военный отряд	
облагати	покрывать	
облагати	окружать	
облаговонити	наполнить благовонием	
облагодатити	ниспослать благодать	
облагодѣтельствовавшій	облагодетельствовавший	
облагъ	мешок	
обладаниѥ	обладание	
обладаніе	обладание	
обладати	владеть	
обладати	обладать	
обладающій	обладающий	
облажати	прославлять	
облажєникъ	святой	
облажєниѥ	блаженство	
облажєнъ	блаженный	
облазивꙑи	надменный	
облазнь	ошибка	
облазовати	кичиться	
облазьство	несмышлённость	
облакати	одевать	
облакъ	облако	
областинъ	подчинённый	
область	власть	
областьно	решительно, властно	
облачати	одевать	
облачати	окутывать	
облаченіе	облачение	
облачити	одевать	
облачной	вариант облачный	
облачьнъ	облачный	
облачьць	облачко	
облашь	мирянин	
облашьскъ	мирской	
облегченіе	облегчение	
обливати	орошать	
обливати	обливать	
облизати	облизывать	
обликовати	ликовать	
облинꙋти	оплешиветь	
облистаниѥ	блеск	
облистати	блистать	
облистовати	осиять	
облиховати	лишить	
обличати	делать известным	
обличати	обличать	
обличающій	обличающий	
обличеніе	обличение	
обличити	обличить	
обличиѥ	вид	
обличь	вид	
обличьникъ	обличитель	
обличьность	лицо	
обличєвати	обличить	
обличєниѥ	обвинение	
облишити	лишить	
облишьствовати	быть неумеренным	
облиꙁати	облизывать	
облобꙑзати	поцеловать	
облогъ	обруч	
обложити	обставить	
обложити	обложить	
обломити	сокрушить	
облъгати	оклеветать	
обльвати сѧ	испачкаться рвотой	
обльгъчати	облегчать	
обльгъчати	облегчить	
обльгъчити	облегчить	
обльжати	облегчать	
обльживати	облегчать	
обльжити	облегчить	
обльскати	обольщать	
обльстити	обмануть	
обльстити	поймать в ловушку	
обльсть	обман	
облюбити	облюбовать	
облюбити	возлюбить	
облюдати	опровергать	
облєжати	окружать	
облєчи	осадить	
облєшти	облечь	
облѣдѣти	побледнеть	
облѣжати	помрачать	
облѣждати	делать бледным	
облѣнити сѧ	облениться	
облѧкъ	отворот рукава	
облꙋдословити	опорочить	
облꙑгати	обвинять ложно	
облꙑгати	обвинять	
обмазывавшій	обмазывавший	
обмазывающій	обмазывающий	
обмакнувшій	обмакнувший	
обманывающій	обманывающий	
обмираючи	дееприч. от обмирать	
обмываючи	дееприч. от обмывать	
обнавлꙗти	возрождать	
обнажавшій	обнажавший	
обнажающій	обнажающий	
обнажити	обнажить	
обнажєниѥ	нагота	
обнаруженіе	обнаружение	
обнаружившійся	обнаружившийся	
обнимающій	обнимающий	
обнищати	обнищать	
обновити	возобновить	
обновленіе	обновление	
обновлѥниѥ	возрождение	
обносити	обносить	
обнощьница	всенощная	
обогатившійся	обогатившийся	
обогатити	умножить	
обогатити	обогатить	
обогатѣти	разбогатеть	
обогащати	приносить богатство	
ободвьриѥ	дверная притолока	
ободрати	порвать одежду	
ободъ	кольцо	
обожати	боготворить	
обожженіе	обожжение	
обожити	приблизить к Богу	
обожєниѥ	обоготворение	
обозной	вариант обозный	
обозрѣвся	дееприч. от обозрѣться	
обозрѣніе	обозрение	
обозрѣть	обозреть	
обозрѣться	обозреться	
обозъ	дощатый подвижной городок	
обозъ	обоз	
обоимати	лишить имущества	
оболачати	одевать	
оболокъ	облако	
оболость	область	
оболочати	покрывать	
оболочи	одеть кого-либо во что-либо	
оболочити	одеть	
оболочєниѥ	одевание	
оболъгати	оклеветать	
обольстити	обмануть	
обольщающій	обольщающий	
обольщеніе	обольщение	
обонятельной	вариант обонятельный	
обонꙗти	обонять	
оборачиваючись	дееприч. от оборачиваться	
оборити	снести	
оборонити	защитить	
оборотной	вариант оборотный	
оборотьнъка	род плотницкого бурава	
обослався	дееприч. от обослаться	
обослаться	обменяться посланиями	
обострꙗти	возбуждать	
обосълати	подать весть через посланного	
обочиѥ	висок	
обоюдной	вариант обоюдный	
обоюдѣ	одинаково	
обоюдѹострꙑи	острый с обеих сторон	
обоѭдѹ	по обеим сторонам	
обоꙗко	в обоих случаях	
обрабатывающій	обрабатывающий	
обравьнивати	сглаживать неровности	
обрадованиѥ	радость	
обрадовати	приветствовать	
обрадовати	обрадовать	
ображати	изображать	
образина	изображение лица	
образити	изобразить	
образовавшій	образовавший	
образованіе	образование	
образовати	изображать	
образовати	создавать	
образоломитєль	иконоборец	
образописьць	исконописец	
образъ	вид	
образъ	образ	
образьствовати	изображать	
образьць	круглая или продолговатая бляха	
обранѣти	бранить	
обрати	избрать, (выделить) выбрать	
обратився	дееприч. от обратиться	
обратившій	обративший	
обратившійся	обратившийся	
обратити	обернуть, обратить	
обратной	вариант обратный	
обратъ	столб	
обращавшійся	обращавшийся	
обращати	поворачивать	
обращати	обращать	
обращаючи	дееприч. от обращать	
обращающійся	обращающийся	
обращаяй	церк.-слав. обращающий	
обращеніе	обращение	
обращєниѥ	изменение	
обраꙁити	уподобить	
обраꙁъ	образ	
обрисати	отирать	
обристати	устремляться	
обрити	стричь	
обрити	окружить рвом	
обровнати	устроить	
обровъ	ров	
оброжєниѥ	препятствие	
оброкъ	назначение	
обронити	уронить	
обросити	оросить	
обрости	порасти	
обростити	отпустить длинные волосы	
оброчити	определять оброк	
оброчной	вариант оброчный	
обрушившійся	обрушившийся	
обръжавѣти	заржаветь	
обръждавѣти	заржаветь	
обръпътити	обмануть	
обръснꙋти	обрезать	
обръшати	совершать	
обрывистой	вариант обрывистый	
обрѣзавшій	обрезавший	
обрѣзаниѥ	обрезание	
обрѣзаніе	обрезание	
обрѣзати	отрезать	
обрѣзати	обрезать	
обрѣзгати	гнушаться	
обрѣзовати	совершать обряд обрезания	
обрѣзывающійся	обрезывающийся	
обрѣмєнити	обременить	
обрѣмєновати	отягчать	
обрѣсти	обрести	
обрѣтати	находить	
обрѣтать	обретать	
обрѣтатєль	тот, кто что-то устраивает	
обрѣтаючи	дееприч. от обрѣтать	
обрѣтовати	получать прибыль	
обрѣтословьствовати	измышлять	
обрѣтєльникъ	тот, кто страивает	
обрѣꙁаниѥ	обрезание	
обрѣꙁати	обрезать	
обрѧдити	устроить	
обрѧдъ	ряд	
обрѧщати	находить	
обрѧщьникъ	приобретший	
обрѫчити	поручиться	
обрѹбати	снаряжать	
обрѹгати	поругать	
обрѹговати	осмеивать	
обрѹшити	оборвать	
обрꙋбати	снаряжать	
обрꙋбити	отрубить	
обрꙋчити	схватить	
обрꙋчь	запястье	
обрꙑсати	очищать	
обрꙑсовати	обтирать	
обрꙑти	обрыть	
обстоятельной	вариант обстоятельный	
обсылаючись	дееприч. от обсылаться	
обуваючись	дееприч. от обуваться	
обуздывающій	обуздывающий	
обучаючись	дееприч. от обучаться	
обучився	дееприч. от обучиться	
обходительной	вариант обходительный	
обходящій	обходящий	
обширной	вариант обширный	
общающійся	общающийся	
общеніе	общение	
объварити	сварить	
объвинити	признать виновным	
объводъ	межа	
объвъдовѣвати	овдовевать	
объвъходити	входить	
объвьртꙑвати	обёртывать	
объвєсти	окружить	
объвѣшивати	навешивать	
объглѧдати	смотреть вокруг	
объговаривати	наговаривать	
объговорити	переговорить	
объговоръ	наговор	
объгърновати	обнимать	
объдарити	одарить	
объдо	одежда	
объдьржати	охватывать	
объдьржьница	петля	
объемлющій	объемлющий	
объимати	захватить	
обънажати	лишаться	
обънажити	снять одежду	
обънажѣти	лишиться чего-нибудь	
обънизати	нанизать кругом	
обънизь	стоячий пристяжной воротник зипуна	
обънизѣти	сделаться низким	
обънищати	обеднеть	
обънищьствовати	провести ночь	
объновливати	возобновлять	
объносити	проносить мимо	
обънощьствовати	провести ночь	
обънощєвати	провести ночь	
обънєсти	окружить	
объринъ	аварец	
объсвѣщати	освещать	
объсиꙗти	освещать	
объсрьдованиѥ	расположенность	
объстꙋпити	окружить	
объсълати	войти в сношение	
объсѣдати	окружать	
объсѣкати	обрезывать	
объсѣнꙗти	осенять	
объсꙑлъка	оповещение	
объсꙑлꙑвати	оповещать	
обътєцати	обтекать	
обътєчи	обойти вокруг	
обътєщи	обежать	
объхажати	ходить вокруг	
объхаждати	ходить вокруг	
объходити	обходить	
объходъ	круг	
объхождати	обходить	
объюродѣти	потерять рассудок	
объюхати	обладать запахом	
объясненіе	объяснение	
объѣздити	ездить вокруг чего-либо	
объѣхати	окружить	
обыкновенной	вариант обыкновенный	
обыкновеніе	обыкновение	
обычной	вариант обычный	
обычьнѣ	обычно	
обьдо	сокровище	
обьжа	земельная мера	
обьжька	уменьшительное от обьжа	
обьло	шар	
обьль	совершенно	
обьмати	собирать (о плодах)	
обьщина	общество	
обьщиѥ	общество	
обьщь	общий	
обьщьникъ	соучастник	
обьщьно	повсюду	
обьщьнѣ	вместе	
обьщьство	сообщество	
обьщьствовати	сообщаться	
обьщєвати	присоединяться	
обьщєниѥ	взаимоотношения	
обьщєтворити	иметь что-либо общее с кем-либо	
обязанной	вариант обязанный	
обєдь	серп	
обєзвѣчити	изувечить	
обєлꙑи	круглый	
обєртѣти	обернуть	
обєртꙑвати	завёртывать	
обєсплодити	сделать бесплодным	
обєсчьствовати	бесчестить	
обєсчьстити	оскорбить	
обєсєлити	веселить	
обєтъшалꙑи	ветхий	
обєтъшати	обветшать	
обєтъшити	сделать ветхим	
обєтъшити	состарить	
обѣда	обед	
обѣдавшій	обедавший	
обѣданиѥ	объедение	
обѣдати	обедать	
обѣдать	обедать	
обѣдаючи	дееприч. от обѣдать	
обѣдовати	обедать	
обѣдъ	обед (дневной прием пищи)	
обѣдъ	обед (пища, кушанья, приготовляемые для обеда)	
обѣдъ	обед (обеденное время)	
обѣжати	избегнуть	
обѣлити	сделать белым	
обѣлѣти	стать белым	
обѣсити	повесить	
обѣстити	оповестить	
обѣтованиѥ	обет	
обѣтованіе	обетование	
обѣтъ	религ. обет	
обѣтъ	обет, зарок, обещание	
обѣтъ	обещание	
обѣшати	навешивать	
обѣшати	вешать	
обѣщавати	обещать	
обѣщався	дееприч. от обѣщаться	
обѣщавшій	обещавший	
обѣщавшійся	обещавшийся	
обѣщаниѥ	обещание	
обѣщаніе	обещание	
обѣщати	обещать	
обѣщаться	обещаться	
обѣщьникъ	сообщник	
обѧзати	привязать	
обѧти	объять	
обѧтрити	воспалить	
обѧщрѥниѥ	воспаление	
обѧꙁаниѥ	перевязь	
обѧꙁати	обвязать	
обѫхати	обонять	
обѹбождати	обнищать	
обѹвати	надевать обувь	
обѹжати	обнищать	
обѹздавати	обуздывать	
обѹздати	обуздать	
обѹздовати	укрощать	
обѹимати	обхватывать	
обѹмарꙗти	обмирать	
обѹмирати	обмирать	
обѹморити	одолеть	
обѹмѣти	сохранить в памяти	
обѹродѣти	обезуметь	
обѹсѣвати	обрастать (бородой и усами)	
обѹти	обуть	
обѹтєль	обувь	
обѹхъ	тыл	
обѹчати	изучать	
обѹѥвати	одолевать	
обѹꙗти	сойти с ума	
обꙋхати	овеять запахом	
обꙋхъ	обоняние	
обꙑ	чтобы	
обꙑкнѫти	привыкнуть	
обꙑкнꙋти	привыкнуть	
обꙑскати	осмотреть	
обꙑскъ	расследование дела	
обꙑскꙑвати	производить розыск	
обꙑчаи	обыкновение	
обꙑчаи	обычай	
обꙑчаинъ	обычный	
обꙑчьнъ	обычный	
овада	наговор	
овальной	вариант овальный	
овамо	в ту сторону	
овамо	туда	
овидовъ	Овидов	
овидъ	Овид	
овинъ	строение для сушки хлеба в снопах	
овитати	находиться	
овкачь	сосуд в виде чаши	
ово	либо	
овогда	иногда	
оводъ	муха	
овощиѥ	плоды	
овощный	вариант овощной	
овощь	плод	
овощьнъ	садовый	
овощє	плод	
оврасковѣти	сморщиться	
овсяной	вариант овсяный	
овчѹхъ	овчар	
овъ	тот	
овъгда	иногда	
овъдовѣти	овдоветь	
овъдє	здесь	
овъдѣ	кое-где	
овъждє	в ином месте	
овъторити	повторить	
овьнии	бараний	
овьноглавьць	с бараньей головой	
овьнъ	баран	
овьнъ	овен	
овьнь	бараний	
овьсъ	овёс	
овьца	самка овна барана	
овьца	овца	
овьчии	овечий	
овьчина	овечья шкура	
овьчиѥ	?	
овьчь	овечий	
овьчѧ	ягнёнок	
овьчѧ	овца	
овѧзати	обвязать	
овѫдѹ	по ту и по другую сторону	
овꙑшати сѧ	превозноситься	
огавити	потревожить	
огавити	досадить	
огавиѥ	досада	
огавиѥ	беспокойство	
огавь	досада	
огадати	обсуждать	
огарꙑ	корабли	
огваждати	пригвождать	
оглавленіе	оглавление	
оглавлѥниѥ	основная сумма	
оглавь	узда	
оглаголаниѥ	обвинение	
оглаголаниѥ	брань	
оглаголати	оговорить	
оглаголати	обвинить	
оглаголивати	осуждать	
оглаголовати	обвинить	
оглагольникъ	обвинитель	
огласити	обучать	
огласити	наставить	
огласовати	огласить	
оглашати	воодушевлять	
оглашєниѥ	наставление	
оглядывающійся	оглядывающийся	
оглѧдати	осмотреть	
оглѹшати	делать глухим	
огневый	вариант огневой	
огненной	вариант огненный	
огниво	поперечное железце рукояти меча и сабли	
огнивьцє	уменьшительное от огниво	
огнивьчатꙑи	состоящий из продолговатых, подобных огниву, звеньев	
огница	горячка	
огничавꙑи	страдающий горячкой	
огнищанинъ	богатый, знатный человек	
огнищь	раб	
огнищьнꙑи	жертвенный	
огнищє	костёр	
огнь	огонь	
огньнꙑи	огненный	
огньць	огонёк	
огнєгасити	гасить	
огнѧдиѥ	черные тополя	
оговорити	обвинить	
оговоръ	жалоба	
огоити	пробуждаться к жизни	
оголити	оголить	
огородити	окружить	
огородъ	ограда	
огородьць	огородик	
огорожати	ограждать	
огорченіе	огорчение	
огорчившій	огорчивший	
огорьчати	становиться горьким	
огорѣти	обгореть	
огосподьствовати	овладеть	
ограда	стена	
оградити	огородить	
оградити	оградить	
оградъ	забор	
оградьникъ	садовник	
оградьць	огород	
огражавати	огораживать	
огражати	защищать	
огражденіе	ограждение	
ограждєниѥ	ограждение	
огрѣвати	согревать	
огрѣти	греть	
огуречной	вариант огуречный	
огърлиѥ	ожерелье	
огърщати	нападать	
огꙋстѣти	сгущаться	
одалати	одолевать	
одаль	вдали	
одарити	одарить	
одвьриѥ	дверная притолока	
одежа	одежда	
одержавшій	одержавший	
одинако	тем не менее	
одинаковой	вариант одинаковый	
одинамо	в одно место	
одиннадцатой	вариант одиннадцатый	
одинокой	вариант одинокій	
одинъ	то же, что один; целое число между нулём и двумя	
одинъ	один (во всех значениях)	
одинъ	один	
одиньць	одинокий бессемейный человек	
одновременной	вариант одновременный	
однокольць	крюковой знак	
однолѣтній	однолетний	
однородной	вариант однородный	
однорукой	вариант однорукій	
однорѧдъка	верхняя широкая одежда до пят	
одностворчатой	вариант одностворчатый	
одобреніе	одобрение	
одобьлѣти	очерстветь	
одолженіе	одолжение	
одоловати	соперничать	
одолѣвати	одолевать	
одолѣниѥ	преодоление	
одолѣти	победить	
одомашка	сорт камки	
одрати	ободрать	
одрина	хлев	
одръ	ложе	
одрьжаниѥ	владение	
одрьжати	обладать	
одрьць	скамейка	
одрьць	решётка	
одряхлѣвшій	одряхлевший	
одумався	дееприч. от одуматься	
одутловатой	вариант одутловатый	
одъжгати	орошать дождём	
одъждати	проливать (дождём)	
одъждити	окропить	
одъждити	оросить	
одължати	задолжать	
одьржати	властвовать	
одєбєлити	утолстить	
одєжда	одежда	
одєниѥ	одонье	
одєсѧтити	обложить десятиной, податью	
одѣвавшійся	одевавшийся	
одѣвало	одежда	
одѣвати	одевать	
одѣвать	одевать	
одѣваться	одеваться	
одѣвающійся	одевающийся	
одѣваяй	прич. от одѣвать	
одѣвся	дееприч. от одѣться	
одѣлати	обстроить вокруг	
одѣло	одежда	
одѣниѥ	одеяние	
одѣти	украшать	
одѣти	одеть	
одѣть	одеть	
одѣться	дееприч. от одеться	
одѣявъ	дееприч. от одѣяти	
одѣяй	прич. от одѣяти	
одѣяти	одеяти	
одѣꙗло	одеяние	
одѣꙗти	одевать	
одѹшити	одушевить	
одꙋнꙋти	отогнать дуновением	
одꙑмѣти	продымиться	
ожесточати	грубеть	
ожесточеніе	ожесточение	
ожесточившійся	ожесточившийся	
оживати	оживотворяться	
оживити	возвратить к жизни	
оживити	оживить	
оживленіе	оживление	
оживотворити	оживить	
ожидавшій	ожидавший	
ожидаемой	вариант ожидаемый	
ожиданіе	ожидание	
ожидати	ожидать	
ожидающій	ожидающий	
ожидаяй	ожидающий	
ожилити	укрепить	
ожити	ожить	
ожь	ёж	
ожьдати	обождать	
ожєнити	женить	
ожєстити	ожесточить	
ожєсточаниѥ	ожесточение	
ожєсточати	ожесточиться	
ожєсточити	сделать жестоким	
ожєсточити	ожесточить	
ожєстѣти	огрубеть	
ожєщи	опалить	
озарєвати	озарять	
озарєниѥ	освещение	
озвада	название урочища старорусского	
озвꙋчати	огласить	
озимой	вариант озимый	
озимьствовати	сослать	
озимѣти	перезимовать	
озимꙑи	посеянный до зимы	
озирающійся	озирающийся	
озлобившійся	озлобившийся	
озлобленіе	озлобление	
означающій	означающий	
означеніе	означение	
озноити	опалить	
озобати	съедать	
озракъ	образ	
озрачь	вид	
озричь	вид	
озрьчь	вид	
озрѣчь	вид	
озълѣти	причинять зло	
озьдати	обстроить	
озєро	озеро	
озєрокъ	небольшое озеро	
озєрьскꙑи	приозёрный	
озѧмъ	верхняя мужская одежда с узкими рукавами	
озѹть	необдуманно	
озꙋбѣти	получить зубы	
оиминъ	воин	
оимъ	воин	
оимьскъ	воинский	
оимьскꙑи	воинский	
оимьство	воинство	
ока	Ока	
оказавшій	оказавший	
оказывающійся	оказывающийся	
окамєнити	ожесточить	
окамєнѥниѥ	жестокосердие	
окамѧнити	окаменить	
оканьникъ	окаянный человек	
оканьчавати	кончать	
окаровати	укорять	
окаꙗниѥ	сетование	
окаꙗти	пожалеть	
оквасити	окислить	
окианъ	море	
окинувся	дееприч. от окинуться	
окислой	вариант окислый	
окладати	основывать	
окладъ	очертание	
окладꙑвати	делать оклад	
окличь	окликание	
оклоснити	охрометь	
оклюка	обман	
оклєвєтавати	оговаривать	
оклєвєтавати	клеветать	
оклєвєтаниѥ	клевета	
оклєвєтати	обвинять	
оклєвєтати	оговаривать	
оклєвєтꙑвати	обвинять	
оклєвєщати	ложно обвинять	
око	глаз, око	
око	зрение, взор, взгляд	
око	что	
оковати	оковать	
оковъ	перехват	
околичьникъ	житель округа	
около	вокруг	
окологородиѥ	пригород	
окологородьскꙑи	пригородный	
окологородьць	житель пригорода	
околодокъ	соседнее место	
околъ	круг	
околъкъ	кудря	
окольникъ	житель окрестности	
окольной	вариант окольный	
окольчити	окружить	
окончаніе	окончание	
окончательной	вариант окончательный	
оконьчати	окончить	
оконьчати	завершить	
окопати	взрыхлить землю	
окопати	окопать	
окорокъ	бедро с ягодицей	
окрадовати	обманывать	
окрасти	обокрасть	
окрастовѣти	окоростеть	
окрастѣти	заболеть коростой	
ократити	сократить	
окрачати	укрощать	
окрилатѣти	окрылиться	
окрилити	защитить	
окрилъ	плащ	
окринъ	сосуд	
окровьница	плащ	
окрои	одежда	
окромѣ	прочь	
окропити	окропить	
окропленіе	окропление	
окроплєниѥ	окропление	
окротити	укротить	
окрочити	окружить	
окрочити	обступить	
окрочєниѥ	окружение	
округленіе	округление	
округлой	вариант округлый	
окружавшій	окружавший	
окружающій	окружающий	
окръвавити	окровавить	
окръвєниѥ	обнаружение	
окрьстъ	вокруг	
окрѣплꙗти	вооружать	
окрѣꙗти	выздороветь	
окрѫглъ	круглый	
окрꙋжати	окружать	
окрꙋжити	окружить	
окрꙋчати	одевать	
окрꙑти	открыть	
оксамитити	делать под оксамит	
оксамитъ	шёлковая ткань вроде бархата	
оксиꙗ	шёлковая ткань	
оксь	надстрочный знак церковно-славянского письма, обозначающий ударение	
октава	восьмой день после праздника	
октаикъ	вариант октоикъ	
октоикъ	сборник церковных гимнов, сгруппированных по восьми недельным циклам	
окъно	окно	
окъньце	окно	
окънѧживати	отдавать в собственность князя	
окърмитєль	кормчий	
окърмьчьствовати	направить	
окърнати	оскопить	
окы	как будто	
окѹпати	выкупать	
окѹпити	выкупить	
окѹсъ	испытание	
окѹшати	искушать	
окꙑ	как	
олачѹга	лачуга	
оливковой	вариант оливковый	
олико	сколько	
олимпийской	вариант олимпийскій	
олиховати	лишать	
олки	тяжесть	
олмазъ	название драгоценного камня	
оловина	хмельной напиток из жита, ячменя и т.п	
оловиньнꙑи	прилагательное от оловина	
оловиръ	шёлковая затканная золотом ткань	
олово	свинец	
оловьцє	фитиль	
оловѣнъ	свинцовый	
оловѧникъ	сосуд оловянный	
оловѧничєкъ	уменьшительное от оловѧникъ	
оловѧнꙑи	сделанный из олова	
оловѹдъмьць	мастер по олову	
олокавътомата	жертвы	
олокаѹста	всесожжение	
олтарь	алтарь	
олтарьникъ	служитель алтаря	
олъ	хмельной напиток из жита, ячменя	
олътарь	алтарь	
ольгъ	Олег	
ольна	когда	
ольха	ольха	
ольховой	вариант ольховый	
ольхъ	ольха	
ольшьникъ	ольховый лес	
олѣи	масло	
олѧдъ	судно	
олѧдѣти	заглохнуть	
омазати	обмазать	
омазꙑвати	обмазывать	
омакати	обливать	
омакати	окроплять	
омаломощати	обессилить	
омахати	замахнуть	
омачати	мочить	
омбонъ	амвон	
омерзительной	вариант омерзительный	
оминꙋти	пройти мимо	
омлатъ	молот	
омльчати	замолчать	
омовеніе	омовение	
омофоръ	часть архиерейского облачения, надеваемая на плечи	
омочити	омочить	
омочєниѥ	смачивание	
омраза	гнусность	
омразити	осквернить	
омракъ	мрак	
омрачати	затемнять	
омрачающій	омрачающий	
омраченіе	омрачение	
омрачити	затемнить	
омрачєвати	помрачать	
омраꙁити сѧ	стать мерзким	
омрькнѫти	померкнуть	
омрьꙁѣти	стать омерзительным	
омъвєниѥ	омовение	
омывшій	омывший	
омытіе	омытие	
омьньшати	уменьшаться	
омьрзити	стать отвратительным	
омьрзовати	презреть	
омьрзьчати	стать противным	
омьркнꙋти	смеркнуться	
омьртвѣти	омертветь	
омьчьтати	увлечь	
омєла	приманка для птиц	
омєльникъ	птицелов	
омєта	одежда, накидываемая на плечи	
омєть	сеть	
омѣжити	лишить зрения	
омѣлити	выбелить	
омѣнъка	отмена	
омѣрити	измерить	
омѧкъчити	сделать мягким	
омѧтєжити	возмутить	
омѧчити	смягчить	
омѫтити сѧ	прийти в отчаяние	
омꙑвати	обмывать	
омꙑвати	омывать	
омꙑти	обмыть	
омꙑти	омыть	
онагръ	дикий осёл	
онагръ	онагр	
онамо	туда	
онбаръ	строение для склада зернового хлеба	
онболъ	амвон	
онбонъ	амвон	
оно	вот	
оной	вариант оный	
онъ	он указывает на предмет речи, выраженный в предшествующем или в последующем повествовании существительным м. р. ед. ч.: тот предмет, человек и т. п	
онъ	оный	
онъдє	там	
онъполовичь	житель оного пола	
онъсица	какой-то	
оньсичь	принадлежащий такому-то	
онєдꙋжити	ослабить	
онѣ	оне	
онѣмити	сделать немым	
онѣмѣти	стать немым	
онѣмѣти	онеметь	
онѫдѹ	по ту и по другую сторону	
онѹща	сандалии	
опавшій	опавший	
опадати	разрушаться	
опако	назад	
опакы	наоборот	
опакꙑ	назад	
опакꙑ	наоборот	
опала	гнев	
опаливꙑи	запальчивый	
опалити	обжечь	
опалити	опалить	
опаловой	вариант опаловый	
опалъка	гнев	
опальной	вариант опальный	
опальство	гнев	
опамятовався	дееприч. от опамятоваться	
опаница	чаша	
опаничиѥ	чаша	
опасаючи	дееприч. от опасать	
опасаючись	дееприч. от опасаться	
опасеніе	опасение	
опасивъ	усердный	
опасивꙑи	осторожный	
опасной	вариант опасный	
опаство	осторожность	
опасъ	пояс	
опасъ	внимание	
опасьно	тщательно	
опасьно	усердно	
опасьнѣ	осторожно	
опасьщикъ	посланец за опасной грамотой	
опасєниѥ	осторожность	
опасєниѥ	старательность	
опать	зад	
опахати	обмахивать	
опашь	хвост	
оперной	вариант оперный	
опиготивѣти	получить проказу	
опиискꙑ	по-обезьяньи	
опирати	прислонять	
описати	описать	
описовати	описывать	
описуючи	дееприч. от описовать	
описываючись	дееприч. от описываться	
опица	обезьяна	
оплажьствовати	тщеславиться	
оплаза	дерзость	
оплазовати	тщеславиться	
оплакати	оплакать	
оплакивающій	оплакивающий	
оплатъ	святые дары	
оплатъкъ	облатка	
оплашь	мирянин	
опливати	оплёвывать	
оплосмо	вообще	
оплотъ	ограда	
оплъчати сѧ	расположиться лагерем	
оплъчєниѥ	боевой порядок	
опльвати	оплевать	
опльщєвати	часто посещать	
оплєсти	оплести	
оплєтати	оплетать	
оплєтина	шалаш	
оплєчиѥ	одежда наплечная	
оплѣнѥниѥ	плен	
оплѣтати	оплетать	
оплѣти	обгореть	
оплѧсати	плясать вокруг	
оповалъсамъ	сок бальзамического дерева	
оповолока	покров	
опожнєниѥ	медленность	
опозабꙑти	позабыть	
опоздавшій	опоздавший	
опознати	узнать	
опозорити	оскорбить	
опока	белая глина	
ополчающійся	ополчающийся	
ополченіе	ополчение	
ополчившійся	ополчившийся	
ополѣлꙑи	опалённый	
ополѣти	обгореть	
ополѹчити	получить	
опона	завеса	
опоньникъ	делающий опоны	
опоръ	приступ	
опорьчистъ	заклинание	
опорѣкати	порицать	
опорꙋчати	поручать	
опорꙋчити	поручить	
опослѣ	после	
опослѹшати	свидетельствовать	
опослѹшьствовати	дать показание	
опостичи	постигнуть	
опостылой	вариант опостылый	
опочивати	отдыхать	
опоꙗсати	повязать поясом	
опоꙗсъка	пояс	
оправданіе	оправдание	
оправдательной	вариант оправдательный	
оправдывающій	оправдывающий	
оправити	исправить	
оправливати	разбирать	
оправьданиѥ	указание	
оправьдати	оправдать	
оправьдити	оправдать	
опредѣленіе	определение	
оприсъ	кроме	
оприсьнити	завладеть	
опричной	вариант опричный	
опричь	кроме	
опришьнина	удел	
опроворотити	перевернуть	
опровращати	обращать	
опроврѣшти	опрокинуть	
опроврѣщи	опрокинуть	
опрометчивой	вариант опрометчивый	
опромєтати	опрокидывать	
опросити	расспросить	
опростити	освободить	
опрость	исполнение	
опростѣти	стать проще	
опрочь	кроме	
опрятной	вариант опрятный	
опрѣжь	вперёд	
опрѣлюбодѣꙗти	осквернить	
опрѣснъкъ	опреснок	
опрѣти	утвердить	
опрѧгнꙋти	напереть	
опрѧжєниѥ	напор	
опрѧзати	напрягать	
опрѧтати	укрыть, одеть (покойника), приготовить к погребению	
опрѧтати	обнять, прижать к себе	
опрѧтовати	убирать (к погребение)	
опрѧтꙑвати	прибирать	
оптической	вариант оптическій	
оптовой	вариант оптовый	
опускающійся	опускающийся	
опустившій	опустивший	
опустившійся	опустившийся	
опустошавшій	опустошавший	
опустошающій	опустошающий	
опустошеніе	опустошение	
опустѣвшій	опустевший	
опухлой	вариант опухлый	
опущеніе	опущение	
опълзти	осыпаться	
опълчити	напасть	
опытной	вариант опытный	
опьрати	вымыть	
опьянѣвшій	опьяневший	
опєрити	снабдить пером	
опєрєдити	упредить	
опєчаливати	огорчать	
опєчалити	огорчить	
опєчалити	опечалить	
опєчаловати	опечалить	
опѣготивѣти	заболеть проказой	
опѣготѣти	заболеть проказой	
опѣшати	стать пешим	
опѣшити	сделать пешим	
опѹснѣти	измениться	
опѹстити	опустошить	
опѹстити	освободить	
опѹстошити	разорить	
опѹстѣти	опустеть	
опѹхати	пухнуть	
опѹщати	опустошать	
опѹщити	обшить каймой	
опѹщєниѥ	опустошение	
опꙋтати	обмотать	
опꙋщєниѥ	опустошение	
опꙑни	обезьяна	
опꙑснѣти	измениться	
опꙑтаниѥ	испытание	
опꙑтати	испытать	
опꙑтати	внимательно исследовать	
опꙑтовати	любопытствовать	
опꙑтьнѣ	точно	
оравшій	оравший	
орало	соха	
орамица	пашня	
оранжевой	вариант оранжевый	
ораница	пашня	
орарь	часть облачения дьякона	
оратва	пахание	
орати	пахать	
орати	орать	
ораторской	вариант ораторскій	
орачь	пахарь	
органъ	орган	
орда	стан	
орденъ	орден	
ординарной	вариант ординарный	
ординъ	вариант орденъ	
орелъ	орёл	
оригинальной	вариант оригинальный	
оригєнъ	Ориген	
орити	соблазнять	
оритєль	разрушитель	
орлиной	вариант орлиный	
ормѧкъ	комнатная мужская одежда	
орностаи	горностай	
ородъ	порождение	
оросити	увлажнить	
орошающій	орошающий	
орудіе	орудие	
оружейной	вариант оружейный	
оружіе	оружие	
оръпътити	смутить	
орь	конь	
орьлица	орлица	
орьлъ	орёл	
орьлъ	зоол. орёл (Aquila)	
орьль	орлиный	
орьнꙑи	относящийся к паханию	
орєвати	быть похотливым	
орєниѥ	разрушение	
орѣшникъ	орешник	
орѧбь	куропатка	
орѫдиѥ	деятельность	
орѫдовати	устраивать	
орѫжиѥ	меч	
орѫжьникъ	вооружённый воин	
орѳографія	то же, что орфография; общепринятая система правил, определяющая написание слов какого-либо языка; правописание	
орѳографія	то же, что орфография; раздел языкознания, изучающий и регламентирующий правила правописания	
орꙋдовати	действовать	
орꙋжити	вооружить	
оса	оса	
осадити	огородить	
осадочной	вариант осадочный	
осадъ	защищенное, укрепленное место	
осадьчикъ	начальник укреплённого места	
осаждавшій	осаждавший	
осаждающій	осаждающий	
осаждꙗвити	запачкать сажей	
осаживати	оставлять на месте	
осана	осанна	
осанистой	вариант осанистый	
осваивати	присваивать	
освитати	встречать рассвет	
освитати	рассветать	
освободився	дееприч. от освободиться	
освободити	освободить	
освобожденіе	освобождение	
освоивати	присваивать	
освоити	присвоить	
освятившій	освятивший	
освящающій	освящающий	
освященной	вариант освященный	
освященіе	освящение	
освѣдъчати	извещать	
освѣтити	осветить	
освѣтловати	осветить	
освѣтѣти	осветить	
освѣщавати	освещать	
освѣщаниѥ	сияние	
освѣщати	освещать	
освѣщеніе	освещение	
освѣщєниѥ	крещение	
освѧтити	освятить	
освѧщати	освящать	
освѧщєниѥ	освящение	
осилити	словить	
осило	силок	
осило	западня	
осильнѣти	укрепиться	
осина	название дерева, осина [1]	
осиновой	вариант осиновый	
осиплой	вариант осиплый	
осиротѣти	стать сирым	
осиꙗти	осветить	
осиꙗти	осиять	
оскверненіе	осквернение	
осквернившійся	осквернившийся	
оскврьнити	осквернить	
оскврьнѥниѥ	осквернение	
оскврьнꙗти	осквернять	
осквьрнавити	осквернить	
осквьрнити	осквернить	
осквьрновати	осквернить	
осквьрнословити	оскорбить словом	
осквьрнѣти	оскверниться	
осклаблѥниѥ	улыбка	
осколоблєниѥ	улыбка	
осколъ	скала	
оскомина	неприятное воспоминание	
оскорбительной	вариант оскорбительный	
оскорбленіе	оскорбление	
оскорбляющій	оскорбляющий	
оскранъ	полный силы, жизни	
оскрилъ	длинная одежда	
оскрильць	головной убор	
оскръбити	оскорбить	
оскръбити	удручить	
оскудѣніе	оскудение	
оскъкътати	подстрекать	
оскърбиниѥ	оскорбление	
оскърбити	оскорбить	
оскърбѣти	опечалиться	
оскърдъ	топор	
оскѫдити	отобрать	
оскѫдо	скудно	
оскѫдьнъ	скудный	
оскѫдѣти	оскудеть	
оскꙋдити	лишить свободы	
оскꙋдѣвати	беднеть	
оскꙋдѣти	уменьшиться	
оскꙋждати	уменьшать	
осла	оселок	
ослаба	ослабление	
ослабити	облегчить	
ослабити	ослабить	
ослаблѥниѥ	послабление	
ослаблꙗти	ослаблять	
ослабѣвавшій	ослабевавший	
ослабѣвающій	ослабевающий	
ослабѣвшій	ослабевший	
ослабѣти	потерять силы	
ослабѣти	ослабеть	
ослабѣть	ослабеть	
осладовати	услаждать	
ослажати	доставлять наслаждение	
ослиной	вариант ослиный	
ослипати	слепнуть	
ослободити	освободить	
ослопъ	дубина	
осльпати	ослепнуть	
осльпити	ослепить	
осльпнѫти	ослепнуть	
осльпєниѥ	ослепление	
ослѣпити	ослепить	
ослѣплѥниѥ	ослепление	
ослѣплꙗти	ослеплять	
ослѹха	непослушание	
ослѹшаниѥ	ослушание	
ослѹшати	не повиноваться	
ослѹшати	ослушаться	
ослѹшати сѧ	ослушаться	
ослѹшьливъ	своевольный	
осмаливати	промазывать смолой	
осматривавшій	осматривавший	
осматривающій	осматривающий	
осминъка	хлебная мера	
осморꙑи	восьмой	
осмотрительной	вариант осмотрительный	
осмотрѣвся	дееприч. от осмотрѣться	
осмотрѣться	осмотреться	
осмрадити	окутать зловонием	
осмь	восемь	
осмьникъ	сборщик торговой пошлины	
осмьсотъ	восемьсот	
осначь	бурлак	
основа	основные нитки в ткани, основа [2]	
основавшій	основавший	
основаниѥ	основание	
основанной	вариант основанный	
основаніе	основание	
основательной	вариант основательный	
основати	основать	
оснъ	острый конец трости	
оснѣжити	покрыть снегом	
оснꙑвати	основывать	
особенной	вариант особенный	
особливой	вариант особливый	
особой	вариант особый	
особь	отдельно, особо	
особьно	особо	
особьнѣ	особенно	
особьствовати	обособляться	
осовьць	овраг	
осолити	солить	
осолити	посолить	
осоромити	опозорить	
осотъ	сорное растение	
ософъ	иссоп	
осочити	отыскать	
осочьникъ	загонщик	
осошити	отделить	
оспица	едкость	
осподинъ	господин	
оспожа	госпожа	
осрама	позор	
осрамити	осрамить	
осрамлѥниѥ	посрамление	
осрамлꙗти сѧ	стыдиться	
остававшійся	остававшийся	
оставати	оставаться	
оставити	оставить	
оставленіе	оставление	
оставливати	оставлять	
оставляючи	дееприч. от оставлять	
оставляющій	оставляющий	
оставлѥниѥ	оставление	
оставлꙗти	покидать	
оставлꙗти	оставлять	
оставшійся	оставшийся	
оставъ	соединение	
остальць	отсталый	
останавливаючись	дееприч. от останавливаться	
останавливающійся	останавливающийся	
останъкъ	остаток	
остати	оставить	
остатъкъ	наследство	
остатъкъ	остаток	
остатъчьнъ	остальной	
остающійся	остающийся	
остаꙗти	оставаться	
остистой	вариант остистый	
осторожной	вариант осторожный	
остоꙗниѥ	укреплённый град	
острамокъ	охапка	
острастити	причинить страдания	
остригати	стричь	
остризати	остригать	
острита	укол	
острити	острить	
остриѥ	острый конец	
остриѥ	острие	
островокъ	островок	
островъ	скала	
островъ	остров	
островъкъ	островок	
островьникъ	житель острова	
островьць	островок	
острога	шпора	
острогъ	ограда из кольев	
острогъ	частокол	
острой	вариант острый	
острость	острота	
острость	острие	
острота	острие	
остроугольной	вариант остроугольный	
остръ	острый	
остръгати	сострогать	
остръгати	соскрести	
остръпътати	кривить	
острѣ	быстро, решительно	
острѹгати	оторвать	
острѹговати	соскоблить	
острѹити	отменить	
острѹпивѣти	зарубцеваться	
острꙑи	острый	
острꙗпати	приготовлять	
остьнъ	острие	
остєрєгати	оберегать	
остєрєчи	подстеречь	
остѣнити	огородить	
остѫпити	обступить	
остѹжати	порочить	
остѹждати	отчуждать	
остꙋпати	обступать	
остꙋпити	окружить	
осуждающій	осуждающий	
осужденіе	осуждение	
осушаючи	дееприч. от осушать	
осуществленіе	осуществление	
осъбирати	очаровывать музыкой	
осъдравѣти	выздороветь	
осъжара	очаг	
осъньникъ	погонщик	
осъпа	чума	
осъпа	оспа	
осъпѹстити	оставить	
осъпꙑтовати	распытывать	
осъхнꙋти	обсохнуть	
ось	ось	
осьлъ	осёл	
осьлъ	зоол. осёл, ишак (Equus asinus asinus)	
осьльскъ	ослиный	
осьлѧ	ослёнок	
осьлѧ	осёл	
осьлѧтинъ	ослиный	
осьтъ	волчец	
осьть	волчец	
осязаяй	осязающий	
осє	вот	
осєнина	осеннее время	
осєнь	осень	
осєтръ	название рыбы	
осѣдлати	надеть седло	
осѣдѣти	осаждать	
осѣдѣти	поседеть	
осѣкъ	отдельный участок в лесу	
осѣнити	осенить	
осѣнить	осенить	
осѣняющій	осеняющий	
осѣнєвати	осенять	
осѣнєниѥ	тень	
осѣнꙗти	осенять	
осѣсти	осадить	
осѣти	засеять	
осѣтовати	оплакать	
осѣчи	изувечить	
осѣчька	изгородь	
осѣчєниѥ	отнятие	
осѣꙗти	обсеять	
осѧгнѫти	ощупать	
осѧжєниѥ	осязание	
осѧзаниѥ	прикосновение	
осѧзати	прикоснуться	
осѧзовати	осязать	
осѧцати	сохнуть	
осѧꙃати	осязать	
осѫдити	осудить	
осѫждєниѥ	осуждение	
осѹдити	осудить	
осѹжати	осуждать	
осѹшати	осушать	
осѹшивати	осушать	
осꙋдити	обвинить	
осꙋдъ	приговор	
осꙋжати	осуждать	
осꙋждати	обвинять	
осꙋжєниѥ	осуждение	
осꙑпати	обсыпать	
осꙑрѣти	свернуться	
отаи	тайком	
отаинѣ	тайно	
отаичь	тайно	
отбитой	вариант отбитый	
отборной	вариант отборный	
отбываючи	дееприч. от отбывать	
отвергающій	отвергающий	
отвергающійся	отвергающийся	
отверженіе	отвержение	
отверстой	вариант отверстый	
отверстіе	отверстие	
отвозный	вариант отвозной	
отворачиваючи	дееприч. от отворачивать	
отворити	открыть	
отворити	отворить	
отворотной	вариант отворотный	
отвратительной	вариант отвратительный	
отвращающійся	отвращающийся	
отвращеніе	отвращение	
отврьстиѥ	отпирание	
отврьꙁати	разверзать	
отврѣсти	открыть	
отвѣтствовать	ответствовать	
отвѣтъ	ответ	
отвѣчать	отвечать	
отвѣчающій	отвечающий	
отговариваючись	дееприч. от отговариваться	
отгоняющій	отгоняющий	
отдаваючи	дееприч. от отдавать	
отдаляючи	дееприч. от отдалять	
отданіе	отдание	
отдающій	отдающий	
отдающійся	отдающийся	
отдѣленіе	отделение	
отдѣлившійся	отделившийся	
отдѣляющій	отделяющий	
отецъ	отец (в разн. значениях)	
отеческій	отеческий	
отзывчивой	вариант отзывчивый	
отии	отчий	
отимати	отделять	
отирати	обтирать	
отирати	отирать	
отишати	успокаивать	
отишити	усмирить	
отишиѥ	успокоение	
отишиѥ	пристанище	
откормленной	вариант откормленный	
откровеніе	откровение	
открывающій	открывающий	
открывающійся	открывающийся	
открывшій	открывший	
открывшійся	открывшийся	
открытой	вариант открытый	
открытіе	открытие	
отласъ	шёлковая глянцевая гладкая ткань	
отличающій	отличающий	
отличающійся	отличающийся	
отличительной	вариант отличительный	
отличіе	отличие	
отлогій	отлогий	
отложившійся	отложившийся	
отмщающій	отмщающий	
отмщеніе	отмщение	
отмѣна	отмена	
отмѣненіе	отменение	
отнимающій	отнимающий	
относящій	относящий	
относящійся	относящийся	
отношеніе	отношение	
отока	край одежды	
отокъ	мыс	
отокъ	остров	
оторопъ	спех	
отоставити	отставить	
отосълати	отправить	
отпавшій	отпавший	
отпаденіе	отпадение	
отпадшій	отпадший	
отправившійся	отправившийся	
отправленіе	отправление	
отправлявшійся	отправлявшийся	
отправляющійся	отправляющийся	
отпустившій	отпустивший	
отпущеніе	отпущение	
отравити	отравить	
отравьникъ	отравитель	
отрадъ	прощение	
отражати	возвращать удар	
отражающій	отражающий	
отраждати	порождать	
отраживати	рождать	
отразити	отогнать	
отривати	отгонять	
отринꙋти	отогнать	
отрицати	избегать	
отровєниѥ	отравление	
отродъ	дитя	
отроковица	девочка подросток	
отрокъ	подросток	
отрокъ	устар., высок. мальчик-подросток	
отрокъ	истор. младший княжеский дружинник	
отростити	дать вырасти	
отроча	дитя	
отрочина	детство	
отрочьникъ	отступник	
отрочьникъ	незрелая гроздь	
отрочѧ	ребёнок, дитя	
отръвати	оторвать	
отрѣбити	очистить	
отрѣблꙗти	обчищать	
отрѣвати	отгонять	
отрѣзати	отрезать	
отрѣшати	отвязывать	
отрѣшати	развязывать	
отрѣшити	отвязать	
отрѣшити	развязать	
отрѣшєниѥ	раскрытие	
отрѣявся	дееприч. от отрѣятися	
отрѣятися	страд. к отрѣять	
отрѣять	оттолкнуть	
отрѣꙗти	отталкивать	
отрѧдити	назначить	
отрѧживати	снаряжать	
отрѧсати	отряхивать	
отрѹшати	отрывать	
отрꙋбити	отрезать	
отрꙑвати	истреблять	
отрꙑганиѥ	отрыжка	
отрꙑгати	отрыгать	
отрꙑгнꙋти	извергнуть	
отставаючи	дееприч. от отставать	
отставшій	отставший	
отстоящій	отстоящий	
отступаючи	дееприч. от отступать	
отступающій	отступающий	
отступившій	отступивший	
отступленіе	отступление	
отступный	вариант отступной	
отсутствовавшій	отсутствовавший	
отходной	вариант отходный	
отходчивой	вариант отходчивый	
отходящій	отходящий	
отцвѣсти	отцвести	
отцѣживать	отцеживать	
отцѣживающій	отцеживающий	
отъ	от	
отъалкати	окончить пост	
отъалъковати	окончить пост	
отъбарати	противиться	
отъбѣгати	уходить	
отъбѣгати	убегать	
отъбѣгнѫти	убежать	
отъбѣгнꙋти	убежать	
отъбѣжати	бежать	
отъбѣжати	убежать	
отъвабити	отвлечь	
отъвалити	отвалить	
отъвалѥниѥ	отваливание	
отъварити	сварить	
отъвивати	развёртывать	
отъвлѣщи	натянуть	
отъводити	отвращать	
отъводити	отводить	
отъводъ	разграничение	
отъводьчикъ	межевщик	
отъвозъ	пошлина, платимая за вывозимый товар	
отъволока	замедление	
отъволочити	выходить	
отъворотити	возвратить	
отъвратити	отвратить	
отъвратъ	течение	
отъвращати	отворачивать	
отъвращати	отвращать	
отъврьжєниѥ	отступничество	
отъврьнь	наоборот	
отъврѣшти	отвергнуть	
отъврѣщи	отвергнуть	
отъвьрзати	отворять	
отъвьсѫдѣ	отовсюду	
отъвьсѫдѹ	отовсюду	
отъвєдьнь	недоуздок	
отъвєрєчи	отложить	
отъвєсти	увести	
отъвѣдати	уведомить	
отъвѣтичь	служитель	
отъвѣтовати	отвергать	
отъвѣтъ	ответ	
отъвѣчати	защищаться	
отъвѣчивати	отвечать	
отъвѣщавати	отвечать	
отъвѣщаниѥ	ответ	
отъвѣщати	отвечать	
отъвѣщєвати	говорить	
отъвꙑкнꙋти	отвыкнуть	
отъгадати	разгадать	
отъганꙗти	отгонять	
отъглашати	исключать	
отъговѣвати	кончать пост	
отъгонити	отогнать	
отъгонити	отгонять	
отъгрѣꙗти	отгонять	
отъгънати	выгнать	
отъдаати	отдавать	
отъдавати	отдавать	
отъдаждь	воздаяние	
отъдаливати	отдалять	
отъдалєчє	поодаль	
отъдалѣти	быть удалённым	
отъданиѥ	подаяние	
отъдарити	отдарить	
отъдати	подарить	
отъдати	отдать	
отъдатъкъ	возвращение	
отъдаꙗти	отдавать	
отъдаꙗти	прощать	
отъдрати	оторвать	
отъдъхнꙋти	отдохнуть	
отъдъхъ	покой	
отъдъшєниѥ	отдых	
отъдѣлати	окончить дело	
отъдѣлити	выделить	
отъдѣлити сѧ	отделиться	
отъдꙋнꙋти	отдохнуть	
отъдꙑхати	успокоиться	
отъдꙑшєниѥ	отдых	
отъемляй	прич. от отъять	
отъзвати	позвати	
отъимати	отнимать	
отъимаючи	дееприч. от отъимати	
отъказати	дать ответ	
отъказъ	ответ	
отъказꙑвати	отвечать	
отъкладати	откладывать	
отъкликати	освободить от обвинения	
отъкликнꙋти	откричать	
отъклинати	заклинать	
отъкличь	освобождение	
отъкопати	выкопать	
отъкоповати	раскапывать	
отъкосъ	крутой склон	
отъкрꙑвати	открывать	
отъкрꙑти	раскрыть	
отъкрꙑти	открыть	
отъкѫдѣ	откуда	
отъкѫдѹ	откуда	
отъкѫдѹжє	откуда бы ни	
отъкѹпати	брать на откуп	
отъкꙋтати	открыть	
отълагати	откладывать	
отълагати	отстранять	
отълиати	привести в чувство, обливая водой	
отълитꙑвати	улетать	
отъловъ	конец рыбной ловли	
отълогъ	луг	
отъложити	отвергнуть	
отъложити	отбросить	
отъломити	выломить	
отълъстѣти	потолстеть	
отъльстити	обольстить	
отълєтѣти	улететь	
отълѣпити	отвлечь	
отълѫчати	отлучать	
отълѫчити	отстранить	
отълѫчєниѥ	отлучение	
отълѹчати	отделять	
отълѹчити	отделить	
отъмладѣти	стать мягким	
отъмолити	вымолить	
отъморшина	наследство без завещания	
отъмъкнꙋти	отпереть	
отъмълвити	отвечать	
отъмьрщина	наследство, оставшееся без завещания	
отъмьстити	отомстить	
отъмьститєль	мститель	
отъмьстиѥ	возмездие	
отъмьстьникъ	мститель	
отъмьщати	мстить	
отъмьщєниѥ	возмездие	
отъмєтаниѥ	отречение	
отъмєтати	отвергать	
отъмєтати	отметать	
отъмєтъка	крюковой знак	
отъмѣтаниѥ	отказ	
отъмѣтати	отвергать	
отъмѧчити	смягчить	
отъмꙑвати	смывать	
отъмꙑкати	отпирать	
отъмꙑти	смыть	
отъмꙑти	отмыть	
отънимати	брать насильно	
отънимъка	отмена	
отъносити	относить	
отънємагати	изнемогать	
отънємочи	изнемочь	
отънєсти	унести	
отънѥли	с тех пор как	
отънѫдь	совсем	
отънѫдѣжє	откуда	
отънѫдѹ	откуда	
отънꙑнѣ	с этих пор	
отъобѣдати	окончить обед	
отъпадати	отделяться	
отъпадати	отпадать	
отъпадєниѥ	падение	
отъпалꙑи	ослабший	
отъпасти	упасть	
отъпасти	отпасть	
отъписати	сообщить письменно	
отъписъ	запись	
отъписъка	записка	
отъпись	грамота	
отъписꙑвати	откладывать	
отъплавати	отплывать	
отъплатити	отплатить	
отъплѹти	отплыть	
отъплꙑти	отплыть	
отъповѣдѣти	заявить	
отъполонити	освободить из плена	
отъпороти	разрезать шов	
отъпочинокъ	стоянка	
отъправити	отослать	
отъпродавати	продавать	
отъпрьва	сперва	
отъпрѧмо	в сторону	
отъпрѧтати	отделять	
отъпрꙋжати	отводить	
отъпьхнꙋти	оттолкнуть	
отъпєчаловати	выпросить	
отъпєчатати	распечатать	
отъпєчатлѣти	распечатать	
отъпѣвати	петь в ответ	
отъпѹскати	отпустить	
отъпѹстити	отпустить	
отъпѹщати	отправлять	
отъпѹщати	отпускать	
отъпѹщєниѥ	прощение	
отърада	прощение	
отърадити	даровать прощение	
отърадити	простить	
отърадьнѣѥ	легче	
отърасль	отросток	
отъривати	отталкивать	
отъригнѫти	извергнуть	
отъринѫти	отвергнуть	
отъринѫти	оттолкнуть	
отърицати сѧ	оправдываться	
отърочьнъ	прощенный	
отъръваниѥ	отторжение	
отъръвати	отторгнуть	
отърєчєниѥ	приговор	
отърєшти	ответить	
отърєщи сѧ	отречься	
отърѣкати сѧ	отрекаться	
отърѣꙗти	отвергать	
отърѣꙗти	оттталкивать	
отъскакати	отскакивать	
отъскочити	выйти	
отъскочити	отскочить	
отъславлꙗти	славить в ответ	
отъслѹшати	отслушать	
отъсочити	отыскать	
отъставити	отдалить	
отъставити	отставить	
отъстаивати	отчуждать	
отъстати	отложиться	
отъстоѩ	отстоящий	
отъстоꙗти	отстоять	
отъстропити	лишить кровли	
отъстꙋпати	отступать	
отъстꙋпити	отойти	
отъсълати	отослать	
отъсєли	отныне	
отъсєлити	переселить	
отъсєлѣ	отныне	
отъсѣдѣти	положить определённый срок	
отъсѣка	защита	
отъсѣкати	отстранять	
отъсѣкати	отсекать	
отъсѣкнѫти	отсечь	
отъсѣчєниѥ	строгость	
отъсѣшти	отсечь	
отъсѫдѹ	отсюда	
отъсѹдити	защищать от наказания	
отъсꙋдити	осудить	
отъсꙑлъка	вызов	
отътварꙗти	отплачивать	
отътинати	отвлекать	
отътищати	упираться	
отътоли	оттуда	
отътолѣ	с тех пор	
отътрасати	отряхать	
отътръгнѫти	отторгнуть	
отътрѣбити	стереть	
отътрѧсати	отвращать	
отътрѧсати	отрясать	
отътрѧсти	отрясти	
отътъргнꙋти	оторвать	
отътьрзати	отрывать	
отътєчи	удалиться	
отътєщи	убежать	
отътѧжати	подвергнуться наказанию	
отътѧзати	натянуть	
отътѧти	оторвать	
отътѫдѣ	оттуда	
отътѫдѹ	оттуда	
отъходити	удаляться	
отъходъ	удаление	
отъходьникъ	отшельник	
отъходьничь	принадлежащий отшельнику	
отъходѧ	отъходити	
отъцвисти	отцвести	
отъцѣщати	очищать	
отъчаꙗниѥ	отчаяние	
отъчаꙗти	ожидать	
отъчаꙗти сѧ	отчаяться	
отъшьльникъ	странник	
отъщищати	вредить	
отъщєтити	испортить	
отъѣздъка	выезд	
отъѣзжати	уезжать	
отъѣзжаючи	дееприч. от отъѣзжать	
отъѣхати	отъехать	
отъѧти	отнять, отобрать; захватить	
отъѧти	завладеть силой, захватить	
отъѩти	отнять	
отьмати	отнимать	
отьнъ	кол	
отьнь	отцовский	
отьньчавати	делать тонким	
отьрнѣти	зарасти тёрном	
отьць	отец	
отьць	Отец	
отьчизна	род	
отьчимъ	отчим	
отьчина	отечество	
отьчина	родина	
отьчичь	наследник отцовского владения	
отьчь	отчий	
отьчьствиѥ	отечество	
отьчьство	отечество	
отєкати	раздражаться	
отєрєбити	очистить	
отєсати	обтесать	
отєсъкъ	осколок	
отєчи	отечь, распухнуть	
отѣснѣти	стеснять	
отѧговати	отягощать	
отѧготити	удручить	
отѧготѣти	отяготеть	
отѧготѣти	обременить	
отѧгъчати	отяжелеть	
отѧгъчивати	отягощать	
отѧгъчити	отяготить	
отѧжати	обрушивать	
отѧжати	отяжелеть	
отѧжити	отяготить	
отѧжьчавати	делать тяжёлым	
отѧжьчати	отяжелеть	
отѧти	отнять	
отѧтиѥ	отнятие	
отѹпъвати	отчаиваться	
отꙋжити	удалить	
офицерскій	офицерский	
офицеръ	офицер [1]; представитель командного состава в армии или другой силовой структуре	
офицеръ	шахм., жарг. офицер [2]; то же, что слон, фигура, ходящая исключительно по диагонали	
охабити	покинуть	
оханиѥ	стон	
охапати	обхватить	
охвота	радость	
охластати	обуздать	
охластити	обуздать	
охлащати	удерживать	
охлостати	взнуздать	
охлѧданиѥ	небрежность	
оходити	обходить	
оходити	уходить	
оходъ	рег. (сев.-вост.) пищеварение и все к нему относящиеся отправления и части тела	
оходъ	рег. (сев.-вост.) задний проход	
оходъ	обиход	
оходьникъ	отшельник	
оходѧ	оходити	
охождати	отходить	
охопити	уязвить	
охота	радость	
охотивꙑи	охотно делающий	
охотникъ	охотник	
охотой	охотно	
охотьнꙑи	весёлый	
охочии	охотник	
охрабрити	ободрить	
охракъ	мокрота	
охраненіе	охранение	
охраняючи	дееприч. от охранять	
охраняющій	охраняющий	
охриплой	вариант охриплый	
охрита	торжество	
охрънѫти	охрометь	
охтоврии	месяц октябрь	
охъ	ох	
охѫпити	обнять	
охѹдити	уменьшить	
охѹдѣвати	уменьшаться	
охѹдѣти	обеднеть	
охѹдѣти	уменьшиться	
охѹжати	обвинять	
охѹлити	охулить	
охѹлити	осрамить	
охѹпати	обнимать	
охѹповати	обхватывать	
оцьтъ	уксус	
оцьтьнъ	уксусный	
оцьтѣнъ	уксусный	
оцѣдити	сцедить	
оцѣжати	отцеживать	
оцѣждати	цедить	
оцѣживающій	оцеживающий	
оцѣль	сталь	
оцѣлѣти	исцелиться	
оцѣнити	оценить	
оцѣнить	оценить	
оцѣпити	отяготить	
оцѣпнѣти	цепенеть	
оцѣпѣнѣвати	цепенеть	
оцѣпѣнѣти	оцепенеть	
оцѣстити	очистить	
оцѣщати	очищать	
оцѣщєниѥ	избавление от грехов	
оцѣщєниѥ	очищение	
очадѣлꙑи	закоптелый	
очадѣти	почернеть	
очаровати	околдовать	
очевидной	вариант очевидный	
очертаніе	очертание	
очивисть	видимо, явно	
очистившій	очистивший	
очистившійся	очистившийся	
очистити	очистить	
очистовати	очищать	
очистѣти	стать чистым	
очищавшій	очищавший	
очищати	делать чистым	
очищающій	очищающий	
очищеніе	очищение	
очищивати	очищать	
очищєниѥ	очищение	
очной	вариант очный	
очнувся	дееприч. от очнуться	
очрьнѣти	почернеть	
очько	круглый значок	
очьнꙑи	глазной	
очьрнити	сделать чёрным	
очьрсти	очертить	
очьртєниѥ	очертание	
очєболь	имеющий больные глаза	
очєсати	расчёсывать	
очєсьнъ	глазной	
очѹтити	услышать	
очѹтиѥ	сознание	
очѹха	смятение	
ошабъ	хвост	
ошанцовався	дееприч. от ошанцоваться	
ошанцоваться	окружить себя шанцами	
ошибь	хвост	
ошивъка	обшивка	
ошлии	осливый	
ошьльцъ	отшельник	
ошьльць	отшельник	
ошьстиѥ	уход	
ошєѥкъ	нашейный ремень в конском уборе	
ощипати	выдергать перья	
ощущаяй	церк.-слав. ощущающий	
ощьникъ	сад	
ощьнꙑи	садовый	
ощє	ещё	
ощѹтити	ощутить	
ощѹщати	находить	
оѹбожати	обеднеть	
оѹбожити	унизить	
оѹпъваниѥ	вера	
оꙁарити	озарить	
оꙁарꙗти	освещать	
оꙁирати	внимательно смотреть	
оꙁноити	опалить	
оꙁракъ	взор	
оꙁълобити	причинить зло	
оꙁълоблѥниѥ	страдания	
оꙁълѥниѥ	страдания	
пабирокъ	виноград	
пабирь	виноград, оставшийся на лозе	
павии	павлиний	
паволока	покров	
паволокъ	поемный луг	
паволочитꙑи	сшитый из паволоки	
павороза	привязка	
павучина	паутина	
павшій	павший	
павъ	павлин	
павꙋчина	паутина	
пагубной	вариант пагубный	
пагѹба	пагуба	
пагѹбьникъ	губитель	
паданиѥ	падение	
падати	падать	
падаючи	дееприч. от падать	
падающій	падающий	
паденіе	падение	
падорога	распутица	
падши	дееприч. от пасть	
падшій	падший	
падєниѥ	падение	
падѹнъ	водопад	
падꙑ	пасти	
пажиръ	?	
паздєръ	солома	
пазнонъ	название драгоценного камня	
паивати	поить	
пакоствовати	хищничать	
пакостиво	злостно	
пакостивꙑи	губительный	
пакостити	причинять вред	
пакостовати	оскорблять	
пакость	вред	
пакостьникъ	злодей	
пакостьникъ	мучитель	
пакостьнꙑи	вредный	
пакощи	злодейство	
пакꙑ	снова	
пакꙑ	опять	
пакꙑбꙑтиѥ	возрождение	
пакꙑбꙑтиѥ	будущая жизнь	
пакꙑпорожєниѥ	возрождение	
пакꙑпришьствиѥ	второе пришествие	
пакꙑрожьство	возрождение	
палити	сжигать	
палити	зажигать	
палица	палка	
палица	посох	
палъ	пламя	
палъка	палка	
пальма	ветвь	
пальць	палец	
палящій	палящий	
палѥниѥ	ожог	
памятованіе	памятование	
памѧтивъ	памятливый	
памѧтивꙑи	памятливый	
памѧтити	помнить	
памѧтиѥ	память	
памѧть	память, воспоминание	
памѧтьникъ	напоминание	
памѧтѹхъ	помнящий старину	
панамарь	церковный служитель, причетник	
панегиристъ	панегирист	
паникадило	лампада	
панихида	ночное богослужение	
паница	чаша	
паница	сосуд	
паничица	сосуд	
пановъ	сковорода	
панъ	знатный человек	
панъвица	чаша	
паньфиръ	пантера	
панꙑ	сковорода	
папа	папа	
папиръ	фитиль	
паполома	покрывало	
папрьтъ	притвор	
папєжь	папа	
пара	пар	
парадной	вариант парадный	
параклитъ	наименование Святого Духа	
пардѹсъ	барс	
парикмахерство	парикмахерское дело	
парити	летать	
парити	смягчать на огне	
парити	парить	
паритєль	носящийся в высоте	
парствина	пастбище	
парусной	вариант парусный	
паръ	жар	
парєнина	нива, оставленная под пар	
пасиникъ	Пасиник	
паска	вариант пасха	
паства	стадо	
паствинꙑи	пастушеский	
пасти	стать на колени	
пасти	пасти	
пасти	упасть	
пастивꙑи	?	
пастухъ	пастух	
пастушескій	пастушеский	
пастѹховъ	пастушеский	
пастѹхъ	пастух	
пастѹшьскꙑ	пастушески	
пастѹшьскꙑи	пастырский	
пастѹшьство	занятие пастуха	
пастꙑрьскꙑи	относящийся к пастырю	
пасучи	дееприч. от пасти	
пасучись	дееприч. от пастись	
пасущій	пасущий	
пасущійся	пасущийся	
пасха	Пасха	
пасѣка	пасека	
паталь	венец	
патахъ	патах	
патока	жидкость	
паточина	овраг	
патриархъ	патриарх	
патриаршьскъ	патриаршеский	
паукъ	энтомол. паук; хищное членистоногое из отряда пауков класса паукообразных, плетущее паутину для ловли мелких животных	
паукъ	перен., неодобр. злобный и жадный человек	
паутинной	вариант паутинный	
пахати	обрабатывать землю	
пахаючи	дееприч. от пахать	
пахъ	внутренняя сторона лядвеи, которой она соединяется с нижней частью брюха	
пачє	лучше	
пачє	больше	
пачєлєнокъ	сустав	
пачєродьнꙑи	первоначальный	
пачєѥстьствьнꙑи	сверхъестественный	
пачєѹмьнꙑи	одарённый высоким разумом	
паша	подножный корм	
пашучи	дееприч. от пахать	
пашущій	пашущий	
пашьникъ	горло	
паѹкъ	паук	
паꙋчина	паутина	
пекарной	вариант пекарный	
пеленгуючи	дееприч. от пеленговать	
пепелъ	пепел	
пепельной	вариант пепельный	
первой	вариант первый	
первородной	вариант первородный	
первосвященническій	первосвященнический	
первостатейной	вариант первостатейный	
первостепенной	вариант первостепенный	
переводъ	перевод	
перевозной	вариант перевозный	
перегорѣвшій	перегоревший	
передвигаючи	дееприч. от передвигать	
передвигающій	передвигающий	
передній	передний	
перекрестной	вариант перекрестный	
перелешчи	дееприч. от перелѣзть	
перемѣна	перемена	
перемѣняться	дееприч. от переменяться	
перемѣняючи	дееприч. от перемѣнять	
перемѣняючись	дееприч. от перемѣняться	
перерывной	вариант перерывный	
переселеніе	переселение	
пересѣкаючи	дееприч. от пересѣкать	
пересѣчи	перебить	
перетанцовать	перетанцевать	
переувѣрить	переуверить	
переувѣрять	переуверять	
перешариванье	устар. перешаривание	
переѣзжаючи	дееприч. от переѣзжать	
периодической	вариант периодическій	
перистой	вариант перистый	
перловой	вариант перловый	
перочинной	вариант перочинный	
перпендикулярной	вариант перпендикулярный	
персиковой	вариант персиковый	
перукмахерство	вариант парикмахерство	
песочной	вариант песочный	
пестрой	вариант пестрый	
песчаной	вариант песчаный	
Петроградъ	Петроград	
печальной	вариант печальный	
печатаючи	дееприч. от печатать	
печатной	вариант печатный	
печаточной	вариант печаточный	
печеной	вариант печеный	
печенѣгъ	печенег	
печерской	вариант печерскій	
печи	печь	
печь	печь	
пивный	вариант пивной	
пиво	напиток	
пиво	питьё	
пивоваренной	вариант пивоваренный	
пивъ	дееприч. от пить	
пивьнꙑи	пригодный для питья	
пивьца	пьяница	
пивьць	участник пира	
пиганъ	рута (растение)	
пизда	влагалище; утроба (женщины)	
пилатовъ	Пилата	
пилатъ	Пилат	
пилообразной	вариант пилообразный	
пилъка	небольшая пила	
пионовъ	Пиония	
пипола	свирель	
пиполовати	играть на свирели	
пипєла	свирель	
пипєлованиѥ	играние на свирели	
пипєловати	играть на свирели	
пира	сумка	
пирамида	пирамида	
пирамидальной	вариант пирамидальный	
пиргосъ	башня	
пиргъ	башня	
пиривꙑи	спорящий	
пирина	торжество	
пиритва	пиршество	
пиритєль	тот, кто даёт пир	
пиръ	угощение	
пиръ	пир	
пирѧнинъ	участник пира	
писався	писаться	
писавшій	писавший	
писавый	писавший	
писанной	вариант писанный	
писаніе	писание	
писатєль	писец	
пискати	играть на свирели	
писклявой	вариант писклявый	
пискъ	музыка	
пискъ	звук	
писмєнъ	буквы	
писмєньнъ	писаный	
писмѧ	буква	
писнꙋти	издать звук	
пистикъ	доверенный слуга	
письменной	вариант письменный	
письмѧ	письмена	
пита	хлеб	
питавшій	питавший	
питательной	вариант питательный	
питати	питать	
питатєль	кормилец	
питаючи	дееприч. от питать	
питаючись	дееприч. от питаться	
питающійся	питающийся	
питаяйся	питающийся	
питва	питьё	
питейной	вариант питейный	
пити	пить	
питии	употребляемый для напитков	
питица	птица	
питиѥ	напиток	
питой	вариант питый	
питомъ	упитанный	
питіе	питие	
питѣниѥ	пища	
питѣти	питать	
пифарь	бочка	
пихати	толкать	
пихтовой	вариант пихтовый	
пишучи	дееприч. от писать	
пища	пища	
пищаль	свирель	
пищальникъ	играющий на свирели	
пищальной	вариант пищальный	
пищати	трещать	
пищьца	кормилица	
пиющій	пьющий	
пия	дееприч. от пить	
пияй	пьющий	
пиꙗница	пьяница	
пиꙗнъ	пьяный	
пиꙗньствиѥ	пьянство	
плава	солома	
плаваніе	плавание	
плавати	плавать	
плавающій	плавающий	
плавильной	вариант плавильный	
плавленной	вариант плавленный	
плавлꙗти	направлять по воде	
плавъ	золотистый	
плавящій	плавящий	
плавꙑи	желтоватый	
пладьнина	полдень	
пладьниѥ	полдень	
пладьнє	в полдень	
плазивꙑи	липкий	
плака	бляха	
плакавшій	плакавший	
плакати	плакать	
плаксивой	вариант плаксивый	
пламенной	вариант пламенный	
пламенѣвшій	пламеневший	
пламенѣть	гореть	
пламенѣющій	пламенеющий	
пламенѣяй	прич. от пламенѣть	
пламєнити	пламенеть	
пламєньнъ	огненный	
пламѣнъ	огненный	
пламѧ	пламя	
пламꙑ	пламя	
планина	гора, покрытая лесом	
планита	светило небесное	
планъ	плен	
платежной	вариант платежный	
платиѥ	одежда	
платонъ	Платон	
платъ	полотно	
платъница	саван	
платьно	кусок ткани	
платящій	платящий	
плаха	полено	
плахъ	тревога	
плахꙑи	заблуждающийся	
плачевной	вариант плачевный	
плачучи	дееприч. от плакать	
плачущій	плачущий	
плачъ	плач	
плачь	рыдание	
плачь	плач	
плашиѥ	дрова	
плаща	плащ	
плащаница	кусок полотна	
плащаница	полотно	
плащь	плащь	
племѧ	племя	
плескаючись	дееприч. от плескаться	
плетеной	вариант плетеный	
плетеніе	плетение	
плещучи	дееприч. от плескать	
плинтъ	кирпич	
плинѫти	плюнуть	
плита	камень	
плищь	шум	
пловучи	дееприч. от плыть	
пловущий	плывущий	
пловя	дееприч. от плыть	
плодити	давать плод	
плодити	плодить	
плодовитой	вариант плодовитый	
плодовитъ	плодоносный	
плодовой	вариант плодовый	
плодоносити	приносить плоды	
плодоприношєниѥ	жертва из даров плодородия	
плодотворной	вариант плодотворный	
плодъ	плод (во всех значениях)	
плодъ	плод (в знач. фрукт)	
плодътворѥниѥ	деторождение	
плодьнъ	плодородный	
плоимꙑи	годный к плаванию	
плоскъ	плоский	
плоскꙑ	плошка	
плотникъ	плотник	
плотной	вариант плотный	
плотонъ	лань	
плотяный	вариант плотяной	
плохꙑи	худой	
плоча	торг	
плошька	род пошлины с соляных варниц	
площадъка	плошка	
площити	распространять	
площица	вошь	
площька	род пошлины с соляных варниц	
плутоватой	вариант плутоватый	
плъкъ	войско	
плъниѥ	течение	
плънъ	вариант пльнъ	
плътолюбивъ	сластолюбивый	
плътоносьць	воплотившийся	
плътоꙗдивъ	плотоядный	
плъть	плоть, тело	
плъть	перен. о причащении	
плъть	внешний вид, поверхность тела	
плътьскъ	телесный	
плътьскꙑ	физически, материально	
плътѣнъ	плотский	
плывущій	плывущий	
пльваниѥ	плевание	
пльвати	плевать	
пльнъ	полный	
пльꙁати	ползать	
пльꙁити	ползать	
пльꙁъкъ	скользкий	
пльꙁѣти	ползти	
плюнѫти	плюнуть	
плюскъ	звук	
плюскъ	шум	
плюча	лёгкие	
плюща	лёгкие	
пляша	дееприч. от плясать	
пляшущій	пляшущий	
плємєньнъ	племенной	
плємѧ	племя	
плємѧ	потомство	
плєница	цепь	
плєскати	рукоплескать	
плєсно	ступня	
плєсньцє	сандалия	
плєсти	плести	
плєсти	строить козни	
плєсъ	колено реки от одной луки до другой	
плєтина	плетень	
плєтєниѥ	сочетание	
плєтєнъка	шнур плетёный	
плѣва	полова	
плѣвьница	амбар	
плѣвєлъ	сорная трава	
плѣвєлъ	плевел	
плѣненіе	пленение	
плѣнити	пленить	
плѣнъ	плен	
плѣньникъ	пленник	
плѣньница	пленница	
плѣньничь	прилагательное от плѣньникъ	
плѣнѥниѥ	пленение	
плѣснивѣти	покрываться плесенью	
плѣти	полоть	
плѣшивꙑи	лысый	
плѧсаниѥ	пляска	
плѧсати	танцевать	
плѧсати	плясать	
плѧскъ	рукоплескание	
плѧсъ	пляска	
плѧсьць	плясун	
плѹгарь	пахарь	
плѹти	плыть	
по мьнѣ	1.То же, что и ꙗко аꙁꙏ мышлѭ	
побивавшій	побивавший	
побивати	бить	
побивати	забрасывать	
побивающій	побивающий	
побирокъ	собирание остатков после сбора	
побити	победить	
побити	побить	
поблажая	дееприч. от поблажать	
поблюсти	поберечь	
поблѣдѣти	побледнеть	
поболѣти	заболеть	
поболѣти	посочувствовать	
поборая	дееприч. от поборать	
побораяй	поборать	
поборити	помочь в бою	
поборонити	защитить	
побороти	защитить	
поборъ	подать	
побочной	вариант побочный	
побраньскъ	бранный	
побръснꙋти	сбрить	
побрєсти	пройти в брод	
побудительной	вариант побудительный	
побужденіе	побуждение	
побъдѣти	наблюсти	
побъдѣти	пободрствовать	
побєрєжанинъ	житель побережной местности	
побѣгати	убегать	
побѣгнѫти	обратиться в бегство	
побѣгнꙋти	бежать	
побѣда	победа	
побѣдити	победить	
побѣдить	победить	
побѣдиться	победиться	
побѣдитєль	победитель	
побѣдищє	место битвы	
побѣдотворьць	подающий победу	
побѣдьливъ	победоносный	
побѣдьникъ	победитель	
побѣдьнꙑи	несчастный	
побѣдя	дееприч. от побѣдить	
побѣдясь	дееприч. от побѣдиться	
побѣжавшій	побежавший	
побѣжати	обратиться в бегство	
побѣжать	побежать	
побѣждати	поражать	
побѣждать	побеждать	
побѣждающій	побеждающий	
побѣждаяй	побеждающий	
побѣждєниѥ	победа	
побѣлити	побелить	
побѣлѣти	сделаться белым	
побѣчь	побечь	
побꙑвати	побывать	
побꙑти	пожить	
побꙑть	память о победе	
повабити	призвать	
повабливати	подговаривать	
повадити	подстрекать	
повадити	повадить	
поваждати	побуждать	
поваленной	вариант поваленный	
повалити	бросить	
повалити	повалить	
повальной	вариант повальный	
поваля	дееприч. от повалить	
повалѹша	одна из построек, принадлежащих дому	
повалѹшька	уменьшительное от повалѹша	
повапити	покрасить вапом	
повапьнити	побелить известью	
поваръ	повар	
поваря	дееприч. от поварить	
поведеніе	поведение	
повеля	дееприч. от повелѣть	
повелѣвать	повелевать	
повелѣвающій	повелевающий	
повелѣвшій	повелевший	
повелѣніе	повеление	
повелѣть	повелеть	
повергаючи	дееприч. от повергать	
поверхностной	вариант поверхностный	
повивальной	вариант повивальный	
повивати	обвивать	
повивати	обёртывать	
повидався	дееприч. от повидаться	
повинити	обвинить	
повиновати сѧ	повиноваться	
повиновеніе	повиновение	
повинуючись	дееприч. от повиноваться	
повинующійся	повинующийся	
повинѫти	покорить, подчинить	
повинꙋти	подчинить	
повислой	вариант повислый	
повиснꙋти	удержаться на весу	
повити	повить	
повлачити	волочить по земле	
поводатаи	вождь	
поводити	подговаривать	
поводной	вариант поводный	
поволока	протяжённость	
поволочити	покрыть	
поворотити	повернуть	
поворотливой	вариант поворотливый	
поврежденіе	повреждение	
поврѣсти	привязать	
поврѣшти	повалить	
поврѣщи	отбросить	
повтореніе	повторение	
повъпрашати	спросить	
повъслѣдовати	последовать	
повъсхотѣти	захотеть	
повьртъка	название крюкового знака	
повєлѣвати	повелевать	
повєлѣниѥ	повеление	
повєлѣти	приказать	
повєлѣти	повелеть	
повєсти	отвести	
повѣданиѥ	показание	
повѣдати	сообщать	
повѣдовати	сообщать	
повѣдѣти	рассказать	
повѣдѣти	сообщить	
повѣдꙑвати	разъяснять	
повѣрить	поверить	
повѣря	дееприч. от повѣрить	
повѣсити	привесить	
повѣсити	повесить	
повѣсить	повесить	
повѣсть	повесть	
повѧзати	подвязать	
погадати	обдумать	
поганинъ	язычник	
поганой	вариант поганый	
поганъ	языческий	
поганьскъ	языческий	
поганꙗти	погонять	
погасити	погасить	
погашающій	погашающий	
погибавшій	погибавший	
погибающій	погибающий	
погибельной	вариант погибельный	
погладити	стереть	
погладити	погладить	
поглощавшій	поглощавший	
поглощающій	поглощающий	
поглътити	проглотить	
поглътити	поглотить	
поглъщати	поглощать	
поглѧдѣти	посмотреть	
поглѹмити сѧ	поболтать	
погнавшійся	погнавшийся	
погнєсти	уморить	
погнєсти	придавить	
погнѣвати сѧ	разгневаться	
поговорити	переговорить	
поговорка	переговоры	
погоготати	пропеть по-петушьи	
погода	благоприятное время	
погодной	вариант погодный	
поголова	начальник	
поголовиѥ	голова (при счёте)	
поголовной	вариант поголовный	
поголовьщина	убийство	
погонити	погнать	
погонити	прослеживать	
погоничь	дающий работу	
погонъ	погоня	
погонꙑ	поединок	
погорѣти	сгореть	
погостити	принять в гости	
погостъ	усадьба	
погребавшій	погребавший	
погрузився	дееприч. от погрузиться	
погрєбати	прятать	
погрєбитєль	могильщик	
погрєбєниѥ	погребение	
погрємѣти	греметь (о громе)	
погрєти	погрести	
погрѣбаниѥ	погребение	
погрѣбати	погребать	
погрѣхъ	промах	
погрѣшившій	погрешивший	
погрѣшити	промахнуться	
погрѣшити	отклониться	
погрѣшєниѥ	прегрешение	
погрѧзнѫти	погрузиться	
погрѧзнꙋти	быть поглощённым	
погрѧꙁнѫти	погрузиться	
погрѫжати	погружать	
погрѫжениѥ	погружение	
погрѫжєниѥ	погружение	
погрѫзити	погрузить	
погрѫꙁити	погрузить	
погрꙋзити	погрузить	
погубленіе	погубление	
погънати	погнаться	
погѹбити	сгубить	
погѹбити	погубить	
погѹблѥниѥ	уничтожение	
погꙋдити	злословить	
погꙋдєниѥ	песнь	
погꙋжєниѥ	порицание	
погꙑбати	уменьшаться	
погꙑбати	погибать	
погꙑблꙑи	падший	
погꙑбнѫти	погибнуть	
погꙑбнꙋти	погибнуть	
погꙑбєниѥ	разрушение	
погꙑбѣль	гибель, погибель; разрушение	
подавати	давать	
подавити	подавить	
подавити	заглушить	
подавляющій	подавляющий	
подавлꙗти	заглушать	
подадитєль	податель	
подалиѥ	расстояние	
подарити	подарить	
подарꙗти	приносить жертвы	
подати	дать	
подати	подать	
податєль	дающий	
податєль	податель	
подающій	подающий	
подаꙗниѥ	передача	
подаꙗти	доставлять	
подаꙗти	подавать	
подбиравшій	подбиравший	
подвергающійся	подвергающийся	
подвигнѫти	двинуть	
подвигодавьць	победитель	
подвигоположьникъ	подвижник	
подвигъ	стремление	
подвигъ	подвиг	
подвижьникъ	борец	
подвижьно	усердно	
подвижьнъ	усердный	
подвизавшійся	подвизавшийся	
подвизати	побуждать	
подвизающійся	подвизающийся	
подвинꙋти	сдвинуть	
подвиꙃаниѥ	подвиг	
подвиꙃати	стараться	
подвьрникъ	придверник	
поддержаніе	поддержание	
поддерживающій	поддерживающий	
подержаніе	подержание	
поджаристой	вариант поджаристый	
поджарой	вариант поджарый	
поджаръ	некое зажигательное устройство	
подземной	вариант подземный	
подзорной	вариант подзорный	
подиръ	одежда еврейских первосвященников	
подкидный	вариант подкидной	
подколотой	вариант подколотый	
подкопъ	подкоп	
подкопывающій	подкапывающий	
подкрався	дееприч. от подкрасться	
подкрѣпленіе	подкрепление	
подкрѣпляющій	подкрепляющий	
подлежащій	подлежащий	
подлинной	вариант подлинный	
подложной	вариант подложный	
подлой	вариант подлый	
подневной	вариант подневный	
поднимавшійся	поднимавшийся	
поднимающій	поднимающий	
поднимающійся	поднимающийся	
подножной	вариант подножный	
подножіе	подножие	
поднявшійся	поднявшийся	
подоба	способ	
подобати	приличествовать	
подобати	подобать	
подобающій	подобающий	
подобити	делать похожим	
подобити	изображать	
подобиѥ	подобие	
подоблѥниѥ	подобие	
подобоврѣдиѥ	сходство по страстям	
подобоключимꙑи	подобно употребляемый	
подоболичьнъ	похожий	
подобьникъ	подражатель	
подобьно	подходящим, надлежащим образом	
подобьствиѥ	подобие	
подобіе	подобие	
подозрительной	вариант подозрительный	
подозєрьскꙑи	находящийся близ озера	
подолъ	долина	
подолъкъ	подол	
подоострꙗти	побуждать	
подорожной	вариант подорожный	
подписавшій	подписавший	
подписный	вариант подписной	
подпоясывающійся	подпоясывающийся	
подрагъ	подобие	
подрагъ	подол	
подражаниѥ	подражание	
подражати	передразнивать	
подражатєль	подражатель	
подраживъ	подобный	
подражити	подражать	
подражьникъ	подражатель	
подражєниѥ	подражание	
подразити	последовать	
подробной	вариант подробный	
подрывный	вариант подрывной	
подрывся	дееприч. от подрыться	
подрьжаниѥ	пользование	
подрьжати	держать	
подрядной	вариант подрядный	
подрѫжити	водрузить	
подрѹга	подруга	
подрѹгъ	друг	
подрѹжиѥ	супруга	
подрꙋжити	водрузить	
подрꙑти	подкопать	
подстерегающій	подстерегающий	
подсудной	вариант подсудный	
подушной	вариант подушный	
подчиненной	вариант подчиненный	
подчиненіе	подчинение	
подъ	подошва горы	
подъ	под	
подъбивати	разбивать	
подъвлака	нижнее платье	
подъводьникъ	возница	
подъвозъкъ	лодка	
подъвозьникъ	возница	
подъвозьчикъ	возчик	
подъволока	обшивка подола	
подъволочька	женская верхняя одежда	
подъволочьнꙑи	относящийся к одежде	
подъвєсти	обмануть	
подъвѧзьчикъ	плотник, ставящий леса для стройки	
подъговаривати	подбивать	
подъгориѥ	подгорье	
подъдьржавати	поддерживать	
подъдѣлати	приделать снизу	
подъжагати	поджигать	
подъжаръ	состав, употреблявшийся при пытке огнём	
подъзоръ	подвесная резьба	
подъижьникъ	подъярёмный скот	
подъимати	поднимать	
подъити	подойти	
подъкладъ	черпак	
подъкладьникъ	охотник, поднимающий зверя во время облавы	
подъклонити	преклонить	
подъклонити	склонить	
подъковати	прибить подковы	
подъкопавати	подкапывать	
подъкопати	подкопать	
подълагати	класть вниз	
подълагати	подкладывать	
подъласкати	подольщаться	
подълиньникъ	первоначальная запись	
подъложити	подставить	
подъложити	подложить	
подъломити	подсечь	
подълєжати	находиться внизу	
подълєчи	выйти замуж за женатого при жизни первой его жены	
подълѣ	возле	
подъмавати	омывать	
подъмагати	помогать	
подъмога	помощь	
подъможьнꙑи	выдаваемый в виде пособия	
подъможєниѥ	помощь	
подъмориѥ	ипподром	
подъмълвивати	подстрекать	
подъмълвити	подговорить	
подъмєтъ	подбрасывание ложного поличного	
подъмєтьчикъ	подбрасыватель ложного поличного	
подъмꙋчати	подчинять	
подъмꙑвати	подрывать	
подъмꙑти	затопить	
подъножиѥ	подножие	
подънєбєсьскъ	поднебесный	
подъпадати	подчиняться	
подъпалити	подпалить	
подъпись	подпись	
подъписьчикъ	поддельщик чужой подписи	
подъписꙑвати	скреплять подписью	
подъпоръ	укрепление	
подъпрѣдъварити	?	
подъпрѣти	спреть	
подъпѹстити	дать приблизиться	
подъразити	подтолкнуть	
подърꙑти	подкопать	
подърꙑти	подрыть	
подъскотина	пастбище	
подъставити	поставить снизу	
подъставка	очная ставка	
подъставъ	подставка	
подъстꙋпити	подойти	
подъсѣка	чищоба	
подъсѣчи	подрубить	
подъсꙋдити	осудить	
подъсꙑпати	подсыпать	
подътвєрдити	укрепить	
подътиснꙋти	втиснуть	
подътрѣблꙗти	подчищать	
подътъкнꙋти	побудить	
подътѧти	подсечь	
подътꙑкати	подстрекать	
подъхнꙋти	задухнуться	
подъхꙑтити	подхватить	
подъшьвъ	фундамент	
подъѧтъ	помощь	
подъѩти	поднять	
подъѩтиѥ	принятие	
подъѩтєль	защитник	
подъꙁємиѥ	подземелье	
подьрживати	держаться	
подєрнити	исторгнуть	
подѣлати	отработать	
подѣлити	разделить	
подѣлиѥ	неважное дело	
подѣлиѥ	добавление	
подѣлъка	украшение	
подѣти	положить	
подѣꙗти	сделать	
подѹшька	подушка	
подѹшьчька	мягкая подкладка	
поемляй	поемлющий	
пожався	дееприч. от пожаться	
пожавшій	пожавший	
пожагати	пожигать	
пожагати	сжечь	
пожалованной	вариант пожалованный	
пожаловати	пожалеть	
пожарной	вариант пожарный	
пожаръ	пожар	
пождь	низ	
поживати	употреблять	
пожидовати	ожидать	
пожизати	сжигать	
пожилина	жила	
пожилꙑи	жилой	
пожиравшій	пожиравший	
пожирати	пожирать	
пожирающій	пожирающий	
пожировати	пастись	
пожити	пожить	
пожитъкъ	исущество	
пожь	ложе	
пожьнька	уменьшительное от пожьнꙗ	
пожьнꙗ	пашня	
пожєгъ	пожар	
пожєланиѥ	жажда	
пожєчи	спалить	
пожєщи	спалить	
пожѧти	пожать	
пожѧти	сжать	
позабꙑти	забыть	
позавидѣти	позавидовать	
позадѣти	?	
позвавшій	позвавший	
позволеніе	позволение	
позволити	дозволить	
позвонити	ударить со звоном	
позвоночной	вариант позвоночный	
позвѣздити	зазвенеть	
поздній	поздний	
поздравительной	вариант поздравительный	
поздꙑи	поздний	
поземельной	вариант поземельный	
поземной	вариант поземный	
познавати	узнавать	
познавати	познавать	
познавшій	познавший	
познаніе	познание	
познати	признать	
позобати	поклевать	
позовъ	призыв	
позовьникъ	истец	
позолотити	покрыть золотом	
позолотьнꙑи	позолоченный	
позоратаи	зритель	
позорной	вариант позорный	
позоровати	смотреть	
позоръ	зрелище	
позорьствовати	выставлять на показ	
позорящій	позорящий	
позорєниѥ	развалина	
позємъ	пахотная земля	
позѣти	зевать	
позꙑбати	покачать	
позꙑвати	призывать	
поизвѣстити	известить	
поило	водоём	
поимати	брать	
поимовати	упрекать	
поимъ	брак	
поискати	поискать	
поискꙑвати	домогаться	
поити	давать пить	
поити	поить	
покавати	ковать	
покадити	совершить каждение	
покадити	покадить	
показанной	вариант показанный	
показаніе	показание	
показати	показать	
показнити	покарать	
показовати	показывать	
показъ	наставление	
показывающій	показывающий	
показꙑвати	показывать	
покаивати	исповедывать	
покалꙗти сѧ	пачкаться	
покарꙗти сѧ	покоряться	
покатистой	вариант покатистый	
покащєниѥ	гибель	
покаянной	вариант покаянный	
покаяніе	покаяние	
покаꙁаниѥ	наставление	
покаꙁати	показать	
покаꙗниѥ	покаяние	
покаꙗти сѧ	покаяться	
покаꙗꙁнь	покаяние	
покладати	класть	
покладꙑвати	полагать	
поклажаи	клад	
покланити сѧ	поклониться	
покланꙗниѥ	почитание	
покланꙗти	поклоняться	
поклоненіе	поклонение	
поклонити	склонить	
поклонити	склонить (в поклоне)	
поклонъ	поклонение	
поклонъ	поклон	
поклоньникъ	поклоняющийся	
поклоньникъ	почитатель	
поклоньщикъ	посол	
поклоняющійся	поклоняющийся	
поклонѥниѥ	поклон	
поклѧкнѫти	преклонить колени	
поклѧчити	склониться	
поковати	оковать	
поковати	ковать	
поковъ	кованное украшение	
покои	покой	
покоивати	успокаивать	
покоити	успокоить	
покойной	вариант покойный	
поколодва	?	
поколѣбати	поколебать	
поколѣніе	поколение	
поколꙗ	пока	
поконъ	начало	
поконьчати	приостановить	
покорити	покорить	
покорной	вариант покорный	
покоръ	покорный	
покоряющій	покоряющий	
покоряющійся	покоряющийся	
покорєниѥ	подчинение	
покорѥниѥ	покорность	
покорѹлꙗ	ткацкий челнок	
покосити	срезать косой	
покосъ	благоприятно	
покоящійся	покоящийся	
покрасти	украсть	
покровитєль	покровитель	
покровлꙗ	кров	
покровъ	кровля	
покровъ	покров	
покровъ	крыша	
покровьць	покров на чашу и дискос	
покропити	обрызгать	
покропити	окропить	
покропъ	окропление	
покрывавшій	покрывавший	
покрываючись	дееприч. от покрываться	
покрывающій	покрывающий	
покрѹтарь	хлебопёк	
покрꙋтарь	хлебопёк	
покрꙋтарꙑни	жена хлебопёка	
покрꙋтити	приготовить	
покрꙑвало	покрывало	
покрꙑвати	покрывать	
покрꙑланъ	название крюкового знака	
покрꙑти	крыша	
покрꙑти	покрыть	
покрꙑшька	крышка	
покупающій	покупающий	
покупити	купить	
покѫпати сѧ	умыться	
покѹпити	купить	
покѹсити сѧ	попробовать	
покѹшати	задумывать	
покꙑваниѥ	качание	
покꙑвати	кивать	
покꙑновєниѥ	указание	
покꙑнꙋти	оставить	
покꙑти	кивнуть	
пола	половина	
полава	солома	
полагавшій	полагавший	
полагати	класть	
полагати	помещать	
полазъ	вход	
полата	дворец	
полезной	вариант полезный	
ползающій	ползающий	
поливати	поливать	
поливающій	поливающий	
полизати	облизать	
полизати	слизнуть	
полина	поляна	
полировальной	вариант полировальный	
политической	вариант политическій	
политическій	политический	
полихронъ	временник	
полицейской	вариант полицейскій	
полиꙁати	облизнуть	
полиꙗти	полить	
полкъ	полк	
полна	поляна	
полной	вариант полный	
полномочной	вариант полномочный	
полова	солома	
половина	сторона (в споре)	
половинной	вариант половинный	
половинчатой	вариант половинчатый	
половинъка	кусок ткани определённой меры	
половиньство	вид подати	
половити	поохотиться	
половица	половина	
половиѥ	?	
половьникъ	мера сыпучих тел	
половьничати	работать за плату частью выработанного	
половьничити	прилагательное от половьникъ	
половьнꙑи	половинный	
половєлъ	плевел	
половꙑи	изжелта белый	
пологой	вариант пологій	
пологъ	занавесь	
пологꙑи	покатый	
положеніе	положение	
положившій	положивший	
положившійся	положившийся	
положительной	вариант положительный	
положити	положить	
положєниѥ	положение	
полозити	ползать	
полокати	полоскать	
поломити	сломать	
поломѧ	пламя	
поломѧньнꙑи	племенной	
полонина	долина	
полонити	пленить	
полонищє	название части города Пскова	
полонъ	придача	
полонътина	?	
полоньникъ	пленник	
полоньнꙑи	выполотый	
полонєниє	пленение	
полонꙑи	?	
полонꙗникъ	аленник	
полонꙗнꙑи	касающийся плена	
полонꙗти	пленять	
полоса	узкий участок земли	
полосатой	вариант полосатый	
полосатꙑи	в полосах	
полоскати	полоскать	
полостьница	род небольшого шатра из войлока	
полосъка	небольшой участок земли	
полоть	кусок	
полотьно	льняная ткань	
полотьньцє	ткань льняная	
полотьнꙗнꙑи	сшитый из полотна	
полоумной	вариант полоумный	
полошити	пугать	
полугодовалой	вариант полугодовалый	
полуденной	вариант полуденный	
полукруглой	вариант полукруглый	
полунощной	вариант полунощный	
полупрозрачной	вариант полупрозрачный	
полуторной	вариант полуторный	
получающій	получающий	
получившій	получивший	
получистой	вариант получистый	
полушечной	вариант полушечный	
полъ	половина	
полъка	отворот	
полътина	денежная единица, ценой в половину рубля	
полъть	пласт	
польжити	получить пользу	
польжьниѥ	облегчение	
польза	польза	
пользити	приносить пользу	
пользовавшійся	пользовавшийся	
пользовати	приносить пользу	
пользующійся	пользующийся	
пользьникъ	полезный человек	
пользьнꙑи	выгодный	
пользєвати	приносить пользу	
польми	пополам	
польничати	полевать	
польскъ	деревенский	
польскій	польский	
польскꙑи	полевой	
польстити	перессорить	
польцє	уменьшительное от полє	
польщина	поселянин	
польꙃа	польза	
полюбити	одобрить	
полюбовной	вариант полюбовный	
полє	поле	
полєжати	пролежать несколько времени	
полєчи	лечь	
полѣти	гореть	
полѣти	пылать	
полѥ	поле	
полѧкнꙋти	растянуть	
полѧчь	сеть	
полѵкарпъ	Поликарп	
полѹдворъ	половина двора	
полѹдьнина	полдень	
полѹина	половина	
полѹнощь	север	
полѹполовина	четверть	
полѹчаи	судьба	
полѹчати	получать	
полѹчивъ	готовый	
полѹчити	принять	
полѹчити	получить	
полѹчєниѥ	случай	
полѹчєниѥ	получение	
полꙑи	половинный	
помавати	подавать знаки рукой или головой	
помавати	подавать знаки	
помагати	помогать	
помазавшій	помазавший	
помазаніе	помазание	
помазати	окрасить	
помазꙑвати	покрывать мазью	
помало	понемногу	
помановати	направляться	
поманѫти	подать знак	
помаꙁаниѥ	помазание	
помаꙁаньникъ	помазанник	
помаꙁати	помазать	
помаꙗниѥ	мановение	
помизати	мигать	
помилився	дееприч. от помилитися	
помилованіе	помилование	
помиловати	сделать добро	
помиловати	сжалиться	
помилъ	поток	
поминаниѥ	воспоминание	
поминати	вспоминать	
поминающій	поминающий	
поминаяй	поминающий	
поминутной	вариант поминутный	
поминꙋти	пройти мимо	
помиꙃати	мигать	
помльчати	умолкнуть	
помнючи	дееприч. от помнить	
помняй	помнящий	
помнящій	помнящий	
помоваючи	дееприч. от помовать	
помогавшій	помогавший	
помогаючи	дееприч. от помогать	
помогающій	помогающий	
поможєниѥ	помощь	
помолити	попросить	
поморити	уморить	
помориѥ	поморье	
помостити	выстлать	
помостъ	пол	
помостьнꙑи	мостовая повинность	
помочи	помочь	
помочь	помощь	
помошти	помочь	
помощиꙗ	помощь	
помощь	помощь	
помощьникъ	помощник	
помощьница	помощница	
помраченіе	помрачение	
помрачити	затмить	
помрачєниѥ	помрачение	
помрькнѫти	померкнуть	
помрьцати	меркнуть	
помрьꙁнѫти	замёрзнуть	
помучився	дееприч. от помучиться	
помъвєниѥ	омовение	
помъкнꙋти	подчинить	
помълвити	подговорить	
помълвлимꙑи	красноречивый	
помъстиѥ	побережье реки Мсты	
помыслившій	помысливший	
помышленіе	помышление	
помышляющій	помышляющий	
помышляяй	помышляющий	
помьдлити	замедлить	
помьрзнꙋти	замёрзнуть	
помьрклꙑи	тёмный	
помьркнꙋти	померкнуть	
помьстити	отомстить	
помєсти	замести	
помєтати	бросить	
помєтъ	сбор	
помѣдѣти	сделаться медным	
помѣжити	смежить	
помѣжєниѥ	нахмуривание	
помѣлити	выбелить	
помѣнѫти	вспомнить	
помѣръ	пошлина с сыпучих товаров	
помѣрьнꙑи	соответствующий мере	
помѣтати	метать	
помѣщавшійся	помещавшийся	
помѣщеніе	помещение	
помѧновєниѥ	поминовение	
помѧньникъ	поминальная книга	
помѧнꙋти	вспомнить	
помѧсъ	мясник	
помѹдити	помедлить	
помꙑслити	подумать	
помꙑслъ	помысел	
помꙑсль	замысел	
помꙑти	омыть	
помꙑшлѥниѥ	помышление	
помꙑшлꙗниѥ	замысел	
помꙑшлꙗти	размышлять	
понаказати	наказать слегка	
понакладати	наложить	
пониклꙑи	поникший	
поникнѫти	поникнуть	
поникшей	вариант поникшій	
понимающей	вариант понимающій	
понимающій	понимающий	
пониточной	вариант пониточный	
поничи	поникнуть	
поновити	обновить	
поновєниѥ	обновление	
поноровити	сделать похожим	
поноровъка	потачка	
поносити	оскорблять	
поносити	поносить	
поносной	вариант поносный	
поносъ	поношение	
поносьнꙑи	оскорбительный	
поносящій	поносящий	
поношаяй	прич. от поношать	
поношеніе	поношение	
поношєниѥ	позор	
поношєниѥ	осмеяние	
понурой	вариант понурый	
понятливой	вариант понятливый	
понятной	вариант понятный	
понятіе	понятие	
понєдѣльникъ	понедельник — первый день недели	
понєсти	понести	
понѣ	по крайней мере	
понѹдити	принудить	
понꙗвица	полотно	
пообидѣти	оскорбить	
пооглядѣвся	дееприч. от пооглядѣться	
пооглядѣться	пооглядеться	
поосердився	дееприч. от поосердиться	
поосердиться	осердиться	
поостривати	убеждать	
поостротити	изощрить	
поотъдавати	возвратить	
поощрєниѥ	усиление	
попавшійся	попавшийся	
попадавшій	попадавший	
попадавшійся	попадавшийся	
попалити	сжечь	
попалєниѥ	сожжение	
попалѣти	обгореть	
попарити	облетать	
попеченіе	попечение	
попиравшій	попиравший	
попирати	попирать	
попирающій	попирающий	
попирии	бывший на пиру	
поплавати	блуждать	
поплакати	омыть	
поплахъ	тревога	
поплашити	испугать	
поплѣнити	опустошить	
поплѣти	обогреть	
поплꙑти	поплыть	
поповаꙗ	жена попа	
поповичь	сын попа	
попоити	напоить	
пополаскꙑвати	ополаскивать	
поползнувся	дееприч. от поползнуться	
поползнуться	оступиться	
пополокати	омыть	
пополонити	завоевать	
пополонокъ	добавление	
пополохъ	тревога	
пополѣти	обгореть	
попорѹшити	нарушить	
попостраꙗти	прибавлять	
поправити	исправить	
попраніе	попрание	
попрашаи	сборщик подаянья	
попрашати	обратиться с вопросом	
попродавати	продавать	
попродати	продать	
попрошаи	сборщик подаянья	
попрыгаючи	дееприч. от попрыгать	
попрыгиваючи	дееприч. от попрыгивать	
попрѣслѹха	непослушание	
попрѣти	попрать	
попрѣтити	запретить	
попутной	вариант попутный	
попъ	пресвитер	
попълзновениѥ	слабость перед соблазном	
попълзнꙋти	поскользнуться	
попълзьнь	извив	
попълзєниѥ	ошибка	
попьраниѥ	попирание	
попьрати	потоптать	
попьство	священство	
попьстрєнꙑи	пёстрый	
попьхнꙋти	пихнуть	
попєлъ	пепел	
попєльнꙑи	пепельный	
попєрь	бумага	
попєчєниѥ	забота	
попєчєниѥ	попечение	
попѹстити	напустить	
попѹстити	попустить	
попѹчи	обувь	
попѹщати	попускать	
попѹщєниѥ	позволение	
попѹщєниѥ	попущение	
попꙑснѣти	потемнеть	
попꙑтати	исследовать	
попꙑтати	расспросить	
поработати	подчиниться	
поработати	послужить	
поработити	поработить	
порабощати	порабощать	
порабощеніе	порабощение	
порадовати сѧ	обрадоваться	
поражавшій	поражавший	
поражающей	вариант поражающій	
поражающій	поражающий	
пораженіе	поражение	
поразившій	поразивший	
поразити	повергнуть	
поразѹмѣти	понять	
пораꙁити	поразить	
поривати	толкать	
поривꙑи	упрямый	
поринꙋти	столкнуть	
порицати	обвинять	
порицаючи	дееприч. от порицать	
порицающій	порицающий	
порогъ	нижнее бревно у дверного отверстия	
порода	рай	
породити	родить	
породити	породить	
породной	вариант породный	
породъ	дитя	
породьнъ	райский	
породьство	возрождение	
порождєниѥ	возрождение	
порождєниѥ	рождение	
порожней	вариант порожній	
порожній	порожний	
порожєниѥ	порождение	
порозьнꙑи	праздный	
порозѧ	барашек	
пороковати	порицать	
порокъ	недостаток	
порокъ	стенобитное орудие	
поромъ	паром	
поромѧ	паром	
поронити	уронить	
поропоръ	прапор	
поросшей	вариант поросшій	
поросшій	поросший	
поросьникъ	мелкий лес	
поросячей	вариант поросячій	
поросячій	поросячий	
поросѧ	поросёнок	
пороти	вскрывать	
порохъ	пыль	
порочивꙑи	склонный к порицанию	
порочица	?	
порочной	вариант порочный	
порочьникъ	порицатель	
порочьнꙑи	имеющий пороки	
порочєниѥ	порок	
порошати	орошать	
порпианъ	особый род сукна	
портяный	вариант портяной	
порубежной	вариант порубежный	
поруганіе	поругание	
порученіе	поручение	
порывистой	вариант порывистый	
порьвьновати	ревновать	
порючи	дееприч. от пороть	
порєкло	прозвание	
порѣдꙑ	редко	
порѣзꙑвати	отсекать	
порѣкꙑвати	порицать	
порѣꙗти	толкать	
порѧдити	распорядиться	
порѧдиѥ	очерёдность	
порѧдъ	распорядок	
порѧдъкъ	договор	
порѫганиѥ	поругание	
порѫгати	осмеивать	
порѫчити	доверить	
порѫчьникъ	поручитель	
порѹшити	разрушить	
порꙋбати	набирать	
порꙋбити	захватить	
порꙋгꙑи	немилосердный	
порꙋка	порука	
порꙋковати	негодовать	
порꙋкꙑи	тяжелый	
порꙋчати	передавать попечению	
порꙋчити	доверить	
посадившій	посадивший	
посадити	посадить	
посадъ	поселение	
посажанинъ	житель посада	
посажати	сажать	
посаждати	усаживать	
посажєнинъ	житель посада	
посварити	упрекнуть	
посварꙗти	бранить	
посвятившій	посвятивший	
посвящающій	посвящающий	
посвященіе	посвящение	
посвѣтити	светить	
посвѣчивати	блестеть	
поселеніе	поселение	
поселившійся	поселившийся	
посивиѥ	благополучие	
посивьнъ	подходящий	
посивьнꙑи	подходящий	
посивꙑи	разумный	
посинѣти	стать синим	
поскокъ	скачок	
поскотина	выгон	
поскочити	поскакать	
поскърбѣти	пожалеть	
поскѫдѹ	мало, скудно	
послабленіе	послабление	
послабѣти	ослабить	
пославшій	пославший	
пославый	пославший	
посланіе	послание	
пословица	соглашение	
послужный	вариант послужной	
послушаніе	послушание	
послѣ	после	
послѣди	впоследствии	
послѣдній	последний	
послѣдовавшій	последовавший	
послѣдовати	следовать	
послѣдовать	последовать	
послѣдствуяй	прич. от послѣдствовать	
послѣдъкъ	конец	
послѣдь	впоследствии	
послѣдьнии	последний	
послѣдьствовати	следовать	
послѣждє	потом	
послѣсловіе	послесловие	
послѹжити	послужить	
послѹжєниѥ	служба	
послѹха	повиновение	
послѹхатаи	слушатель	
послѹховати	удостоверять	
послѹховати	свидетельствовать	
послѹхъ	очевидец	
послѹхъ	свидетель	
послѹшаниѥ	послушание	
послѹшати	послушать	
послѹшьливъ	послушливый	
послѹшьникъ	слушатель	
послѹшьство	свидетельство	
послѹшьствовати	подтверждать	
посмагъ	вид хлеба	
посмисаниѥ	насмешка	
посмисати	осмеивать	
посмиꙗниѥ	смех	
посмиꙗти	осмеять	
посмиꙗти сѧ	насмеяться	
посмолити	осмолить	
посмражати	омрачать	
посмєдати	темнеть	
посмѣхатисѧ	насмехаться	
посмѣхъ	насмешка	
посмѣшьникъ	насмешник	
посмѣяніе	посмеяние	
посмѣꙗниѥ	смех	
пособивꙑи	отзывчивый	
пособити	оказать поддержку	
пособиѥ	помощь	
пособиѥ	содействие	
пособлꙗти	помогать	
пособовати	сохранять	
пособъ	помощь	
пособь	помощь	
посокъ	розыск	
посолонь	по направлению солнца	
посоха	поземельная подать	
посоха	войско	
посоха	палка	
посошанинъ	один из людей, составляющих посоху	
посощина	вид подати	
поспѣвати	помогать	
поспѣти	преуспеть	
поспѣховати	помогать	
поспѣхъ	способность	
поспѣшати	помогать	
поспѣшати	содействовать	
поспѣшити	помочь	
поспѣшность	поспешность	
поспѣшьникъ	помощник	
поспѣшьствовати	споспешествовать	
поспѣшєниѥ	удача	
посрамити	навлечь позор	
посрамити	посрамить	
посрамленіе	посрамление	
посрамлꙗти сѧ	стыдиться	
посрамꙗти	навлекать позор	
посредственной	вариант посредственный	
посрѣдѣ	в середине	
поставившій	поставивший	
поставити	поставить	
поставленіе	поставление	
поставляючи	дееприч. от поставлять	
поставлѥниѥ	назначение	
поставлꙗти	воздвигать	
поставлꙗти	назначать	
поставъ	шест	
поставьць	стол	
постановленіе	постановление	
постась	существо	
постельничей	вариант постельничій	
постельничій	постельничий	
постигати	достигать	
постигнѫти	достигнуть	
постигнꙋти	настигнуть	
постижєниѥ	постижение	
постизати	постигать	
постила	лакомство из ягодного сока	
постилати	подстилать	
постилати	стелить	
постити сѧ	поститься	
постичи	настичь	
постной	вариант постный	
посторонней	вариант посторонній	
посторонной	вариант посторонній	
посторонній	посторонний	
посторонь	рядом	
постоялой	вариант постоялый	
постоянной	вариант постоянный	
постоꙗниѥ	остановка	
постоꙗти	встать	
постравати	превратить	
постраданиѥ	страдание	
пострадати	претерпеть страдания	
постраивати	исправлять	
пострастити	напугать	
пострашити	устрашить	
пострашєниѥ	угроза	
постраꙗти	исправить	
постригати	постригать	
пострижєниѥ	пострижение	
постричи	постричь	
постришти	постричь	
пострищи	постричь	
построеніе	построение	
построити	устроить	
построꙗ	строй	
пострѣкати	побуждать	
пострѣлꙗти	поранить	
пострꙗти	замедлить	
постукався	дееприч. от постукаться	
поступавшій	поступавший	
поступаючи	дееприч. от поступать	
поступающій	поступающий	
поступаяй	поступающий	
постучався	дееприч. от постучаться	
постъ	воздержание	
постъ	пост	
постыдився	дееприч. от постыдиться	
постыдной	вариант постыдный	
постьлати	постлать	
постьникъ	постник	
постьница	постница	
постьнъ	постный	
постящійся	постящийся	
постєль	постель	
постєрєчи	позаботиться	
постꙋпити	двинуться	
постꙑдѣти сѧ	устыдиться	
посъланиѥ	послание	
посълати	послать	
посълъ	посланец	
посъпати	проспать некоторое время	
посъпати	поспать	
посъпольно	вместе	
посъхнꙋти	высохнуть	
посылающій	посылающий	
посьрєбрити	посеребрить	
посягающій	посягающий	
посєлꙗнинъ	житель селения	
посєлꙗнꙑни	поселянка	
посѣвъ	с.-х. посев; действие по значению гл. посѣять	
посѣвъ	с.-х. посев; результат такого действия; то, что посеяно	
посѣдѣти	сидеть	
посѣдѣти	посидеть	
посѣкати	срубать	
посѣнити	затемнить	
посѣнꙗти	осенять	
посѣсти	пересесть	
посѣтити	навестить	
посѣтити	посетить	
посѣтить	посетить	
посѣтовати	оплакать	
посѣшти	вырубить	
посѣщати	посещать	
посѣщеніе	посещение	
посѣщєниѥ	посещение	
посѣꙗти	засеять	
посѧгнꙋти	выйти замуж	
посѧгъ	брак	
посѧгꙑи	вступивший в брак	
посѧзаниѥ	осязание	
посѧзати	выходить замуж	
посѧкнꙋти	иссякнуть	
посѫдити	решить	
посѫждєниѥ	решение	
посѹдити	рассудить	
посѹлити	обещать	
посꙋдити	решить	
посꙋпити	нахмурить	
посꙋплєнꙑи	медленный	
посꙋплꙗти	хмурить	
посꙑлати	посылать	
посꙑпати	посыпать	
потака	пристрастие	
потакати	потакать	
потакати	топтать	
потакова	угождение	
потакꙑ	потакание	
поталъ	металлическое украшение	
потапати	тонуть	
потаплꙗти	уничтожать	
потаплꙗти сѧ	утопать	
потаꙗти	скрывать	
потварꙗти	устраивать	
потвора	колдовство	
потворити	исправить	
потворити	претворить	
потвороизъбавьница	избавительница от колдовства	
потворъ	произведение	
потвьрживати	утверждать	
потерпѣвшій	потерпевший	
потерпѣть	потерпеть	
потерявшійся	потерявшийся	
потиръ	потир	
потливой	вариант потливый	
потокъ	поток	
потолочной	вариант потолочный	
потолꙗ	до того места	
потомити	утомить	
потомь	потом	
потопити	утопить	
потопити	потопить	
потопъ	наводнение	
потопъ	потоп	
потопьнъ	пагубный	
потопьнꙑи	погибельный	
поточити	источить	
поточь	беда	
поточьнъ	потока	
поточьнꙑи	речной	
потратати	преследовать	
потратити	истребить	
потребляющій	потребляющий	
потребной	вариант потребный	
потребя	дееприч. от потребить	
потроша	дееприч. от потрошить	
потрудясь	дееприч. от потрудиться	
потруся	дееприч. от потрусить	
потръгнѫти	задумать	
потрьпѣти	стерпеть	
потрясавшій	потрясавший	
потрясеніе	потрясение	
потрѣба	нужда	
потрѣбити	истребить	
потрѣблꙗти	искоренять	
потрѣбованиѥ	необходимость	
потрѣбьно	как следует	
потрѣбьнѣ	надлежащим образом	
потрѧсати	потрясать	
потрѧсти	потрясти	
потрѫсьнъ	сотрясенный	
потрѹдити сѧ	потрудиться	
потрꙋбити	затрубить	
потрꙋсити	усыпать	
потужа	дееприч. от потужить	
потупя	дееприч. от потупить	
потупясь	дееприч. от потупиться	
потуша	дееприч. от потушить	
потчивать	угощать	
потчиваючи	дееприч. от потчивать	
потъ	пот	
потъкнѫти	воткнуть	
потъкнꙋти	водрузить	
потъртати	проворчать	
потърътрати	проворчать	
потъчєниѥ	падение	
потъщаниѥ	тщание	
потыкая	дееприч. от потыкать	
потьнъ	потный	
потьрпѣти	подождать	
потьчивати	оказывать почёт	
потягаючи	дееприч. от потягать	
потєрꙗти	утратить	
потєсати	обтёсывать	
потєсъ	нарезка	
потєчи	потечь	
потєщи	потечь	
потѣти	потеть	
потѣщити	подавить	
потѧгнꙋти	потянуть	
потѧгъ	побор	
потѧзати	укорять	
потѧнꙋти	потрудиться	
потѧти	ударить	
потѹхнꙋти	погаснуть	
потꙋжити	пожалеть	
потꙑкати	наполнять	
потꙑкати	натыкаться	
поубавя	дееприч. от поубавить	
поучавшій	поучавший	
поучающій	поучающий	
поученіе	поучение	
похабити	повредить	
похабной	вариант похабный	
похабъ	сумасшедший	
похвала	похвала	
похвала	хвала	
похвалити	прославить	
похвалити	поблагодарить	
похвалъка	похвальба	
похвальной	вариант похвальный	
похваляючи	дееприч. от похвалять	
похвалѥниѥ	хвала	
похвалꙗти	хвалить	
похватити	похитить	
похватити	схватить	
похви	пахва	
похищающій	похищающий	
похлѣбовать	похлебствовать	
похлѣбуючи	дееприч. от похлѣбовать	
походити	ходить	
походной	вариант походный	
походъ	война	
похожей	вариант похожій	
похожій	вариант похожий	
похоромьнꙑи	подворная подать	
похоронити	погрести	
похоронной	вариант похоронный	
похоронꙗти	прибирать	
похоть	желание, стремление, помышление, воля; предмет желания	
похоть	похоть [1] плотская: любовная страсть, вожделение	
похоть	половой акт, совокупление; распутный образ жизни	
похотьнꙑи	страстный	
похотѣниѥ	влечение	
похотѣніе	похотение	
похотѣти	пожелать	
похранꙗти	сохранять	
похрита	насмешка	
похритати	подвергнуться поруганию	
похриꙁмити	помазать миром	
похѫпити	обнять	
похѹла	скверна	
похѹлити	опорочить	
похѹлѥниѥ	порицание	
похꙋсити	разграбить	
похꙑтати	захватывать	
похꙑтити	завладеть	
похꙑтити	схватить	
почаꙗти	ожидать	
почесався	дееприч. от почесаться	
почивати	почивать	
почивающій	почивающий	
почиваяй	почивающий	
починивающій	починивающий	
починити	сделать	
почитаниѥ	почесть	
почитати	читать	
почитающій	почитающий	
почитающійся	почитающийся	
почитаяй	почитающий	
почити	упокоиться	
почити	отдохнуть	
почрьпало	черпак	
почрьпальникъ	черпак	
почрѣти	начерпать	
почтенной	вариант почтенный	
почтеніе	почтение	
почтившій	почтивший	
почтовой	вариант почтовый	
почудився	дееприч. от почудиться	
почька	денежная единица	
почьствовати	почитать	
почьсти	прочесть	
почьстити	почтить	
почьто	почему	
почьтєниѥ	почесть	
почѹдити	подивиться	
почѹдити сѧ	удивиться	
почѹти	почувствовать	
почѹтити	ощутить	
пошатнувшійся	пошатнувшийся	
пошатываючись	дееприч. от пошатываться	
пошибати	наносить удары	
пошлой	вариант пошлый	
пошьлина	пошлина	
пошьлинъка	уменьшительное от пошлина	
пошьлꙑи	исконный	
пощадѣти	беречь	
пощька	зёрнышко	
пощєниѥ	аскетизм	
пощѧдѣти	пощадить	
поэтъ	то же, что поэт; писатель, художник слова, сочиняющий поэтические произведения	
поэтъ	перен., книжн. или шутл. то же, что поэт; человек, наделённый сильным творческим воображением либо склонный к мечтательности и фантазированию	
поючи	дееприч. от пѣть	
поющій	поющий	
появляющійся	появляющийся	
поядающій	поедающий	
поѣдавшій	поедавший	
поѣдающій	поедающий	
поѣздъ	поезд (в разн. знач.)	
поѣхавшій	поехавший	
поѩти	взять	
поѹбожити	сделать нищим	
поѹврьꙁєниѥ	сокрушение	
поѹстити	побудить	
поѹчаливъ	способный поучать	
поѹчати	наставлять, поучать	
поѹчинити	постановить	
поѹчити	научить	
поѹчєниѥ	назидание	
поѹчєниѥ	рассуждение	
поѹщаниѥ	готовность	
поѹщати	побуждать	
поѹщєниѥ	готовность	
поꙁавидѣти	позавидовать	
поꙁдьнъ	неторопливый	
поꙁдѣ	поздно	
поꙁлатити	позолотить	
поꙁнавати	познавать	
поꙁнаниѥ	познание	
поꙁнати	познать	
поꙁоратаи	зритель	
поꙁорищє	арена	
поꙁоровати	смотреть	
поꙁоръ	зрелище	
поꙁорьникъ	зритель	
поꙁъваниѥ	призыв	
поꙁъвати	позвать	
поꙁьрѣти	посмотреть	
поꙁꙑвати	называть	
поꙗва	явление	
поꙗдати	поедать	
поꙗсати	опоясывать	
поꙗсти	съесть	
поꙗсьница	пояс	
прабаба	прародительница (о Еве)	
прабабьнии	прабабин	
прабошьнь	башмак	
права	пристанище	
правати	присягать	
правдивой	вариант правдивый	
праведной	вариант праведный	
правило	кормило	
правило	установление	
правильной	вариант правильный	
правина	прямота	
правительствующей	вариант правительствующій	
правительствующій	правительствующий	
правити	управлять	
правити	направлять	
правитєль	вождь	
правленіе	правление	
правлѥниѥ	справедливость	
право	власть	
право	справедливо	
право	правильно	
правовѣриѥ	правоверие	
правовѣрьно	согласно с догматами истинного вероучения	
правовѣрьно	правоверно	
правовѣрьнъ	правоверный	
правовѣрьнѣ	согласно с правилами православия	
правомѣрие	должное возмездие	
правописаніе	правописание	
православиѥ	православие	
православной	вариант православный	
правословьць	правоверный	
правость	справедливость	
правосудіе	правосудие	
правосъвѣтьно	правильно	
правота	правильность	
правъ	прямой	
правь	правильно	
правьда	правда, истина, справедливость	
правьда	добро, справедливость	
правьда	установление, принцип	
правьдивъ	справедливый	
правьдьникъ	праведник	
правьдьно	правильно	
правьдьно	справедливо	
правьдьнѣ	справедливо	
правящей	вариант правящій	
правящій	правящий	
правёжъ	правёж	
правѣ	справедливо	
правѣ	правильно	
правꙑни	правда	
прага	пшеничные зёрна	
прагъ	поперечный косяк	
прадѣдина	владение предков	
празга	плата за наём	
праздникъ	праздник	
празднованіе	празднование	
празднующій	празднующий	
праздь	освобождение	
праздьновати	бездействовать	
праздьнословєсивꙑи	празднословец	
празьнословьць	празднословец	
празьноходьць	бездельник	
практоръ	исполнитель судебных приговоров	
пракъ	порок	
прамати	бабка	
праотьць	дед	
праотьць	праотец	
прапоръ	знамя	
прапорьць	колокольчик	
прапрѫда	багряница	
прапрѫдъ	вариант прапрѫда	
прапрꙋдородьць	порфирородный	
прародитєль	предок	
праска	лук	
прасолити	барышничать	
прасолъ	продавец	
прасъ	лук	
прасѧ	баран	
прахлѣти	обращаться в прах	
прахнѣнъ	трухлявый	
прахъ	пыль	
прашати	спрашивать	
прашати	просить	
пращати	прощать	
пращѹръ	прапрадед	
праꙁдьникъ	праздник	
праꙁдьновати	праздновать	
праꙁдьнъ	праздный	
праꙁдьньствиѥ	празднество	
праꙁдьньство	праздность	
праꙁдьньствовати	праздновать	
пребывавшій	пребывавший	
пребываніе	пребывание	
пребываючи	дееприч. от пребывать	
пребывающей	вариант пребывающій	
пребывающій	пребывающий	
пребываяй	пребывающий	
превозносящійся	превозносящийся	
превозношеніе	превозношение	
превосходящій	превосходящий	
превращаючи	дееприч. от превращать	
превращеніе	превращение	
превыгодной	вариант превыгодный	
превышающій	превышающий	
предався	дееприч. от предаться	
предавшій	предавший	
предавый	предавший	
преданіе	предание	
предающій	предающий	
предбудущей	вариант предбудущій	
предваряючи	дееприч. от предварять	
предваряяй	предваряющий	
предвидючи	дееприч. от предвидѣть	
предвидѣть	предвидеть	
предводящей	вариант предводящій	
предвѣденіе	предведение	
предвѣщающій	предвещающий	
предержавствуяй	прич. от предержавствовать	
предзнаменованіе	предзнаменование	
предлежавшій	предлежавший	
предлежащій	предлежащий	
предложеніе	предложение	
предостерегаючи	дееприч. от предостерегать	
предпріятіе	предприятие	
представленіе	представление	
представляющій	представляющий	
представляющійся	представляющийся	
предстательствуяй	предстательствующий	
предстоящей	вариант предстоящій	
предстоящій	предстоящий	
предсубботній	предсубботний	
предупреждаючи	дееприч. от предупреждать	
предупреждаяй	предупреждающий	
предшествовавшій	предшествовавший	
предѣлъ	предел	
преже	прежде	
прежней	вариант прежній	
прежній	прежний	
презиравшій	презиравший	
презираючи	дееприч. от презирать	
презирающей	вариант презирающій	
презирающій	презирающий	
презираяй	презирающий	
презрѣвшій	презревший	
презрѣніе	презрение	
преисподней	вариант преисподній	
преисподній	преисподний	
преклонившійся	преклонившийся	
прекратився	дееприч. от прекратиться	
прелагаяй	прелагающий	
преломленіе	преломление	
прельстився	дееприч. от прельститься	
прельщавшій	прельщавший	
прелюбодѣяніе	прелюбодеяние	
премилой	вариант премилый	
премогаяй	премогающий	
премудрой	вариант премудрый	
преніе	прение	
преобразився	дееприч. от преобразиться	
преогорчеваяй	прич. от преогорчевати	
препирающійся	препирающийся	
преподающій	преподающий	
преполовеніе	преполовение	
препоясавый	препоясавший	
преселився	дееприч. от преселиться	
преселиться	вариант переселиться	
преслѣдовавшій	преследовавший	
пресмыкающійся	пресмыкающийся	
престолъ	престол	
преступающій	преступающий	
преступленіе	преступление	
пресъ	пресс	
пресъ	видоизменение слова прусъ	
пресыщающійся	пресыщающийся	
пресыщеніе	пресыщение	
претерпѣвшій	претерпевший	
претерпѣніе	претерпение	
претерпѣть	претерпеть	
преткновеніе	преткновение	
преходящій	преходящий	
прещеніе	прещение	
при	при	
приарꙑвати	прибавлять пашню	
прибавити	увеличить	
прибавленіе	прибавление	
прибавляющій	прибавляющий	
прибити	проколоть	
прибити	прибить	
приближающійся	приближающийся	
приближеніе	приближение	
приблюдати	наблюдать	
прибои	ловушка	
прибрєсти	прийти в брод	
прибѣганиѥ	убежище	
прибѣгати	прибегать	
прибѣгающій	прибегающий	
прибѣгнѫти	прибегнуть	
прибѣгнꙋти	прибегнуть	
прибѣдьнꙑи	приносящий беду	
прибѣжати	прибежать	
прибѣжати	найти убежище	
прибѣжищє	прибежище	
прибꙑвати	прибавляться	
прибꙑвати	прибывать	
прибꙑлꙑи	прибавившийся	
прибꙑти	прибавиться	
прибꙑти	присоединиться	
прибꙑтъкъ	прибыль	
привабити	призвать	
приваждати	приводить	
привалити	придвинуть	
привалити	привалить	
привидѣниѥ	призрак	
привидѣніе	привидение	
привитати	найти приют	
привлачити	привлекать	
привлѣщи	привести	
приводити	приводить	
приводѧ	приводящий	
привозившій	привозивший	
приволока	верхняя одежда	
приволочи	потянуть к себе	
приволочити	потянуть к себе	
привратникъ	привратник	
приврѣдиѥ	стремление	
приврѣшти	бросить	
приврѣщи	бросить	
привъзложити	возложить более	
привълагати	прилагать	
привъмѣнити	приравнять	
привънєсти	принести в дополнение	
привъпивати	взывать	
привыкающій	привыкающий	
привєслати	привезти на корабле	
привєсти	привести	
привѣжька	?	
привѣсити	привесить	
привѣтствіе	приветствие	
привѣтъ	намерение	
привѧза	обвязка	
привѧзати	привязать	
привѧзъка	привязь	
привѧꙁаниѥ	привязь	
привѧꙁати	привязать	
привꙑкнѫти	привыкнуть	
привꙑкнꙋти	привыкнуть	
привꙑчаи	обычай	
пригваждати	пригвождать	
пригвождєниѥ	прибивание	
пригвоꙁдити	пригвоздить	
приглаголовати	приговаривать	
пригласившій	пригласивший	
пригласити	подозвать	
пригласити	позвать	
пригласовати	огласить	
пригласъ	возвышение голоса	
приглашати	приглашать	
приглꙗдати	присматривать	
пригнєсти	придавить	
пригнѣтити	разжечь	
приговорити	порешить	
приговоръ	заклинание	
пригода	случай	
пригодити	дать случай	
пригодьнꙑи	подходящий	
пригонити	спешно приехать	
пригонити	пригонять	
пригонъ	сбор	
пригородиѥ	небольшой город	
пригородъ	подчинённый город, принадлежащий к области старшего города	
пригородьскꙑи	принадлежащий пригороду	
пригорожанинъ	житель пригорода	
пригорѣти	обгореть	
пригостити	получить прибыль при торговле	
приготовати	приготовить	
приготовившійся	приготовившийся	
приготовити	приготовить	
приготовленіе	приготовление	
приготовляющій	приготовляющий	
приградъ	внешняя ограда	
пригънꙋти	пригнуть	
пригърща	горсть	
пригꙑбати	сгибать	
придавати	дарить	
придавати	подавать	
придавити	сдавить	
придати	прибавить	
придаꙗти	подавать	
придвьриѥ	преддверие	
придобꙑти	приобрести	
придумывающій	придумывающий	
придьргнꙋти	притянуть	
придѣлати	прибавить	
придѣлити	придать	
придѣти	приблизить	
придѣꙗти	приблизить	
прижагати	прижигать	
прижити	родить	
прижитиѥ	рождение	
прижиꙃати	прижигать	
прижєчи	прилеплять	
призвавшій	призвавший	
призваніе	призвание	
признающій	признающий	
признобити	побить морозом	
призоръ	призрак	
призрачиѥ	видение	
призрѣвшій	призревший	
призъвати	призвать	
призъло	великое зло	
призывающій	призывающий	
призꙑвати	приглашать	
прииждити	израсходовать	
прииманиѥ	приём	
приимати	принимать	
приимъка	усыновление	
приказаніе	приказание	
приказати	приказать	
приказчикъ	приказчик	
приказъ	распоряжение	
приказꙑвати	приказывать	
прикасати сѧ	прикасаться	
прикасающійся	прикасающийся	
прикащикъ	прикащик	
прикладати	прикладывать	
прикладати	подражать	
прикладꙑвати	прикладывать	
приклонити	склонить	
приключавшійся	приключавшийся	
приключаи	случай	
приключившійся	приключившийся	
приключити сѧ	произойти	
приклѣити	прикрепить с помощью клея	
приколъкъ	закол, забой	
приконьчати	покончить	
прикосновєниѥ	прикосновение	
прикоснувшійся	прикоснувшийся	
прикоснѫти сѧ	прикоснуться	
прикоснꙋти	притронуться	
прикосъ	прикосновение	
прикраи	край	
прикропити	обрызгать	
прикротити	умиротворить	
прикръвєниѥ	покрывало	
прикрывающій	прикрывающий	
прикрꙑвати	закрывать	
прикрꙑвати	прикрывать	
прикрꙑти	скрыть	
прикрꙑти	прикрыть	
прикѹпити	прикупить	
прикꙑнꙋти	выбросить	
прилагати	прибавлять	
прилагати	прикладывать	
приласкати	приласкать	
прилежащій	прилежащий	
прилика	пример	
прилогъ	добавление	
приложити	прибавить	
приложити	приложить	
приложьнꙑи	применимый	
приложєниѥ	примыкание	
приломити	сломить	
приломити	надломить	
прильнѫти	прильнуть	
прильстити	соблазнить	
прилюблѥниѥ	любовь	
прилєжаниѥ	прилежание	
прилєжати	придерживаться	
прилєжати	прилегать	
прилєжьно	прилежно	
прилєтѣти	прилететь	
прилєчи	опуститься	
прилѣпившійся	прилепившийся	
прилѣпити	прикрепить	
прилѣпити	прилепить	
прилѣпляться	прилепляться	
прилѣплꙗти сѧ	прилепляться	
прилѣпьнъ	совокупленный	
прилѣтати	прилетать	
прилѹчаи	случай	
прилѹчити	присоединить	
примиловати	ласкать	
примиреніе	примирение	
примирити	примирить	
примориѥ	приморье	
приморскій	приморский	
примостиѥ	название местности в Пскове	
примостъ	пристань	
примостъкъ	мостки	
примракъ	сумрак	
примълва	приговор	
примъножити	прирасти	
примьрзнꙋти	примёрзнуть	
примєтати	побуждать	
примѣнити	отвратить	
примѣнити	причислить	
примѣръ	пример	
примѣсити	примешать	
примѣсити сѧ	соединиться	
примѣтати сѧ	пресмыкаться	
примѣчаніе	примечание	
примѣшати сѧ	присоединяться	
примꙋчити	подчинить	
примꙑслити	придумать	
принада	прибавление	
принадлежавшій	принадлежавший	
принадлежащій	принадлежащий	
принапѣти	присоединить	
приникнѫти	склониться	
приникнꙋти	наклониться	
принимающій	принимающий	
приносити	приносить	
приносъ	дар	
приносъ	приношение	
приносяй	церк.-слав. приносящий	
приносящій	приносящий	
приношеніе	приношение	
приношєниѥ	приношение	
принуждавшій	принуждавший	
принятіе	принятие	
принєсти	привезти	
принєсти	принести	
принѹдити	принудить	
принѹрити	потерять	
приобидѣти	нанести ущерб	
приобрѣсти	приобрести	
приобьщити	приобщить	
приодолѣти	осилить	
приодѣвало	одежда	
приодѣвати	прикрывать	
приодѣти	изукрасить	
прионъ	пила	
припавшій	припавший	
припадати	припадать	
припадати	припадать к ногам	
припасти	броситься в ноги	
припасъ	припас	
припахнꙋти	пахнуть	
припашь	припаханный участок земли	
приплавати	приплывать	
приплакати	оплакать	
приплодити	получить	
приплодити	принести плоды	
приплотъ	оплот	
приплєсти	сплести	
приплѣтати	сплетать	
приплꙑти	приплыть	
приподаꙗти	подавать	
приподобити сѧ	уподобиться	
приполъ	покрывало	
припомагати	помогать	
припоминающій	припоминающий	
припомѧнꙋти	припомнить	
припрѣтити	разгневаться	
припрѧщи	соединить	
припьсати	приписать	
припѣваниѥ	заклинание	
припѣвати	воспевать	
припѣвати	исполнять припев	
припѣвъка	припевок	
припѣло	припев	
припѧти	направить	
припѫтьнъ	придорожный	
припѹскати	допускать	
припѹстити	подпустить	
приразити	поразить	
приращеніе	приращение	
приристати	прибегать	
пририцати	добавлять к сказанному	
прирокъ	порок	
прирокъ	прозвище	
прирєчи	назвать	
прирѣꙗти	толкать	
прирѧдити	присоединить	
присадити	насадить	
присадъ	подсадка	
присадъка	совещание	
присадьникъ	седок	
присадьнꙑи	примытый	
присвоиствити	присвоить	
присвоити	приблизить	
присвѧнѫти	увянуть	
присиꙗти	сиять вместе	
прискочити	прибежать	
прискочити	подскочить	
прискъ	Приск	
прислѹхати	повиноваться	
присно	присно	
приснодѣва	приснодева	
присность	вечность	
приснъ	присный	
присобити	присвоить	
присовокупленіе	присовокупление	
присоединеніе	присоединение	
присоединившійся	присоединившийся	
присоединяющій	присоединяющий	
присоединяющійся	присоединяющийся	
приспорꙗти	придавать	
приспѣвати	подоспевать	
приспѣти	поспеть	
приспѣти	настать	
приставати	приближаться	
приставити	прибавить	
приставити	приставить	
приставлꙗти	приставлять	
приставлꙗти	прикладывать	
приставшій	приставший	
приставьникъ	управляющий	
пристаи	пришелец	
пристаниѥ	пристанище	
пристанъ	пристанище	
пристати	привязаться	
пристати	приступить	
пристаꙗти	приставать	
пристигнꙋти	настичь	
пристравати	устраивать	
пристрашьнъ	страшный	
пристраꙗти	устраивать	
пристрои	устройство	
пристроити	устроить	
пристроити	присоединить	
пристроꙗ	снаряд	
пристрꙗпати	снарядиться	
приступающій	приступающий	
приступившій	приступивший	
пристѣнъ	пристройка	
пристѫпити	приступить	
пристꙋпити	приблизиться	
присутствовавшій	присутствовавший	
присущій	присущий	
присцѣпити	прикрепить	
присъвъкѹпити	присовокупить	
присълати	прислать	
присъпа	насыпь	
присъхнꙋти	присохнуть	
присьнакъ	родственник	
присьнина	родная земля	
присьнопомьнимꙑи	незабвенный	
присєльчанинъ	житель присёлка	
присѣдѣти	присутствовать	
присѣдѣти	сидеть рядом	
присѣтити	посетить	
присѧга	присяга	
присѧгнѫти	прикоснуться	
присѧгнꙋти	прикоснуться	
присѧгъ	присяга	
присѧзати	прикасаться	
присѫдити	осудить	
присꙋдити	назначить	
присꙑлати	присылать	
притварꙗти	приготовлять	
притварꙗти	готовить	
притворити	приделать	
притворити	приобрести	
притворъ	сени православного храма	
притворъ	притвор	
притворяющійся	притворяющийся	
прити	прийти	
притиснꙋти	прижать	
притомити	обессилить	
приторъ	вариант прєторъ	
притрєниѥ	уничтожение	
притъкнꙋти	доказать	
притъкъ	острый	
притъча	притча	
притъчьно	с помощью притчи	
притєщи	прибежать	
притѣкати	прибегать	
притѣсненіе	притеснение	
притѣсняющій	притесняющий	
притѣснꙗти	теснить	
притѧгнꙋти	присоединиться	
притѧжавати	приобретать	
притѧжаниѥ	польза	
притѧжати	добыть	
притѧжьникъ	собственник	
притѧзати	приобрести	
притѫжати	мучить	
притꙑкати	прикасаться	
прихаждати	приходить	
прихвалити	присоединить хвалу	
прихвалꙗти	присоединять хвалу	
приходившій	приходивший	
приходити	прибывать	
приходити	приходить	
приходъ	прибытие	
приходъ	приход	
приходьць	пришелец	
приходящій	приходящий	
приходѧ	приходящий	
прихождєниѥ	нашествие	
прихрадалꙑи	курчавый	
причастити	получить	
причастодавьць	завещатель	
причастіе	причастие	
причаꙗти	ожидать	
причина	начало	
причинити	пристроить	
причинити	причислить	
причиняющій	причиняющий	
причитати	причислять	
причѧстити	сделать соучастником	
причѧстиѥ	сопричастность	
причѧщаниѥ	причащение	
причѧщати	делать участником	
причѧщєниѥ	сопричастие	
пришествіе	пришествие	
пришьльствиѥ	изгнание	
пришьльство	изгнание	
пришьльствовати	жить на чужбине	
пришьльць	пришелец	
пришьлꙑи	пришлый	
пришьствиѥ	прибытие	
пришьстиѥ	пришествие	
приѣздити	приезжать	
приѩти	благоприятствовать	
приѩтиѥ	принятие	
приѹстити	убедить	
приꙁирати	смотреть	
приꙁракъ	призрак	
приꙁъваниѥ	призвание	
приꙁъвати	призвать	
приꙁьрѣти	призреть	
приꙁꙑваниѥ	взывание	
приꙁꙑвати	призывать	
приꙗтєль	сторонник	
приꙗꙁнивъ	приязненный	
приꙗꙁнь	приязнь	
про	ради	
пробавити	сохранить	
пробавити	продлить	
пробадати	прокалывать	
пробивати	накладывать клеймо	
пробити	рассечь	
пробити	пробить	
проблѫдити сѧ	нарушить верность	
проблꙋдити	растлить	
прободати	прокалывать	
пробои	пробой	
пробости	пронзить	
пробрѣꙁгъ	заря	
пробуждающій	пробуждающий	
пробѣгнѫти	убежать	
пробѣгнꙋти	убежать	
провабити	обольстить	
проваждати	провожать	
провара	определённая мера мёда или пива	
проварити	предупредить	
проварꙗти	предварять	
проваꙗти	прорезать насквозь узором	
провидьць	провидец	
провидящій	провидящий	
провидѣніе	провидение	
провидѣти	предвидеть	
провидѣтєль	провидец	
проводатаи	провожатый	
проводити	проводить	
проводъ	сопровождение	
проводящій	проводящий	
провозглашающій	провозглашающий	
провозъ	перевозка	
проволока	вытянутый в нить металл	
проволочьнꙑи	волокитный	
проворожити	предсказать	
провороза	привязь	
проврѣти	просунуть	
провъ	Пров	
провъзвѣстити	предречь	
провъсиꙗти	воссиять	
провъстрѫбити	возвестить звуками трубы	
провъходъ	вход	
провьртѣти	просверлить	
провєсти	перевести сквозь	
провєсти	провести	
провѣдѣти	провидеть	
провѣщавати	говорить открыто	
провѣщати	говорить	
провѣꙗти	овеять	
проганꙗти	прогонять	
проглаголати	заговорить	
прогласити	провозгласить	
прогласити	запеть	
прогнѣваниѥ	раздражение	
прогнѣвати	разгневать	
прогнѣвляющій	прогневляющий	
прогонити	прогнать	
прогонити	изгонять	
прогонъ	гонение	
прогонѥниѥ	изгнание	
прогрѣхъ	промах	
прогънати	прогнать	
продавати	продавать	
продавшій	продавший	
продавьць	продавец	
проданиѥ	продажа	
продати	продать	
продающій	продающий	
продаѧти	продавать	
продаꙗти	продавать	
продльжити	продолжить	
продльжєниѥ	длительность	
продолжавшійся	продолжавшийся	
продолжающій	продолжающий	
продолжающійся	продолжающийся	
продолженіе	продолжение	
продолѣти	становиться длиннее	
продромъ	предтеча	
продрꙋжити	пронзить	
продьлити	долго говорить	
продѣлати	прорубить	
продѣлъка	ошибка в дележе	
продѹшина	отверстие	
продꙑхати	продуваться	
прозваніе	прозвание	
прозвитєръ	священник	
прозорочьнꙑи	прозорливый	
прозоръ	прозорливец	
прозорьливьць	прозорливец	
прозорьскꙑи	пророческий	
прозрѣвшій	прозревший	
прозъвати	назвать	
прозѧбати	произрастать	
прозѧбль	отпрыск	
прозꙑвати	называть	
произведеніе	произведение	
производившій	производивший	
производящій	производящий	
произволити	желать	
произвєсти	поставить	
произносити	произносить	
произносящій	произносящий	
произношеніе	произношение	
произрастающій	произрастающий	
произрастѣніе	произрастение	
произращающій	произращающий	
произходящій	происходящий	
происпѹстити	испустить	
происходити	происходить	
происходъ	выступление	
происхожденіе	происхождение	
происшествіе	происшествие	
проити	пройти	
прокажєниѥ	проказа	
прокажєнъ	прокажённый	
проказити	повредить	
проказовати	злоумышлять	
прокаꙁа	проказа	
прокаꙁивъ	коварный	
прокаꙁити	изгнать плод	
прокимєнъ	прокимен	
прокладъка	закладка	
проклинающій	проклинающий	
проклятіе	проклятие	
проклѣти	прорасти	
проклѧти	проклясть	
проковати	сбить ковкой	
прокопати	прокопать	
прокъ	остаток	
прокѹда	разорение	
прокѹдити	повредить	
прокѹдьникъ	губитель	
прокѹраторъ	попечитель	
прокꙑпѣти	заструиться	
прокꙑслꙑи	застарелый	
пролетающій	пролетающий	
проливати	проливать	
проливающій	проливающий	
проливьць	проливатель	
пролити	излить	
пролитіе	пролитие	
пролиꙗниѥ	пролитие	
прологосъ	прокимен	
проложиѥ	рождение	
проложєниѥ	обращение	
промиловати	ошибиться	
проминꙋти	миновать	
промълвити	произнести	
промышленіе	промышление	
промьрзнꙋти	возбудить омерзение	
промєжька	промежуток	
промѣнити	променять	
промѣсъ	вместе	
промꙑслити	позаботиться	
промꙑслъ	промысел	
промꙑсльникъ	наставник	
промꙑшлѥниѥ	промысел	
пронабъдѣти	заботиться	
проназнамєнавати	прообразовать	
пронизати	пронизывать	
пронизъка	буса	
проникающій	проникающий	
пронисти	пронзить	
проносити	возвещать	
проносити	разглашать	
проносъ	пронесение	
проньꙁнѫти	пронзить	
пронєсти	разгласить	
пронєсти	отвергнуть	
пронѹрити	потерять	
пронꙑривъ	мерзкий	
пронꙑрити	достичь лукавством	
пронꙑриѥ	коварство	
пронꙑръ	злодей	
пронꙑрьство	лукавство	
проображєниѥ	образ	
прообразити	рассказать	
прообразовати	прообразовать	
прообраꙁити	представить	
прообраꙁованиѥ	начало	
прообрꙋчити	обручить	
проочистити	очистить	
пропавшій	пропавший	
пропадшій	пропадший	
пропадь	расселина	
пропадь	пропасть	
пропарити	разгорячить	
пропарꙑвати	распарывать	
пропасть	пропасть	
пропинати	распинать	
прописꙑвати	писать	
пропитаніе	пропитание	
проплакати сѧ	расплакаться	
проплєсканиѥ	творение	
проповѣданиѥ	проповедование	
проповѣданиѥ	провозглашение	
проповѣдати	проповедовать	
проповѣдатєль	глашатай	
проповѣдатєль	провозвестник	
проповѣдованіе	проповедование	
проповѣдовати	возвещать	
проповѣдовати	проповедовать	
проповѣдовать	проповедовать	
проповѣдь	проповедование	
проповѣдьникъ	проповедник	
проповѣдѣти	провозгласить	
проповѣдѣти	проповедать	
проповѣдѣтєль	проповедник	
пропороти	проткнуть	
пропьстриѥ	пестрина	
пропѧло	крест для распятия	
пропѧти	простереть	
пропѧти	распять	
пропѧтиѥ	распятие	
пропѹстити	позволить пройти	
проразити	пробить	
проразѹмѣвати	постигать	
прорастити	произвести	
прорастити	взрастить	
прораꙁити	прорвать	
прорицаниѥ	предсказание	
прорицаниѥ	прорицание	
прорицаніе	прорицание	
прорицати	предсказывать	
прорицати	прорицать	
проровь	прорыв	
пророкъ	вестник	
пророкъ	пророк	
пророчествовавшій	пророчествовавший	
пророчествующій	пророчествующий	
пророчии	принадлежащий пророку	
пророчица	предсказательница	
пророчица	пророчица	
пророчь	пророческий	
пророчьскъ	пророческий	
пророчьскꙑ	свойственно пророку	
пророчьскꙑ	пророчески	
пророчьскꙑи	пророка	
пророчьствиѥ	пророчество	
пророчьство	проречение	
пророчьство	пророчество	
пророчьствовати	прорицать	
прорєчи	провозгласить	
прорєчєниѥ	пророчество	
прорєшти	проречь	
прорѣзаниѥ	поранение	
просадити	прорвать	
просадити	разорвать	
просатаи	сват	
просвора	просфора	
просвѣтити	засветить	
просвѣтити	озарить	
просвѣщати	освещать	
просвѣщєниѥ	просветление	
просиньць	месяц январь	
просити	просить	
просить	просить	
проситєль	нищий	
просиꙗти	засиять	
просиꙗти	просиять	
проскомисаниѥ	проскомидия	
прославившійся	прославившийся	
прославити	дать славу	
прославити	прославить	
прославленіе	прославление	
прославляющій	прославляющий	
прославлꙗти	восхвалять	
прославлꙗти	прославлять	
просльзити	прослезиться	
прослѹтиѥ	слава	
прослꙑти	прославиться	
прослꙑшати	начать слышать	
просмиꙗти сѧ	рассмеяться	
просмрада	уничтожение	
просмрада	гибель	
просмрадити	испортить	
просмраждати	омрачать	
просо	хлебное растение, дающее зерно, называемое пшеном	
просокъ	разведчик	
просолъ	малосольная рыба	
просольнꙑи	малосольный	
простирало	сушильня	
простирающійся	простирающийся	
простити	простить	
простити	освободить	
просто	прямо	
просто	просто, однородно	
простоволосꙑи	простоволосый	
просторожа	просмотр	
простороньство	раздолье	
просторонꙑи	просторный	
просторъ	свобода	
простославьнꙑи	православный	
простость	чистосердечие	
простотовати	дуровать	
пространити	рассеять	
пространиѥ	простор	
пространной	вариант пространный	
пространо	искренне	
пространьство	пространство	
простричи	выстричь	
прострѣти	простереть	
проступокъ	проступок	
простъ	прямой	
простъ	простой	
простъ	чистый	
простьць	мирянин	
простѣ	просто	
простꙋпити	совершить проступок	
простꙋпъка	проступок	
простꙑи	прямой	
простꙑни	простота	
простꙑни	оправдания	
просъ	просьба	
просъпати	пропустить из-за спанья	
просьба	прошение	
просящій	просящий	
просѣкати	прорубать	
просѣсти сѧ	разорваться	
просѣчи	пробить	
просѣꙗти	вывеять	
просѣꙗти	просеять	
просѧ	просящий	
просѧгнꙋти	достигнуть	
просѹнꙋти	проткнуть	
просꙑпати	спать во время чего-либо	
просꙑпати	просыпать	
протварꙗти	открывать путь	
протварꙗти	прокладывать путь	
протекавшій	протекавший	
протекающій	протекающий	
противившійся	противившийся	
противити сѧ	сопротивляться	
противленіе	противление	
противлѥниѥ	непослушание	
противолежащій	противолежащий	
противоставшій	противоставший	
противъ	против	
противъ	воспротивиться	
противъка	противление	
противьникъ	противник	
противьничь	вражеский	
противьно	вопреки	
противьнъ	враждебный	
противьнѣ	копия	
противящійся	противящийся	
противѹтворити	противодействовать	
протлъковати	истолковать	
проторъ	ущерб	
протостраторъ	должность при дворе византийских императоров	
проточити	вытравить	
протъкнꙋти	проколоть	
протълковати	объяснить	
протълчь	быстрина	
протържь	раздор	
протьржька	спор	
протяженіе	протяжение	
протєсаниѥ	отрезанная часть	
протєсати	рассечь	
протєчи	распространиться	
протѧганиѥ	потягивание	
протѧгнѫти	вытянуть	
протѧжьно	сильно	
протѧзати	распростирать	
протѧти	пробить	
протѹръ	?	
прохладити	охладить	
прохлаждєниѥ	освежение	
проходившій	проходивший	
проходити	проходить	
проходъ	дыра	
проходящій	проходящий	
прохожденіе	прохождение	
прохождєниѥ	прохождение	
процвисти	расцвести	
процвитати	процветать	
процвьтовати	процвести	
прочь	прочий	
прочьнь	прочий	
прочєѥ	далее	
прошеніе	прошение	
прошествіе	прошествие	
прошєниѥ	прошение	
прощающій	прощающий	
прощеніе	прощение	
прощєниѥ	прощение	
проявленіе	проявление	
проѹвѣдѣти	предузнать	
проѹвѣдѣти	провидеть	
проѹмѣти	обдумывать	
проѹставити	предопределить	
проѹставлꙗти	предопределять	
проѹстраꙗти	предустоять	
проѹчати	наставлять	
проѹчаꙗти	предчувствовать	
проꙁирати	прозревать	
проꙁорьливъ	прозорливый	
проꙁорьнъ	прозорливый	
проꙁъвати	прозвать	
проꙁьрѣниѥ	прозрение	
проꙁьрѣти	прозреть	
проꙁѧбєниѥ	росток	
проꙗдати	пожирать	
Пруссъ	государство, упомянутое в исторических источниках	
пруссъ	прус (саранча)	
пруссъ	прусс (представитель народа)	
прусъ	жеребец	
Прусы	то же, что Прусы, название государства	
пръвъ	вариант прьвъ	
пръстъ	вариант прьстъ	
прътищь	рубище	
прътъ	фитиль	
прысъ	боров	
прьвовъзлѣганиѥ	возлежание на почётном месте	
прьвовъꙁлєжєниѥ	возлежание на почётном месте	
прьвовъꙁлѣганиѥ	возлежание на почётном месте	
прьвомѫчєница	первомученица	
прьвородьць	первенец	
прьвосътворѥнъ	первозданный	
прьвоѥ	прежде всего	
прьвъ	первый	
прьвѣньць	первенец	
прьвѣѥ	раньше	
прьси	грудь	
прьстъ	перст	
прьсть	персть	
прьстьнъ	тленный	
прьстєнь	перстень	
прямостоящій	прямостоящий	
прєторъ	преторское судилище	
прєторъ	претория	
пріемлющій	приемлющий	
пріобрѣсти	приобрести	
пріобрѣтающій	приобретающий	
пріобрѣтеніе	приобретение	
пріобщающійся	приобщающийся	
пріобщеніе	приобщение	
пріѣзжавшій	приезжавший	
прѣбивати	бить	
прѣбивати	переламывать	
прѣбити	разбить	
прѣбити	переломать	
прѣблагъ	очень добрый	
прѣблагꙑи	преисполненный благости	
прѣблажєнъ	преблагой	
прѣблазнити	насмеяться	
прѣбродити	перейти в брод	
прѣбрєсти	перейти в брод	
прѣбъдѣти	бодрствовать	
прѣбꙑваниѥ	пребывание	
прѣбꙑвати	увеличиваться	
прѣбꙑвати	пребывать	
прѣбꙑти	пробыть	
прѣбꙑти	остаться	
прѣвитати	переселиться	
прѣвити	завернуть	
прѣвлачити	привлекать	
прѣводити	переводить	
прѣвратити	обратить	
прѣвратити	превратить	
прѣвращати	поворачивать	
прѣврѣдити	повредить	
прѣврѣдити	нарушить	
прѣврѣдъ	помеха	
прѣвъзложити	возложить более	
прѣвъзносити	восхвалять	
прѣвъсиꙗти	воссиять	
прѣвъсходити	превышать	
прѣвъсходити	превосходить	
прѣвъꙁносити сѧ	превозноситься	
прѣвєликъ	огромный	
прѣвєсти	перевезти	
прѣвѣсило	перевес	
прѣвѣсити	взвесить	
прѣвѣчьнъ	предвечный	
прѣвꙑшє	превыше	
прѣгородити	заградить	
прѣградити	заградить	
прѣградити	огородить	
прѣградъ	здание	
прѣгрѣшениѥ	прегрешение	
прѣгрѣшити	согрешить	
прѣгрѣшєниѥ	проступок	
прѣгѫдьница	псалтерий	
прѣгꙋдьникъ	гудочник	
прѣгꙋдьница	музыкальный инструмент	
прѣгꙋдьничь	прилагательное от прѣгꙋдьница	
прѣгꙑбати	сгибать	
прѣгꙑбати	преклонять колени	
прѣгꙑни	горный краи	
прѣдавьникъ	предатель	
прѣданиѥ	предательство	
прѣданьникъ	предатель	
прѣдати	передать	
прѣдатєль	изменник	
прѣдатєль	предатель	
прѣдаꙗниѥ	предательство	
прѣдаꙗти	передавать	
прѣди	спереди	
прѣдилєжати	лежать перед чем-либо	
прѣдисѣдатєль	предстоятель	
прѣдоблии	доблестный	
прѣдобро	отлично, превосходно	
прѣдобръ	доблестный	
прѣдобрꙑи	приятный	
прѣдолѣниѥ	преодоление	
прѣдолѣти	преодолеть	
прѣдрагъ	драгоценный	
прѣдрагꙑи	многожеланный	
прѣдъ	перед	
прѣдъбороти	за кого-нибудь воевать	
прѣдъборьникъ	борец на переднем крае	
прѣдъварити	раньше совершиться	
прѣдъварити	обогнать	
прѣдъварꙗти	опережать	
прѣдъвидѣти	провидеть	
прѣдъводити	направлять	
прѣдъвожь	предаодитель	
прѣдъвъзгласити	предвозвестить	
прѣдъдвориѥ	передний двор	
прѣдъдвьриѥ	церковный притвор	
прѣдъизложити	изложить ранее	
прѣдъиꙁводити	свидетельствовать	
прѣдълагати	класть	
прѣдъложити	предоставить	
прѣдъложити	предложить на выбор	
прѣдъложєниѥ	намерение	
прѣдълєжати	быть предложенным	
прѣдълєжати	находиться перед чем-л	
прѣдъмꙑсливꙑи	бодрый	
прѣдъмꙑслиѥ	готовность	
прѣдъмꙑшлєниѥ	предположение	
прѣдъповєлѣти	предназначить	
прѣдъпоказати	показать заранее	
прѣдъполагати	предлагать	
прѣдъположити	предложить	
прѣдъпоставити	представить	
прѣдъпоставити	предложить	
прѣдъпосълати	послать вперёд	
прѣдъпьсаниѥ	образец	
прѣдърєчєнъ	упомянутый	
прѣдъсиꙗти	заранее сиять	
прѣдъставити	поставить	
прѣдъставити	подать	
прѣдъставлꙗти	предлагать	
прѣдъстати	предстать	
прѣдъстолиѥ	почётное место за столом	
прѣдъстоꙗти	предстоять	
прѣдъсѣданиѥ	сидение на почётном месте	
прѣдъсѣдѣти	находиться	
прѣдъсѣсти	занять первое место	
прѣдътєщи	опередить	
прѣдъходити	идти впереди	
прѣдъходити	предшествовать	
прѣдъѹспѣвати	преуспевать	
прѣдъꙁъваниѥ	заблаговременное приглашение	
прѣдъꙁьрѣти	видеть перед собой	
прѣдьнии	предыдущий	
прѣжасити	ужаснуть	
прѣжасъ	ужас	
прѣждьнии	прежний	
прѣждьникъ	помощник рулевого	
прѣждє	прежде	
прѣждєвъꙁлѣганиѥ	возлежание на почётном месте	
прѣждєнарєчєнъ	вышеупомянутый	
прѣждєрєчєнъ	вышеупомянутый	
прѣждєсвѧщєнъ	преждеосвящённый	
прѣждєсѣданиѥ	почётное место	
прѣждєꙁъваниѥ	заблаговременное приглашение	
прѣжити	прожить	
прѣжь	перед	
прѣжьнии	передний	
прѣзоровати	гордиться	
прѣзоръ	гордость	
прѣзорьно	высокомерно	
прѣзъ	чрез	
прѣизлиха	чрезмерно	
прѣиманиѥ	преемство	
прѣимати	перенимать	
прѣимьникъ	преемник	
прѣимꙑи	изобильный	
прѣистьлѣти	истлеть	
прѣисходити	вступать	
прѣити	перейти	
прѣиꙁнѹрити	причинить вред	
прѣкланꙗти	преклонять	
прѣклонити	преклонить	
прѣклонѥниѥ	преклонение	
прѣклочь	расход	
прѣклюкати	перехитрить	
прѣкоглаголивꙑи	спорливый	
прѣкословити	противоречить	
прѣкословєсиѥ	прекословие	
прѣкраи	возле	
прѣкрасити	украсить	
прѣкратити	сократить	
прѣкръмити	насытить	
прѣкрьстити	перекрестить	
прѣкрьщати	крестить	
прѣкѹтити	украсить	
прѣкꙑ	поперёк	
прѣлаганиѥ	старание	
прѣлагатаи	лазутчик	
прѣлагати	претворять	
прѣлаꙁити	перелезать	
прѣливати	переливать	
прѣлизати	подлизывать	
прѣлихнꙋти	превзойти	
прѣлихъ	чрезмерный	
прѣлиꙗти сѧ	переливаться	
прѣлогъ	дизентерия	
прѣложити	переменить	
прѣложити	переложить	
прѣложєниѥ	изменение	
прѣломити	переломить	
прѣломити	преломить	
прѣломлѥниѥ	преломление	
прѣльстити	обмануть	
прѣльстити	обольстить	
прѣльсть	обман	
прѣльстьникъ	обманщик	
прѣльщати	обольщать	
прѣльщєниѥ	обольщение	
прѣлюбимꙑи	сильно любимый	
прѣлюбодѣꙗниѥ	прелюбодеяние	
прѣлєжати	переночевать	
прѣлєтѣти	перелететь	
прѣлѣпъ	благородный	
прѣлѣсти	перелезть	
прѣлѫкавъ	лукавый	
прѣмилостивъ	в высшей степени милосердный	
прѣмилостивꙑи	многомилостивый	
прѣмина	прямизна	
прѣминовати	проходить	
прѣминовати	переходить	
прѣминѫти	пройти	
прѣмлькнѫти	замолчать	
прѣмльчати	умолкнуть	
прѣмошти	пересилить	
прѣмрачьнъ	очень тёмный	
прѣмълвити	уговорить	
прѣмъного	очень много	
прѣмъногъ	многочисленный	
прѣмъногꙑи	многочисленный	
прѣмь	правильно	
прѣмьдивъ	должный	
прѣмьдлити	промедлить	
прѣмѣна	перемена	
прѣмѣнити	изменить	
прѣмѣнити	переменить	
прѣмѣновати	заменять	
прѣмѣньникъ	преемник	
прѣмѣнѥниѥ	перемена	
прѣмѣнꙗти сѧ	изменяться	
прѣмѣрити	измерить	
прѣмѣрити	взвесить	
прѣмѫдро	премудро	
прѣмѫдръ	премудрый	
прѣмѹдити	промедлить	
прѣмѹчити	передвинуть	
прѣмꙋдрити	перехитрить	
прѣмꙋдрꙑи	разумный	
прѣмꙑ	соответственно	
прѣмꙑслити	додуматься	
прѣнемошти	упасть духом	
прѣникнꙋти	припасть	
прѣносъ	перенесение	
прѣношєниѥ	перенесение	
прѣнємаганиѥ	усталость	
прѣнємаганиѥ	изнеможение	
прѣнємагати	изнемогать	
прѣнєпорочьнꙑи	всенепорочный	
прѣнєсти	перенести	
прѣобидѣвати	обижать	
прѣобидѣти	обидеть	
прѣобидѣти	обойтись несправедливо	
прѣобило	в изобилии	
прѣображєниѥ	преображение	
прѣобразити	видоизменить	
прѣобраꙁити	преобразить	
прѣобраꙁовати сѧ	преображаться	
прѣодолѣти	победить	
прѣодолѣти	преодолеть	
прѣодьржимꙑи	превосходящий	
прѣодѣти	облечь	
прѣотьць	праотец	
прѣочистити	очистить	
прѣпарити	перелетать	
прѣпираниѥ	убеждение	
прѣпирати	топтать	
прѣписати	переписать	
прѣпитѣти	сохранить	
прѣпитѣти	накормить	
прѣплавати	плавать	
прѣплавати	проплывать	
прѣпладьниѥ	самый полдень	
прѣплодити	умножить	
прѣплѹти	переплыть	
прѣпобѣжати	преодолевать	
прѣподобиѥ	преподобие	
прѣподобьнъ	преподобный	
прѣпокоити	дать успокоение	
прѣпокоити	успокоить	
прѣполавлꙗти	умерять	
прѣполовити	достигнуть половины	
прѣполовити	достичь	
прѣполовлєниѥ	середина	
прѣполовлѥниѥ	преполовение	
прѣпоꙗсати	повязать	
прѣпоꙗсати	препоясать	
прѣпровадити	переправиться	
прѣпроваждати	проводить	
прѣпроводити	проводить (о времени)	
прѣпроводити	прожить	
прѣпрославити	превознести славой	
прѣпростѣ	просто	
прѣпростꙑни	искренность	
прѣпрѧдъ	багряница	
прѣпьрѣниѥ	убеждение	
прѣпьрѣти	убедить	
прѣпѹстити	переслать	
прѣрочьнъ	предмет пререканий	
прѣрєшти	вступить в спор	
прѣрєщи	вступить в спор	
прѣрѣканиѥ	ссора	
прѣрѣкати	прекословить	
прѣрꙋбити	перерубить	
прѣскаканиѥ	переселение	
прѣскокъ	перебежчик	
прѣскочити	перебежать	
прѣскочити	перепрыгнуть	
прѣславьнъ	преславный	
прѣславьнѣ	удивительно	
прѣслѹха	ослушание	
прѣслѹшаниѥ	ослушание	
прѣслѹшаниѥ	неповиновение	
прѣслѹшати	ослушаться	
прѣсмѧ	остановка	
прѣснъ	недавний	
прѣсныи	свежий	
прѣспѣваниѥ	преуспевание	
прѣспѣвати	преуспевать	
прѣспѣвати	превосходить	
прѣспѣти	превзойти	
прѣставити	поставить выше	
прѣставити	переставить	
прѣставлѥниѥ	устранение	
прѣставлꙗти	переносить	
прѣстаниѥ	остановка	
прѣстати	перестать	
прѣстаꙗти	переставать	
прѣстоѩ	предстоящий	
прѣстоꙗниѥ	служение	
прѣстоꙗти	предстоять	
прѣстравати	перенести	
прѣстрана	ступа	
прѣстраниѥ	уклонение	
прѣстроити	приготовить	
прѣстѫпити	переступить	
прѣстѫплѥниѥ	проступок	
прѣстѫпоклѧтиѥ	лжеприсяга	
прѣстѫпьникъ	отступник	
прѣстꙋпаниѥ	переход	
прѣстꙋпити	нарушить	
прѣсєлити	переселить	
прѣсєльникъ	странник	
прѣсєлѥниѥ	выселение	
прѣсѣда	засада	
прѣсѣданиѥ	общение	
прѣсѣдѣти	сидеть подле	
прѣсѣдѣти	сидеть в засаде	
прѣсѣкованиѥ	рассечение	
прѣсѣшти	рассечь	
прѣсѫчити	высушить	
прѣсѹшити	высушить	
прѣсꙋдити	предопределить	
прѣтварꙗти	превращать	
прѣтварꙗти сѧ	претворяться	
прѣтворити	изменить	
прѣтворити	претворить	
прѣтворъ	превращение	
прѣтвьрдꙑи	крепкий	
прѣтирати	пилить	
прѣтити	останавливать	
прѣтити	приказывать	
прѣторъ	резиденция наместника провинции - претора	
прѣторъ	вариант прєторъ	
прѣтръгнѫти	перервать	
прѣтрьпѣниѥ	перенесение	
прѣтрьпѣти	претерпеть	
прѣтрѣбивъ	мятущийся	
прѣтрѹдити	перетрудиться	
прѣтъва	пререкание	
прѣтъкнѫти	наткнуться	
прѣтъкнꙋти	задеть	
прѣтьрпѣти	перенести	
прѣтєщи	пробежать	
прѣтѣкати	обгонять	
прѣтѧжаниѥ	перевес	
прѣтꙑканиѥ	помеха	
прѣтꙑканиѥ	препятствие	
прѣтꙑкати	отвергать	
прѣтꙑкати	препятствовать	
прѣхаждати	проходить	
прѣхвалити	восхвалять	
прѣхватити	обхватить	
прѣходити	переходить	
прѣходъ	передвижение	
прѣходѧ	прѣходити	
прѣхрьстити	перекрестить	
прѣхꙑтрити	перехитрить	
прѣхꙑщрꙗти	побеждать	
прѣшєговати	переспорить	
прѣщєниѥ	возмездие	
прѣѩти	получить	
прѣѹдивити	изукрасить	
прѣѹдължити	продлить	
прѣѹкрасити	украсить	
прѣѹкрасити	разукрасить	
прѣѹкрѣпити	подкрепить	
прѣѹмити	обмануть	
прѣѹмьнити	перехитрить	
прѣѹмѣти	перехитрить	
прѣѹпокоити	успокоить	
прѣѹпьстрити	изукрасить	
прѣѹспѣвати	возвышаться	
прѣѹхорошити	изукрасить	
прѣѹхꙑщрити	разукрасить	
прѣꙁорьно	надменно	
прѣꙁорьство	надменность	
прѣꙁьрѣниѥ	недосмотр	
прѣꙁьрѣти	презирать	
прѧдати	скакать	
прѧдиво	пряжа	
прѧдь	нить	
прѧдєниѥ	пряжа	
прѧдєно	прядиво	
прѧжь	застёжка	
прѧжька	пряжка	
прѧмо	верно	
прѧмъ	сверстник	
прѧмѣ	правильно	
прѧмꙑ	прямо	
прѧсло	часть стены	
прѧсти	прясть	
прѧтати	препятствовать	
прѫгъ	кузнечик	
прѫжати сѧ	дёргаться	
прѫтиѥ	розги	
прꙋгло	сеть	
прꙋжина	силок	
прꙑскати	бросать	
прꙑскъ	топот	
псалъмописьць	составитель псалмов	
псалъмосъ	псалом	
псалъмъ	псалом	
псалъмьскъ	псалтырный	
псифида	камешек для мозаики	
пускающій	пускающий	
путешествовавшій	путешествовавший	
пъваниѥ	доверие	
пъваниѥ	упование	
пъвати	уповать	
пъвѣти	полагаться	
пълзати	ползать	
пълзнꙋти	вылезти	
пълзти	таять	
пълзъкꙑи	скользящий	
пълзьнꙑи	падающий	
пълзѣти	ползать	
пълкъ	полк	
пълнꙑи	полный	
пълсть	войлок	
пълстьница	часть шатра, отделённая пологом	
пълстьнꙑи	войлочный	
пълстꙗнꙑи	войлочный	
пълхъ	полчок	
пълчищь	войско	
пърча	вред	
пъта	птица	
пътица	птица	
пътиць	птица	
пътищь	воробей	
пътъка	птица	
пътьскꙑ	по-птичьему	
пътєньць	птенец	
пылающій	пылающий	
пьнь	остаток на корню срубленного или сломанного дерева	
пьпьрь	перец	
пьрати	топтать	
пьрвина	старина	
пьрвовати	первенствовать	
пьрвовъторꙑи	первовторой	
пьрвородитєль	прародитель	
пьрвородитєльнꙑи	прародительский	
пьрвородьнꙑи	первородный	
пьрворождєнꙑи	первородный	
пьрворожєнꙑи	первородный	
пьрвꙑи	древний	
пьривꙑи	упорный	
пьрстатица	перчатка	
пьрстъ	палец	
пьрсть	прах	
пьрстьнь	перстень	
пьрьнѣ	спорно	
пьрѣниѥ	сопротивление	
пьрѣти	спорить	
пьсаниѥ	написание	
пьсарь	смотрящий за охотничьими собаками	
пьсати	писать	
пьсии	песий	
пьсии	собачий	
пьсина	мясо собаки	
пьстрина	пёстрая ткань	
пьстрити	делать пёстрым	
пьстрота	пестрота	
пьстротина	пятно иного цвета на шкуре зверя	
пьстрошь	пёстрый скот	
пьстръ	пёстрый	
пьстрєниѥ	пестрота	
пьстрꙑи	пёстрый	
пьстрꙗдь	ткань, состоящая из белых ниток в одном направлении и цветных в другом	
пьсъ	пёс, собака	
пьсьлъ	Псёл	
пьсьнꙑи	собачий	
пьсьскꙑ	по-собачьи	
пьсьць	щенок	
пьсѧ	щенок	
пьхати	толкать	
пьхнꙋти	толкать	
пьцьлъ	смола	
пьцьльнъ	со смолой	
пьшєница	пшеница	
пьшєничьнъ	пшеничный	
пьючи	дееприч. от пить	
пєвгъ	сосна	
пєкъ	жар	
пєкълъ	смола	
пєлєпєлъ	перепел	
пєлꙑ	мякина	
пєлꙑнъ	полынь	
пєлꙑнь	полынь	
пєпєлъ	пепел	
пєрга	пряжёные хлебные зёрна	
пєрдика	куропатка	
пєрина	тюфяк для постели	
пєринъка	тюфяк для постели	
пєро	перо	
пєрси	персы	
пєрсьскъ	персидский	
пєрєбирати	разбирать	
пєрєбрати	взять себе	
пєрєбродити	перейти в брод через реку	
пєрєбрєсти	перейти	
пєрєбꙑти	пробыть	
пєрєвабити	переманить	
пєрєвара	чан для варки мёда и пива	
пєрєвити	обвить	
пєрєводити	обманывать	
пєрєводъ	передача	
пєрєвозити	переправлять	
пєрєвозъ	переправа	
пєрєвєзти	провезти	
пєрєвєсти	отвести из одного места в другое	
пєрєвѣсъ	большая сеть для ловли птицы или зверя	
пєрєвѧзъка	крюковой знак	
пєрєгатити	перегородить плотиной	
пєрєгнити	сгнить	
пєрєговорити	показать лишнее	
пєрєгонити	перегонять друг друга	
пєрєгородити	поставить забор	
пєрєграбити	ограбить многих	
пєрєгъбъ	перегиб	
пєрєгънꙋти	сложить	
пєрєдати	отдать	
пєрєдъ	передняя часть	
пєрєдъмостиѥ	помост для въезда на второй ярус дома	
пєрєдъмѣръ	вид подати	
пєрєдъмꙑлєниѥ	предбанник	
пєрєдьничь	передовой	
пєрєдѣлъ	предел	
пєрєжьдати	обождать	
пєрєжьнии	старый	
пєрєжє	прежде	
пєрєжєчи	сильно разжечь	
пєрєзоръ	?	
пєрєзъвати	призвать из одного места в другое	
пєрєзьрѣти	осмотреть	
пєрєимати	захватити	
пєрєити	переехать	
пєрєказа	отказ	
пєрєказити	переменить	
пєрєкладати	переводить с одного языка на другой	
пєрєкладъ	перекладина	
пєрєклюкати	перехитрить	
пєрєковати	перековать	
пєрєкопань	запруда	
пєрєкопати	прокопать	
пєрєкопъ	ров	
пєрєкосити	скосить дальше межи	
пєрєкривити	скривить	
пєрєкрои	название лунной фазы - первая и последняя четверти	
пєрєкрꙑвати	вновь крыть	
пєрєкъ	перечень	
пєрєкърмити	прокормити	
пєрєлагати	изменять (напев)	
пєрєлажати	простоять ночь	
пєрєлазъ	переход	
пєрєливати	переплавлять	
пєрєлогъ	пашня, оставленная под паром	
пєрєложити	оставлять землю под паром	
пєрєложька	уменьшительное от пєрєлогъ	
пєрєльстити	обмануть	
пєрєлєтѣти	переправиться на крыльях	
пєрємириѥ	временное прекращение войны	
пєрємочи	пересилить	
пєрємълвити	дать ответ	
пєрємълвливати	подговаривать	
пєрємєрєти	умереть (о многих)	
пєрємєтати	разметать	
пєрємєтъка	музыкальный знак	
пєрємѣнити	сменить	
пєрєнєвѣдати	обмануть	
пєрєнєсти	переместить	
пєрєобидѣти	обидеть сильно	
пєрєорати	перейти за межу	
пєрєпахати	вспахать за межу	
пєрєписати	перечислить	
пєрєплєсти	переплести	
пєрєплєтати	сшивать листы книги и вплетать в доски	
пєрєплєтъка	книжный переплёт	
пєрєпона	покрывало	
пєрєпочити	отдохнуть	
пєрєпоꙗска	перевязь	
пєрєправити	перевезти через реку	
пєрєпровадити	перевезти	
пєрєпросити	выбросить обратно	
пєрєпрѣти	одержать верх в тяжбе	
пєрєпълнити	наполнить слишком	
пєрєпытывати	разузнавать	
пєрєпєръ	золотая монета	
пєрєпєча	род каравая	
пєрєпѹстити	передать	
пєрєскокъ	перебежчик	
пєрєслѹжити	прослужить сверх срока	
пєрєсолити	посолить слишком много	
пєрєсоромотити	осрамить многих	
пєрєсрочити	изменить срок	
пєрєстати	прекратиться	
пєрєстичи	перехватить	
пєрєстрашити	перепугать	
пєрєстрѣлъ	расстояние выстрела	
пєрєстрѧпати	переждать	
пєрєстꙋпити	погрешить	
пєрєсъпа	плотина	
пєрєсѣдѣти	переждать	
пєрєсѣчи	перебить	
пєрєтълковати	объяснить	
пєрєтълмачити	перевести на другой язык	
пєрєтьрпливꙑи	терпеливый	
пєрєтєрєбовати	требовать больше, чем кто-либо	
пєрєтєсъ	?	
пєрєтѧти	перерубить	
пєрєхватити	завладеть не по праву	
пєрєходъ	ход между двумя строениями	
пєрєхотиѥ	любовник	
пєрєхотѣти	сильно хотеть	
пєрєчасиѥ	бой часов по четвертям	
пєрєчина	перекор	
пєрєчинити	переделать	
пєрєчьнь	итог	
пєрєчєнъка	поперечина	
пєрєѣздити	проезжать	
пєрєѣхати	переправиться на другой берег	
пєчалити	огорчать	
пєчалити сѧ	расстраиваться	
пєчаль	печаль	
пєчальнъ	печальный	
пєчатлѣти	запечатать	
пєчатъ	печать	
пєчать	печать	
пєчь	печь	
пєчьнѣ	жарко	
пєчєръка	пещерка	
пєчєрьскꙑи	относящийся к пещере	
пєшти	печь	
пєщь	печь	
пєщьница	печь	
пѣвши	дееприч. от пѣть	
пѣвъ	дееприч. от пѣть	
пѣвьць	певчий	
пѣгованиѥ	уход	
пѣговати	ухаживать	
пѣгота	проказа	
пѣготивъ	прокажённый	
пѣготивꙑи	прокажённый	
пѣготꙑ	нарывы	
пѣгꙑи	пятнистый (о масти лошадей)	
пѣна	пена	
пѣна	накипевшая слюна	
пѣнити	испускать пену	
пѣниѥ	песнопение	
пѣньнъ	пенящийся	
пѣньнꙑи	певучий	
пѣнящійся	пенящийся	
пѣніе	пение	
пѣнѧжьникъ	меняла	
пѣнѧзь	мелкая монета	
пѣнѧѕь	монета	
пѣснивꙑи	певчий	
пѣснопѣніе	песнопение	
пѣснославити	воспевать	
пѣснословити	воспевать	
пѣснотворъ	музыкант	
пѣснотворьць	певец	
пѣсношь	?	
пѣснь	песнь	
пѣснь	песня	
пѣсня	песня	
пѣсъкъ	песок	
пѣти	петь (исполнять голосом музыкальное произведение)	
пѣти	славить, прославлять в песнях	
пѣти	исполнять богослужебные песни	
пѣтиѥ	пение	
пѣтухъ	петух	
пѣть	петь	
пѣхота	воен. пехота; род сухопутных войск, действующих в пешем строю	
пѣшии	пешком идущий	
пѣшь	пеший	
пѣшєходъ	идущий пешком	
пѧдь	мера, равная длине между оконечностями растянутых пальцев, большого и указательного	
пѧдьникъ	предмет мерой в пядь	
пѧдьнꙑи	мерой в пѧдь	
пѧсть	кулак	
пѧтина	каждая из пяти частей древней новгородской области	
пѧторосвѣтьлꙑи	светящийся пятью лучами	
пѧтро	углубление	
пѧтъ	пятый	
пѧтъкъ	пятница	
пѧть	пять	
пѧтьдєсѧтьница	Пятидесятница	
пѧтьлъ	петух	
пѧтьникъ	пятенщик	
пѧтьньщикъ	тот, кто налагает пятно (клеймо) и собирает пятенную пошлину	
пѧтьсътъ	пятьсот	
пѧтєро	пять числом	
пѧтєрꙑ	пять числом	
пѧчати	жужжать	
пѫта	путы	
пѫть	дорога	
пѫть	путь	
пѫтьникъ	путник, прохожий	
пѫтьнъ	пути	
пѫтьшьствиѥ	путешествие	
пѫчина	бездна	
пѹдити	пугать	
пѹска	осадное орудие	
пѹскати	пропускать	
пѹстити	отправить	
пѹстити	пустить	
пѹстити	отпустить	
пѹстованиѥ	пустое занятие	
пѹстота	пустота	
пѹстошь	не заселённая земля	
пѹстошь	напрасно	
пѹстошька	не заселённое место	
пѹстошьнословити	пустословить	
пѹстошьнъ	суетный	
пѹстꙑни	пустыня	
пѹстꙑни	пустынь	
пѹстꙑнька	уединённая обитель	
пѹстꙑньникъ	пустынник	
пѹстꙑньнъ	пустынный	
пѹстꙑньскъ	степной	
пѹхнꙋти	распухать	
пѹхъ	опушка	
пѹшька	метательное орудие	
пѹщича	метательное осадное орудие	
пѹщєница	отпущенная	
пѹщєниѥ	попущение	
пꙋдило	пугало	
пꙋтина	путы	
пꙋто	узы	
пꙋтьшьствованиѥ	путешествие	
пꙋчина	пучина	
пꙋчинородьнꙑи	рождённый в море	
пꙑро	полба	
пꙑтаниѥ	распытывание	
пꙑтаниѥ	исследование	
пꙑтати	допрашивать	
пꙑтати	выпытывать	
рабии	рабский	
рабичичь	сын рабы	
рабовати	служить	
работа	рабство	
работавшій	работавший	
работаниѥ	служба	
работати	служить	
работина	работа	
работникъ	работник	
работьникъ	слуга	
работѧгъ	раб	
рабъ	проситель	
рабъ	раб	
рабьскъ	рабский	
рабьскꙑ	рабски	
рабьць	молоденький раб	
рабꙑни	рабыня, невольница, служанка	
равьно	одинаково	
равьноангєлъ	равный ангелам	
равьнодѹшьнъ	единомышленный	
равьномѣрие	равномерность	
равьнъ	одинаковый	
равьнꙑи	ровный	
рагоза	раздор	
рагозьнꙑи	враждующий	
радити	заботиться	
радити	советовать	
радити	беспокоиться	
радовавшійся	радовавшийся	
радованиѥ	ликование	
радовати сѧ	радоваться	
радостотворимꙑи	производящий радость	
радость	радость	
радостьно	радостно	
радощи	радость	
радующійся	радующийся	
радъ	радостный	
радѣніе	радение	
радꙑи	довольный	
ражати	рожать	
раждалити	затосковать	
ражданиѥ	роды	
раждати	рождать	
раждающій	рождающий	
раждиѥ	побеги	
раждиꙁаниѥ	горение	
раждєгнѫти	переплавить	
раждєжєниѥ	огонь	
раждєлѣти	распалить	
ражизати	жечь	
разбивати	разбивать	
разбивающій	разбивающий	
разбившій	разбивший	
разбити	разбить	
разблажити	укрепить	
разбогатити	обогатить	
разбогатѣти	разбогатеть	
разботѣти	подняться	
разбѣжавшійся	разбежавшийся	
разбѣжаться	разбежаться	
развалившійся	развалившийся	
развалити	разрушить	
разварити	разварить	
разварꙗти	расплавлять	
разверзаніе	разверзание	
разверзающій	разверзающий	
разверзающійся	разверзающийся	
развина	цепь	
развити	развить	
развлажѣти	увлажниться	
разводити	рассаживать	
разводящійся	разводящийся	
развращающій	развращающий	
развращеніе	развращение	
разврьꙁєниѥ	откровение	
разврѣти	открыться	
развьртѣти	развернуть	
развѣ	разве	
развѣсити	повесить	
развѣꙗти	разбросать	
развѧзати	растянуть	
разгадавшій	разгадавший	
разглаживающій	разглаживающий	
разгнѣтити	зажечь	
разговаривающій	разговаривающий	
разговорити	довести до сведения	
разгонити	разогнать	
разгорѣвшійся	разгоревшийся	
разграбленіе	разграбление	
разградити	снять ограду	
разгрѣвати	разогревать	
разгърдѣти	возгордиться	
разгѹбати	разложить	
разгꙑбати	разгибать	
раздавати	раздавать	
раздавити	раздавить	
раздати	раздать	
раздаꙗти	раздавать	
раздирающій	раздирающий	
раздоръ	распря	
раздоръ	раздор	
раздоръ	скандал	
раздражавшій	раздражавший	
раздражающій	раздражающий	
раздраженіе	раздражение	
раздражити	раздражить	
раздразити	разразить	
раздробити	разделить на части	
раздѣвати	растрачивать	
раздѣленіе	разделение	
раздѣлившійся	разделившийся	
раздѣлиться	разделиться	
раздѣляющійся	разделяющийся	
раздѣть	раздеть	
раздꙑмати	раздувать	
разжирѣвшій	разжиревший	
разиновати	разевать	
разити	разделить	
разлетающійся	разлетающийся	
разливающійся	разливающийся	
разлившійся	разлившийся	
разлитіе	разлитие	
различеніе	различение	
различиѥ	разница	
различь	различный	
различьно	различно	
различьствовати	различаться	
различіе	различие	
разложити	положить в разные стороны	
разлои	долина	
разломити	переломить	
разлєжати	лежать	
разлꙋчьно	разнообразно	
разлꙋчьнѣ	отдельно	
размазати	размягчить	
размыслити	обдумывать	
размѣръ	размер (во всех значениях)	
размѣрьнꙑи	равномерный	
размѣрꙗти	измерять	
размѣсъ	разъединение	
размꙋтити	растерзать	
размꙑслити	обдумать	
разносити	разнести	
разнѹрити	растратить	
разоковати	косить глазами	
разореніе	разорение	
разорити	разрушить	
разоръ	распря	
разоряющій	разоряющий	
разразити	пронзить	
разрушающій	разрушающий	
разрушеніе	разрушение	
разрушившій	разрушивший	
разрѣти	обозреть	
разрѣшеніе	разрешение	
разрѣшити	развязать	
разрѣшить	разрешить	
разрѧдити	распределить	
разрѹшити	уничтожить	
разсказавшій	рассказавший	
разсказать	рассказать; словесно сообщить, описать, изложить что-либо (виденное, слышанное и т. п.)	
разсказъ	рассказ (во всех значениях)	
разсказывавшій	рассказывавший	
разсказывающій	рассказывающий	
разсматривающій	рассматривающий	
разсмотрѣніе	рассмотрение	
разстающійся	расстающийся	
разсуждающій	рассуждающий	
разсужденіе	рассуждение	
разсѣявшійся	рассеявшийся	
разумѣвающій	разумевающий	
разумѣніе	разумение	
разумѣющій	разумеющий	
разъ	раз	
разьно	раздельно	
разьноличь	различный	
разѧбати	разъедать	
разѧбсти	растерзать	
разѹмичьно	внимательно	
разѹмьно	разумно	
разѹмѣти	обдумать	
раи	рай	
раина	перекладина	
раискъ	райский	
рака	гробница	
раклъ	одежда	
раковина	перламутр	
рало	соха	
раль	нива	
ральнꙑи	относщийся к ралу	
рамо	плечо	
рамьливꙑи	?	
рамьно	сильно	
рамьнѣ	сильно	
рамѣнъ	палиур	
рамѣньскъ	армянский	
рамѧ	плечо	
рамѧно	быстро	
рамѧнѣ	напряжённо	
рана	рана	
рана	болезнь	
рана	удар	
ранити	ранить	
ранній	ранний	
рано	рано, утром	
раньствовати	наносить раны	
расильнѣти	усилиться	
расказати	уничтожать	
расказити	испортить	
раскалившійся	раскалившийся	
раскаꙁити	испортить	
раскаꙗти сѧ	раскаяться	
раскврѣти	расплавить	
расковати	перековать	
расколъ	рознь	
раскомити	растрепать	
раскопавати	растерзывать	
раскопавати	раскапывать	
раскопати	раскопать	
раскривити	искривить	
раскропити	разбрызгать	
раскрьстити	распять	
раскрꙑти	закрыть	
раскꙑсѣти	испортиться	
раслабѣти	потерять усердие	
раслабѣти	ослабеть	
расль	отрасль	
расокъ	соглядатай	
расолити	посолить	
расохачь	?	
распадати сѧ	распадаться	
распадающійся	распадающийся	
распалина	расселина	
распалити	разжечь	
распалѥниѥ	похоть	
распасти сѧ	распасться	
распинати	распинать	
расплавляющій	расплавляющий	
расплатити	разделить	
расплодити	размножить	
расплѣнити	опустошить	
расповѣдѣти	возвестить	
расположеніе	расположение	
расположившійся	расположившийся	
распонъ	крест	
распороти	рассечь	
распоряжавшійся	распоряжавшийся	
распоряженіе	распоряжение	
распоясывающійся	распоясывающийся	
распоꙗсати	снять пояс	
распрашити	развеять	
распредѣленіе	распределение	
распростирающій	распростирающий	
распространившій	распространивший	
распрострѣти	распространить	
распрѧгати	разъединять	
распрѧтати	раскапывать	
распрѧщи	высвободить	
распускающій	распускающий	
распускающійся	распускающийся	
распустившійся	распустившийся	
распьрати	растоптать	
распьрѣниѥ	разногласие	
распьрѣти сѧ	усомниться	
распятіе	распятие	
распѧло	крест	
распѧльникъ	распинатель	
распѧти	распять	
распѧтиѥ	распятие	
распѫдити	разогнать	
распѫтиѥ	площадь	
распѹстити	отпустить	
распѹстити	испустить	
распѹщєниѥ	развод	
распꙋдити	разогнать	
распꙑтати	любопытствовать	
расслабленіе	расслабление	
растакати	расточать	
растачати	расточать	
растаꙗти	растаять	
растварꙗти	смешивать	
растварꙗти	растворять	
растворити	разбавить	
растворити	растворить	
растворъ	раствор	
растворѥниѥ	раствор	
растеніе	растение	
растерзаніе	растерзание	
расти	расти	
растити	производить	
растити	плодоносить	
растлѣніе	растление	
растоимьць	лихоимец	
растопити	растопить	
расточившій	расточивший	
расточити	рассеять	
расточити	промотать	
растраꙗти	рассеивать	
растроити	распределить	
растрошити	растратить	
растръгнѫти	разорвать	
растрьꙃовати	сокрушать	
растрѣлꙗти	расстрелять	
растущій	растущий	
растъ	рост	
растъкнꙋти	рассечь	
растьлимꙑи	тленный	
растьлѣти	расстроиться	
растьлѣти	развратиться	
растєниѥ	выращивание	
растєсати	рассекать	
растѧгъ	расстояние	
растѧзати	распростирать	
растѫпити сѧ	расступиться	
растꙋжити	начать горевать	
расхищеніе	расхищение	
расходимꙑи	рассеиваемый	
расходити сѧ	расходиться	
расходъ	распадение	
расхоронити	скрыть в разных местах	
расхꙑтаниѥ	растерзание	
расхꙑтити	расхитить	
расхꙑщати	расхищать	
расцвѣтающій	расцветающий	
расцѣпити	разделить	
расчинити	распределить	
расшибати	разрушать	
расширявшійся	расширявшийся	
расълати	разослать	
расъматрꙗти	разглядывать	
расъмотрити	рассмотреть	
расъмотрьливъ	внимательный	
расѣдати сѧ	устремиться	
расѣлина	трещина	
расѣшти	рассечь	
расѣщи	рассечь	
расѣꙗниѥ	рассеяние	
расѣꙗти	рассеять	
расѫдити	рассудить	
расѫждати	обсуждать	
расѫждєниѥ	решение	
ратаи	земледелец	
ратаи	пахарь	
ратманъ	член магистрата (в древней Риге)	
ратоборьць	воитель	
рать	война	
ратьникъ	ратник, воин	
ратьникъ	неприятель, противник	
ратьничьскъ	неприятельский	
ратьнꙑи	боевой	
ратьствовати	бороться	
рафли	книга из числа ложных	
раховати	рассчитывать	
рачити	любить, заботиться, стараться, усердствовать	
рачити	желать	
рачитєль	поклонник	
рачица	ящик	
раширити	расширить	
раширꙗти	расширять	
ращєниѥ	расцвет	
раіонъ	район (во всех значениях)	
раꙁарꙗти	уничтожать	
раꙁбивати	разбивать	
раꙁбити	разбить	
раꙁбои	разбой	
раꙁбоискъ	разбойничий	
раꙁболѣниѥ	болезнь	
раꙁболѣти сѧ	расхвораться	
раꙁботѣти	стать плодородным	
раꙁварити	разварить	
раꙁвлачити	рассеивать	
раꙁводити сѧ	раскрываться	
раꙁвратити	отклонить	
раꙁвращєниѥ	отклонение	
раꙁврьꙁати	разверзать	
раꙁврѣсти	разверзнуть	
раꙁврѣшти	разверзнуть	
раꙁврѣщи	разверзнуть	
раꙁгнѣвати сѧ	разгневаться	
раꙁгнѣвити	разгневать	
раꙁгорѣти сѧ	разгореться	
раꙁграбити	разграбить	
раꙁграблѥниѥ	разорение	
раꙁгънати	разогнать	
раꙁгънѫти	раскрыть	
раꙁдавати	раздавать	
раꙁдавьникъ	тот, кто раздаривает	
раꙁдирати	раздирать	
раꙁдоръ	раздор	
раꙁдражати	поносить	
раꙁдражити	предать поношению	
раꙁдраꙁити	поразить	
раꙁдробити	раздробить	
раꙁдрѣшити	освободить	
раꙁдрѣшєниѥ	разъединение	
раꙁдрѹшити	разрушить	
раꙁдрѹшєниѥ	разрушение	
раꙁдѣлити	разделить	
раꙁдѣлѥниѥ	разъединение	
раꙁити сѧ	разбежаться	
раꙁличиѥ	разница	
раꙁличєниѥ	отличие	
раꙁлиꙗти сѧ	пролиться	
раꙁломити	разломить	
раꙁлѫчати	разводить	
раꙁлѫчити	разлучить	
раꙁлѫчєниѥ	отделение	
раꙁлѫчєнъ	лукавый	
раꙁмѣрити	измерить	
раꙁмѣсити	размешать	
раꙁмꙑслити	поразмыслить	
раꙁмꙑшлѥниѥ	раздумье	
раꙁорити	уничтожить	
раꙁорѥниѥ	разрушение	
раꙁьньствовати	отличать	
раꙁѹмѣниѥ	понимание	
раꙁѹмѣти	понимать	
рвеніе	рвение	
ребёнокъ	ребёнок	
ревущій	ревущий	
речи	говорить	
ржаніе	ржание	
ривати	подталкивать	
ривифъ	вид гороха	
ригачь	место под ригой и её принадлежностями	
риза	одеяние	
ризьнꙑи	прилагательное от риза	
рикати	рычать	
риксъ	король	
рилинъ	перекладина	
римъ	Рим	
римьскъ	римский	
ринѫти сѧ	ринуться, устремиться	
ринꙋти	бросить	
рипида	опахало	
рипидиꙗ	рипида	
рискати	бежать	
ристаниѥ	бег	
ристати	скакать	
ристати	бежать	
ритини	смола	
риторикиꙗ	риторика	
риторъ	оратор	
риторьскъ	риторский	
риторьскꙑи	ораторский	
риторьство	красноречие	
рить	копыто	
риꙁа	одежда	
риꙁьница	ризница	
робиискъ	рабский	
робити	порабощать	
робичичь	сын рабы	
робкій	робкий	
робота	работа	
роботати	работать	
робъ	раб	
робѧ	ребёнок	
робꙑни	служанка	
ровдога	ровдуга	
ровоамъ	Ровоам	
ровъ	яма	
ровьникъ	бездна	
ровьница	ров	
ровьность	равенство	
рогалиꙗ	мотыга	
рогатина	копьё с широким, обоюдоострым наконечником	
Рогнѣдь	Рогнеда	
рогожа	плетёнка	
рогожьнꙑи	прилагательное от рогожа	
рогозина	камышина	
рогозина	рогожа	
рогозица	рогожа	
рогозъ	тростник	
рогозьна	рогожа	
рогъ	то же, что рог; нарост на голове некоторых животных	
рогъ	то же, что рог; музыкальный инструмент	
рогъ	то же, что рог; полый сосуд	
Рогъволодъ	Рогволод	
рогъдица	палица	
родившій	родивший	
родившійся	родившийся	
родивꙑи	?	
родии	гранат	
родимꙑи	родной	
родинъ	родственник	
родити	родить	
родитєль	отец	
родитєль	первопричина	
родитєльница	роженица	
родитєльскъ	родительский	
родитєльство	природа	
родичь	родственник	
родищє	родник	
родословиꙗ	предсказание судьбы при рождении	
родотворьць	творец	
родъ	рождение	
родъ	род	
родьнꙑи	природный	
родьство	родство	
рожа	роза	
рожаи	плод	
рожаньць	лук	
рожгєниѥ	рождение	
рождавшій	рождавший	
рождающійся	рождающийся	
рожденіе	рождение	
рождиѥ	ветви	
рождьство	рождение, появление на свет	
рождьство	роды, разрешение от бремени	
рождьство	день рождения	
рождєниѥ	роды	
рожьць	стручок	
рожєникъ	родственник	
рожєница	родительница	
рожєниѥ	рождение	
розбивати	грабить	
розбити	расшибить	
розбои	набег	
розводити	распределять	
розвозити	разнести	
розвьртѣти	распустить	
розвєрєчи	нарушить	
розвєсти	отнести в разные стороны	
розвѧзати	привязать, распростёрши	
розгадати	определить	
розговорити	рассказать	
розгонъ	разведка	
розгънꙋти	раскрыть	
роздавати	раздавать	
роздати	раздать	
роздаꙗти	раздавать	
роздолиꙗ	долина	
роздрѹшити	нарушить	
роздѣлити	разделить	
розломити	переломить	
розмочи	усилиться	
розмълвити	отговорить	
розмєтати	разбросать	
рознати	распознать	
розносити	разбросать	
рознєсти	разнести	
розопьсати	расписать	
розразити	разбить	
розрѧдити	распределить	
розрꙋбати	распределять	
розьнꙑи	разный	
розѹмивꙑи	разумный	
розѹмѣти	понимать	
рои	стая пчёл	
роиска	шарообразное украшение	
рокотати	греметь	
рокошь	мятеж	
рокъ	возраст	
рокъ	установленное время	
ролдога	ровдуга	
рольнꙑи	пахотный	
романъ	роман	
роня	роняя	
ропата	иноверческий храм	
ропать	иноверческий храм	
ропочагъ	болотистое место с кустами ольхи	
роса	влага	
роса	роса	
росажати	распарывать	
росвѣтъ	рассвет	
росити	орошать	
росказати	рассказать	
росказити	исказить	
росказъ	свидетельские показания	
роскалиѥ	оттепель	
роскладати	располагать	
росковати	расковать	
роскопати	разрыть	
роскошествовавшій	роскошествовавший	
роскровавити	разбить в кровь	
роскѣпъ	расщеп	
роскꙑнꙋти	расторгнуть мир	
рослабити	ослаблять	
рослабѣти	ослабеть	
рослажати	делать сладким	
рослꙑи	проросший	
росмѣшити	рассмешить	
росодавица	дающая облегчение	
росокъ	соглядатай	
росолъ	рассол	
росоха	развилина	
росохатꙑи	развилистый	
роспашь	пашня	
росписати	письменно распределить	
роспись	перечисление	
росписьникъ	живописец	
росплавь	заливная луговина	
росплодити	размножить	
росповѣдьникъ	проповедник	
росполивати	вскрываться (о реках)	
росполонъ	раздел добычи	
роспопа	лишённый священного сана поп	
роспорити	рассечь	
роспороти	рассечь	
росправити	устроить	
роспросити	расспросить	
роспьрати	растоптать	
роспѹскъ	развод	
роспѹстити	разослать	
роспѹстъ	развод	
роспѹтиѥ	распутица	
роспꙑтати	допросить	
Россійская Имперія	Российская империя	
россійскій	то же, что российский; относящийся к России или россиянам	
Россія	Россия; государство в восточной части Европы и в северной части Азии	
роставити	расставить	
роставлꙗти	расставлять	
ростворити	смешать	
ростити	отращивать	
росточити	рассеять	
ростравьць	расстраиватель	
рострижиничь	сын расстриги	
ростроити	устроить	
рострѣлꙗти	расстрелять	
ростъ	рост	
ростєрꙗти	растратить	
ростѧти	рассечь	
росходъ	уход	
росчисть	место в лесу, расчищенное под пашню	
росчьтъ	расчёт	
росширивати	расширять	
росширити	расширить	
росшировати	расширять	
росълати	разослать	
росьнꙑи	покрытый росой	
росєливати	заселять	
росѣлꙑи	треснувший	
росѣчи	разрыть	
росѣчь	пашня, поднятая из-под леса	
росѣꙗти	рассеять	
росѹчьникъ	соглядатай	
росꙋдити	рассудить	
росꙑлати	рассылать	
ротозѣй	ротозей	
ротозѣйка	ротозейка	
ротьникъ	клянущийся	
ротьница	место клятвы	
ротьнꙑи	клятвенный	
ртꙑ	лыжи	
рубити	строить из дерева	
рубити	набирать, собирать, снаряжать	
рубящій	рубящий	
рукописаніе	рукописание	
рукоположеніе	рукоположение	
русскій	относящийся к Руси, России, либо русским [3]	
русскій	субстантивир., неисч. разг. то же, что русский язык	
русскій	субстантивир., исч. представитель русского народа, иногда гражданин России или человек, имеющий российское происхождение	
Русскій	русский	
ръвєникъ	колодец	
ръдръ	красный	
ръдрꙑи	рыжий	
ръжавѣти	покрываться ржавчиной	
ръжда	ржа	
ръжда	ржавчина	
ръжь	рожь в зерне	
ръзати	ржать	
ръпътаниѥ	ропот	
ръпътати	роптать	
ръпътивꙑи	ропотливый	
ръпътъ	ропот	
рътъ	рот	
рыбакъ	рыбак	
рыданіе	рыдание	
рыдающій	рыдающий	
рыканіе	рыкание	
рыкающій	рыкающий	
рыщущій	рыщущий	
рьвьнивъ	усердный	
рьвьнивꙑи	ревностный	
рьвьниѥ	враждебность	
рьвьновати	заботиться	
рьвьновати	соперничать	
рьвьность	усердие	
рьвьность	зависть	
рьдръ	красный	
рьдрꙑи	красноватый	
рьдька	редька	
рьль	заливная луговина	
рьлька	отмель	
рюма	падучая болезнь	
рюмъ	падучая болезнь	
рютиѥ	рёв	
рюшити	нарушить	
рюꙗ	одежда	
рєбро	дугообразная плоская кость, идущая от позвоночника в правую или левую сторону	
рєвєка	Ревекка	
рєвєниꙗ	равноденствие	
рєкло	речение	
рємьство	умение	
рємєнь	завязка	
рємꙑкъ	ремень	
рєтьничь	притяжательное прилагательное от ротьникъ	
рєтьнꙑи	спорный	
рєчи	говорить	
рєшти	сказать	
рѣдкій	редкий (во всех значениях)	
рѣдозꙋбꙑи	имеющий редкие зубы	
рѣдость	редина	
рѣдъко	иногда	
рѣдъкъ	редкий	
рѣзана	мелкая монета	
рѣзанъка	род пошлины	
рѣзати	резать	
рѣзать	резать (в разн. знач.)	
рѣзчикъ	резчик	
рѣка	река; разновидность водотока; водный поток, значительный по объёму и направляющийся по относительно постоянному руслу от истока к устью	
рѣка	перен. обильный поток чего-либо	
рѣка	река	
рѣлька	отмель	
рѣнь	отмель	
рѣпа	корневой овощ	
рѣпии	шип	
рѣпиѥ	репейник	
рѣсница	ресница	
рѣснота	истина	
рѣсьноватꙑи	истинный	
рѣчивъ	красноречивый	
рѣчивꙑи	красноречивый	
рѣчь	речь	
рѣчька	уменьшительное от рѣка	
рѣчьновати	требовать	
рѣчьнъ	речной	
рѣшеніе	решение	
рѣшившійся	решившийся	
рѣшити	развязать	
рѣшити	развязывать	
рѣшєтъка	сквозная ограда	
рѣять	реять	
рѣꙗти	толкать	
рѣꙗти	гнать	
рѧбинъка	название дерева	
рѧбꙑи	пёстрый	
рѧдити	править	
рѧдитєль	управитель	
рѧдовичь	служилый человек	
рѧдовьнꙑи	должный	
рѧдъ	строй	
рѧдъ	ряд	
рѧдъкъ	небольшой посёлок	
рѧдьникъ	простолюдин	
рѧдьнѣ	пристойно	
рѧдьнꙑи	относящийся к договору	
рѧса	бахрома	
рѧсьнивꙑи	прикрытый ресницами	
рѧсьнъ	бахрома	
рѫбъ	кусок ткани	
рѫгати сѧ	насмехаться	
рѫгъ	насмешка	
рѫжєниѥ	злословие	
рѫка	анат. рука	
рѫкописаниѥ	запись	
рѫчьнъ	ручной	
рѹбль	кляп	
рѹгочь	насмешник	
рѹда	руда	
рѹмьскꙑ	по-латыни	
рѹмѣнъ	румяный	
рѹно	шерсть на овце	
рѹно	руно	
рѹсакъ	серый заяц	
рѹсалиѩ	Пятидесятница	
рѹсалиꙗ	ристалище	
рѹсальнꙑи	прилагательное от рѹсалиꙗ	
рѹсовласꙑи	светловолосый	
рѹсость	русый цвет	
Рѹсьскаꙗ зємлꙗ	Русская земля, Русь (первое название Руси, страны, где жили восточные славяне)	
рѹсьскъ	русский	
рѹсꙑи	русый (о волосах)	
рѹти	реветь	
рѹхла	груз	
рѹхло	пожитки	
рѹхлꙗдъка	пожитки	
рѹхо	пожитки	
рѹчаи	небольшой поток	
рѹчии	речка	
рѹчиѥвина	болотистая полоса	
рѹшина	товар	
рѹшити	разрушать	
рꙋбашька	сорочка	
рꙋбити	строить из дерева	
рꙋбищє	верхняя одежда	
рꙋбль	обрубок	
рꙋблєвиѥ	собирательное к рꙋбль	
рꙋблєвꙑи	имеющий ценность рубля	
рꙋблєникъ	плотник	
рꙋбсти	грабить	
рꙋбъ	бок	
рꙋбьць	рубец	
рꙋбьцєватꙑи	с рубцами	
рꙋбєжиѥ	граница	
рꙋбєжь	межа	
рꙋбєжьникъ	тот, кто самовольно ставит препятствия проходу или проезду	
рꙋбєжьчикъ	тот, кто самовольно ставит препятствие проходу или проезду	
рꙋгатєль	обидчик	
рꙋка	часть тела от плеча до конца пальцев	
рꙋкавица	перчатка	
рꙋкавъ	часть одежды, покрывающая руку	
рꙋкоболивꙑи	страдающий болезнью рук	
рꙋководити	наставлять	
рꙋководитєль	вождь	
рꙋководьць	руководитель	
рꙋковъзложєниѥ	рукоположение	
рꙋковѧтиѥ	руководящее начало	
рꙋковѧть	сноп	
рꙋкодѣиствиѥ	работа	
рꙋкодѣланиѥ	дело	
рꙋкодѣлатєль	занимающийся ручной работой	
рꙋкодѣлиѥ	ремесло	
рꙋкодѣльникъ	занимающийся ручной работой	
рꙋкодѣльнꙑи	ручной	
рꙋкодѣльствовати	заниматься ручной работой	
рꙋкодѣльць	ремесленник	
рꙋкодѣтєль	занимающийся ручной работой	
рꙋкодѣꙗниѥ	помавание	
рꙋкознобьнꙑи	относящийся к рукознобной пошлине	
рꙋколожити	рукоположить	
рꙋкомоиникъ	кувшин для умывания рук	
рꙋкомоꙗ	чаша для умывания рук	
рꙋкомєть	рукоять	
рꙋкомꙑꙗ	чаша для умывания рук	
рꙋкопашь	врукопашную	
рꙋкописаниѥ	рукопись	
рꙋкополаганиѥ	рукоположение	
рꙋкополагатєльство	рукоположение	
рꙋкоположьникъ	рукополагатель	
рꙋкоположєниѥ	возложение рук	
рꙋкотворєнꙑи	сделанный руками	
рꙋкоѧть	рукоять	
рꙋкоꙗтьнꙑи	имеющий ручку	
рꙋчити	поручиться	
рꙋчька	сосуд	
рꙑба	рыба	
рꙑбаринъ	рыбак	
рꙑбарь	рыбак	
рꙑбарь	рыболов	
рꙑбарьскꙑи	рыбацкий	
рꙑбитвъ	рыбак	
рꙑбитъ	рыбак	
рꙑбица	уменьшительное от рꙑба	
рꙑбица	рыбка	
рꙑболовлии	населённый рыбаками	
рꙑболовъ	рыбак	
рꙑболовьць	рыбак	
рꙑбьникъ	рыболов	
рꙑбьничьскꙑи	прилагательное от рꙑбьникъ	
рꙑбьнꙑи	прилагательное от рꙑба	
рꙑданиѥ	рыдание	
рꙑдати	рыдать	
рꙑдєль	оруженосец	
рꙑждь	рыжий	
рꙑжии	красновато-бурый	
рꙑкнꙋти	зареветь	
рꙑкъ	вретище	
рꙑло	морда	
рꙑло	кирка	
рꙑсь	хищное животное из семейства кошачьих	
рꙑти	рыть	
рꙑти	рвать	
рꙑтиꙗ	лепная работа	
рꙑторъ	рыцарь	
рꙑть	копыто	
рꙑтєль	копатель	
саадакъ	лук с налучьем и стрелы с колчаном	
саблица	курица	
сабль	петух	
саванъ	длинная одежда, надеваемая на умерших	
савиновъ	Савиниев	
сагъ	вретище	
садало	седалище	
садарь	садовник	
садити	насаждать	
садити	посадить	
садитєль	садовник	
садовьнꙑи	прилагательное от садъ	
садокъ	Садок	
садъ	сад	
садьно	рана	
садѹкєискъ	саддукейский	
сажа	копоть	
сажда	сажа	
саждати	сажать	
саи	сущий	
саигатъ	трофей	
сакъ	ястреб	
салосъ	юродивый	
салтанъ	титул владетельного государя в Азии	
самарьскъ	самарийский	
самарєискъ	самарийский	
самоблагꙑи	всеблагой	
самобратъ	родной брат	
самовидьнѣ	ясно	
самовидьць	очевидец	
самовласть	свободная воля	
самовластьно	самовольно	
самовластьнѣ	своевольно	
самовластьць	самодержец	
самодвижимꙑи	само собой движущийся	
самодрьжьць	самодержец	
самодьржьць	самодержец	
самодьржьчь	притяжательное прилагательное от самодьржьць	
самодѣльникъ	виновник	
самодѣтєль	имущество	
самолетъ	то же, что самолётъ; летательный аппарат тяжелее воздуха с жёстким крылом и собственным мотором	
самолетъ	то же, что самолётъ; механический ткацкий челнок, а также ткацкий станок с таким челноком [Даль]	
самолетъ	рег. то же, что самолётъ; род лёгкой сохи, плужка [Даль]	
самоловъка	догадка	
самолётъ	то же, что самолетъ; летательный аппарат тяжелее воздуха с жёстким крылом и собственным мотором	
самолётъ	паром для переправы через реку, передвигаемый течением	
самолётъ	то же, что самолетъ; механический ткацкий челнок, а также ткацкий станок с таким челноком [Даль]	
самомьнимꙑи	высокомерный	
самопалъ	пищаль с замком и огнивом	
самородъ	природный	
самородьнꙑи	природный	
самострастиѥ	острастка	
самострѣлъ	лук особого устройства, вделанный в деревянную соху	
самострѣльнꙑи	прилагательное от самострѣлъ	
самохоть	собственная воля	
самохотьно	по собственной воле	
самохотьнѣ	добровольно	
самъ	особь мужского пола	
самъ	местоимение, заменяющее личное местоимение для более точного определения лица	
самъфиръ	драгоценный камень сапфир	
самъчии	домоправитель	
самъчиꙗ	управитель	
сандалиꙗ	род обуви	
Санктъ-Петербургъ	Санкт-Петербург; город в России, расположенный в дельте Невы, столица Российской империи с 1712 по 1918 год	
сановитъ	высокопоставленный	
санъ	сан	
Санъ-Стефано	Сан-Стефано; место в Турции / перевод Н. Модзелевской, 1949 - НКРЯ	
санъчии	управитель	
сань	дракон	
сань	змей	
саньникъ	лошадь, запряжённая в сани	
саньничии	сановничий	
сапогъ	сапог	
сапфиронъ	сапфир	
сапфиръ	драгоценный камень	
сарафанъ	сарафан; русский национальный женский костюм — платье без рукавов или со вшитыми рукавами из бельевой ткани, а также лёгкое женское платье без рукавов	
сарафанъ	длинный мужской кафтан	
сасъка	плавильная печь	
сасꙑга	плавильная печь	
сасꙑгъ	плавильная печь	
сафирьнꙑи	прилагательное от сафиръ	
сахаръ	сахар	
сбереженіе	сбережение	
сбиваніе	сбивание	
сбившійся	сбившийся	
сбира	отряд войска	
сближающійся	сближающийся	
сближеніе	сближение	
сбывающійся	сбывающийся	
сбывшійся	сбывшийся	
сбѣжавшійся	сбежавшийся	
сварити	укорять	
сварожичь	сын Сварога	
сваръ	распря	
сваръ	ссора	
сварьникъ	сварливый человек	
сватьба	брак	
сватьба	свадьба	
свекрꙑ	свекровь	
сверкающій	сверкающий	
свибливꙑи	шепелявый	
свидѣтельство	свидетельство	
свидѣтельствовавшій	свидетельствовавший	
свила	шёлк	
свинина	свиное мясо	
свиниꙗ	свинья	
свиниꙗ	зоол. свинья	
свинъ	свиной	
свиньць	свинец	
свиньчатꙑи	свинцовый	
свинѧ	поросёнок	
свирати	играть на свирели	
свирити	играть на свирели	
свирьць	тот, кто играет на свирели	
свирѣль	дудка	
свирѣль	свирель	
свирѣпый	свирепый (в разн. знач.)	
свиснꙋти	засвистеть	
свистаниѥ	шипение	
свистаниѥ	свист	
свистати	шипеть	
свита	род одежды	
свитати	светать	
свитина	род одежды	
свитица	род одежды	
свитъка	род одежды	
свищущій	свищущий	
свобаждати	освобождать	
свобода	свобода	
свободити	освободить	
свободитєль	избавитель	
свободитєль	освободитель	
свободовати	пользоваться свободой	
свободъка	слободка	
свобождєниѥ	освобождение	
своискꙑ	по-своему	
своиствовати	иметь своим свойством	
своиствьнѣ	особенно	
своити	предоставлять	
своитина	?	
своить	свойство	
своищина	своищина	
своробъ	зуд	
своѥплємєньникъ	соотечественник	
сврабьнъ	зудящий	
свьсть	сестра жена	
свьтѣниѥ	свет	
свьтѣниѥ	сияние	
свьтѣти	светить	
свьтѣти	давать свет	
связавшій	связавший	
связывающій	связывающий	
связывающійся	связывающийся	
священникъ	священник	
священническій	священнический	
священнослуженіе	священнослужение	
свєкрꙑ	мать мужа	
свєкрꙑ	свекровь	
свєкъла	свекла	
свєкъръ	отец мужа в отношении к снохе, к жене сына	
свєрѣповати	свирепеть	
свєрѣпомаслина	дикая маслина	
свєрѣпъ	свирепый	
свєрѣпьство	неистовство	
свѣдущій	сведущий	
свѣтило	светило	
свѣтило	светильник	
свѣтильникъ	светильник	
свѣтити	светить	
свѣтитєль	несущий свет	
свѣтлѣть	светлеть	
свѣтодатєль	податель света	
свѣтъ	свет	
свѣтъ	свет (во всех значениях)	
свѣтъ	мир / перевод Н. Модзелевской, 1949 - НКРЯ	
свѣтьло	ясно	
свѣтьло	светло	
свѣтьлоносити	надевать светлую одежду	
свѣтьлость	сияние	
свѣтьлость	светлость	
свѣтьлота	блеск	
свѣтьлотворити	наполнять светом духовным	
свѣтьлъ	светлый	
свѣтьлѣ	светло	
свѣтящійся	светящийся	
свѣтꙑчь	факел	
свѣща	свеча (осветительное приспособление)	
свѣщило	лампада	
свѣщьникъ	подсвечник	
свѣщєниѥ	свет	
свѧтило	храм	
свѧтило	святилище	
свѧтити	освятить	
свѧтити	освящать	
свѧтитєль	святитель	
свѧтитєльскъ	святительский	
свѧто	свято	
свѧтопобѣдьникъ	проповедник слова Божия	
свѧтость	освящение	
свѧтость	святость	
свѧтосъдѣлавати	совершать святое дело	
свѧтъ	святой	
свѧтъкъ	праздник	
свѧтьба	освящение	
свѧтьць	святой	
свѧтꙑни	чистота	
свѧтꙑни	святость	
свѧщати	святить	
свѧщеникъ	священник	
свѧщєниѥ	освящение	
свѧщєнодѣтєль	служитель церкви	
свѧщєнодѣꙗти	священнодействовать	
свѧщєноѹчєниꙗ	таинство	
свѧщєнѣ	священно	
сдерживающій	сдерживающий	
сдѣлавшій	сделавший	
сдѣлавшійся	сделавшийся	
сдѣлать	сделать	
сегелъ	вариант сеголъ	
сеголъ	сегол	
селеніе	селение	
сельце	посёлок	
Сергѣевичъ	Сергеевич; мужское отчество от имени Сергѣй (Сергей)	
Сергѣй	Сергей; мужское имя	
сердоликъ	минер. сердолик, карнеол	
сиата	слог	
сивьць	сивый конь	
сивꙑи	тёмно-серый с сединой	
сига	игральная кость	
сиговина	мясо сига	
сидонъ	Сидон	
сидоньскъ	сидонский	
сидящій	сидящий	
сидѣвшій	сидевший	
сидѣть	сидеть	
сии	этот	
сиклосъ	денежная единица у евреев	
сикома	груз	
сикєръ	сикера	
сила	мощь	
сила	сила	
сило	силок	
силолои	дерево алойное	
сильно	самовольно	
сильно	сильно	
сильнъ	сильный	
сильнѣ	сильно	
сильнꙑи	сильный	
сильць	силок	
симоновъ	Симонов	
симъ	название божества древних славян	
сина	Синай	
синаискъ	синайский	
синапръ	горчичное зерно	
синии	синий	
синклитикиꙗ	жена члена синклита	
синкєлъ	церковный чин при Византийских патриархах	
синъ	основа в ткани	
синь	синий цвет	
синьклитъ	собрание	
синьникъ	валяльщик сукна	
синьничии	притяжательное прилагательное от синьникъ	
синій	синий	
синѣти	отличаться иссиня-чёрными волосами	
сионъ	Сион	
сионьскъ	сионский	
сипль	ржа	
сиринъ	название птицы	
сиротина	холоп	
сиротъка	бедняк	
сиротьство	сиротство	
сиръ	осиротевший	
сирѣчь	то есть	
сирꙑи	осиротевший	
сисикъ	Сисик	
сита	мера сыпучих тел у древних евреев	
сито	частое решето	
ситовъ	Сифов	
ситьцє	тростник	
сиции	такой	
сицє	так	
сицєвъ	такой	
сиꙗниѥ	свечение	
сиꙗти	светить	
сиꙗти	сиять	
сказавшій	сказавший	
скакати	скакать	
скалидиꙗ	живой	
скалъка	чашка весовая	
скалъчина	поварня	
скалꙑ	чашка весовая	
скамиꙗ	лавка для сидения	
скань	филигрань	
скарбъ	казна	
скаръ	название рыбы	
скаръпиꙗ	скорпион	
скатєрть	стол	
скачущій	скачущий	
скважьнꙗ	вариант сквожьнꙗ	
сквара	дым	
сквожьнꙗ	отверстие	
сквозѣ	сквозь	
скврьна	нечистоты	
скврьнити	пачкать	
скврьнъ	мерзкий	
скврьньникъ	мерзкий человек	
скврьньнолюбиѥ	тяготение ко греху	
скврьньноꙗдєниѥ	нечистая пища	
скврьнѥниѥ	нечистота	
сквьрнавити	осквернять	
сквьрнавꙑи	нечестивый	
сквьрнити	осквернять	
сквьрность	осквернение	
сквьрнотворити	совершать гнусные дела	
скибєть	кибить	
скила	название особой травы	
скиниꙗ	жилище	
скипєтръ	скипетр	
скирвь	пучок льна	
скитающійся	скитающийся	
склеивающій	склеивающий	
склоненіе	склонение	
склонившій	склонивший	
сковорода	металлическое блюдо, употребляемое для жарки	
сковородъка	уменьшительное от сковорода	
сковрада	сковорода	
скозѣ	сквозь	
скокливꙑи	быстрый	
скокъ	скакун	
скокъльзати	скользить	
сколиꙗ	раковина с улиткой	
сколота	козни	
сколъка	раковина	
скоморохъ	лицедей	
скончавшійся	скончавшийся	
скончаніе	скончание	
скопити	оскопить	
скопьць	скопец	
скопьчина	скопец	
скорбящій	скорбящий	
скорбѣвшій	скорбевший	
скоро	вскоре	
скоро	скоро	
скорониꙗ	висок	
скоропии	скорпион	
скорописьць	скорописец	
скоропиѥ	скорпионы	
скоропиꙗ	скорпион	
скорополѹчьно	удачно	
скоропослѹшливꙑи	покорный	
скоропошьстьнꙑи	удобоподвижный	
скоропꙑтьнѣ	точно	
скоропꙑтьнꙑи	тщательный	
скороразѹмьнꙑи	ловкий	
скоросъльникъ	гонец	
скорота	быстрота	
скорота	скорость	
скороходъ	скороход	
скорошьствьникъ	скороход	
скороꙗвитєльнꙑи	очевидный	
скорпіонъ	скорпион	
скоръ	скорый	
скоръпиосъ	скорпион	
скоръпиꙗ	скорпион	
скорьць	корец	
скорꙑ	скоро	
скорꙑи	быстрый	
скорꙑниꙗ	висок	
скотарь	скотник	
скотина	животное	
скотъ	скот	
скотъ	скотина	
скотьнъ	к животным относящийся	
скотѧ	домашнее животное	
скочити	соскочить	
скочити	прыгнуть	
скочєниѥ	скачок	
скраниꙗ	висок	
скрапиꙗ	скорпион	
скрижаль	доска каменная	
скрина	ковчег	
скриница	ларец	
скроботъ	название растения	
скръбити	мучить	
скръбсти	скорбеть	
скръбь	скорбь	
скръбѣниѥ	забота	
скръбѣти	печалиться	
скрывавшійся	скрывавшийся	
скрывающій	скрывающий	
скрывшійся	скрывшийся	
скрьжьтаниѥ	скрежет	
скрьжьтати	скрежетать	
скрьжьтъ	скрежет	
скрѣнивꙑи	легкомысленный	
скрѣпляющій	скрепляющий	
скърбь	страдание	
скърбѣти	печалиться	
скєвофюкалиꙗ	сокровищница	
скєдиꙗ	ладья	
скѫдо	скудно	
скѫдость	недостаток	
скѫдьльникъ	гончар	
скѫдьльничь	гончарный	
скѫдѣти	скудеть	
скѫпость	скупость	
скѫпъ	скупой	
скѵмьнъ	молодой лев	
скѵѳъ	скиф	
скѹтъ	плат	
скѹтъ	верхняя одежда	
скѹфиꙗ	шапка	
скꙋдѣти	скудеть	
скꙋпо	дорого	
скꙋпѣ	дорого	
скꙑмати	шептать	
скꙑтаниѥ	скитание	
слабити	ослаблять	
слабо	свободно	
слабо	слабо	
слабость	малодушие	
слабость	слабость	
слабота	бессилие	
слабъ	слабый	
слабѣ	лениво	
слабѣти	ослабевать	
слабꙑи	слабый	
слава	слава	
славити	восхвалять	
славити	славить	
славлѥниѥ	останавливание	
славлꙗти	прославлять	
славолюбꙑи	честолюбивый	
славословити	славословить	
славословити	прославлять	
славословиѥ	славословие	
славословєсиѥ	славословие	
славословєствиѥ	славословие	
славословєстити	славословить	
славотворьць	славный своим искусством	
славьно	торжественно	
славьнъ	знаменитый	
славьнѣ	торжественно	
славящійся	славящийся	
славѧ	славящий	
сладити	услаждать	
сладкій	сладкий	
сладовати	доставлять сладость	
сладострастіе	сладострастие	
сладость	сладость	
сладъка	подстилка	
сладъко	сладко	
сладъкъ	сладкий	
сладъцѣ	сладко	
сладьцѣ	сладко	
сламѧ	стропило	
слана	иней	
сланъ	солёный	
сланѹтъкъ	нут	
слапъ	волна	
сластоврѣдиѥ	сластолюбие	
сластолюбьць	сластолюбец	
сластотрьпиѥ	чувственность	
сласть	сладость	
сласть	наслаждение	
сластьно	приятно	
сластьнѣ	с удовольствием	
сластьнꙑи	приятный	
слатина	болото	
слатина	солончак	
слаточьхаръ	?	
слаточьхарь	?	
слатъка	название части речи	
слина	слюна	
слободичь	житель слободы	
слободъка	посад	
слободъчанинъ	житель слободы	
слободьщикъ	слободской староста	
слобожанинъ	житель слободы	
словити	почитать	
слово	слово	
словолюбьць	говорун	
словолюбьць	книжник	
словописатєль	летописец	
словоположьнꙑи	?	
словословити	славословить	
словословєстити	славословить	
словосочиненіе	словосочинение	
словьце	словцо	
словѣнинъ	славянин	
словѣньскъ	славянский	
словꙋтичь	славный	
сломѧ	перекладина	
слоновьнъ	слоновый	
слонъ	слон	
слота	ненастье	
слотъ	мокрый снег	
слоушати	слушать	
служащій	служащий	
служеніе	служение	
служившій	служивший	
случавшійся	случавшийся	
случившійся	случившийся	
слушавшій	слушавший	
слушающій	слушающий	
слъньцє	солнце	
слъньчьнъ	солнечный	
слышавшій	слышавший	
слышаніе	слышание	
слышащій	слышащий	
сльза	слеза	
сльзити	плакать	
сльзовьнꙑи	слёзный	
сльзолюбивꙑи	склонный к слёзам	
сльзьнꙑи	слёзный	
сльпати	течь	
сльꙁа	слеза	
сльꙁити	проливать слёзы	
сльꙁъкъ	липкий	
слѣдити	следовать	
слѣдити	идти следом	
слѣдовавшій	следовавший	
слѣдованиѥ	порядок	
слѣдовать	следовать	
слѣдствіе	следствие	
слѣдующій	следующий	
слѣдъ	след (во всех значениях)	
слѣдъ	след	
слѣзина	селезёнка	
слѣмѧ	бревно	
слѣпати	бить ключом	
слѣпити	ослепить	
слѣпой	слепой (во всех значениях)	
слѣпота	слепота	
слѣпъ	слепой	
слѣпьць	слепец	
слѹга	слуга	
слѹговати	служить	
слѹжимꙑи	тот, которому служат	
слѹжити	служить	
слѹжитєль	почитатель	
слѹжитєль	служитель	
слѹжитєльница	служительница	
слѹжьба	служба	
слѹжєниѥ	прислуживание	
слѹжєниѥ	помощь	
слѹжѧ	служащий	
слѹти	слыть	
слѹтиѥ	репутация	
слѹтьба	слава	
слѹхати	быть подвластным	
слѹхъ	слух; способность слышать	
слѹхъ	уши	
слѹхъ	слух, молва	
слѹшати	слушать	
слꙑшаниѥ	слушание	
слꙑшати	слышать, услышать	
слꙑшатєль	слушатель	
слꙑшитєль	слушатель	
слꙑшѧ	слышащий	
смило	приданое	
смиреніе	смирение	
смиръна	мирра	
смиряющій	смиряющий	
смиряяй	смиряющий	
смисаниѥ	глупость	
смиꙗти сѧ	смеяться	
смокъ	змей	
смокъва	змея	
смокъвиниѥ	смоковницы	
смокъвьница	смоковница	
смокꙑ	смоковница	
смола	смола	
смолина	смола	
смольнꙑи	смоляной	
смородина	смородина	
смородъ	вонь	
смотрящій	смотрящий	
смотрѣвшій	смотревший	
смотрѣніе	смотрение	
смотрѣть	смотреть	
смрадъ	смрад	
смрадьнъ	зловонный	
смрадьнꙑи	мерзостный	
смрьдъ	простой	
смрьдѣти	смердеть	
смрѣчиѥ	кедр	
смрѣчь	кедр	
смущающій	смущающий	
смущеніе	смущение	
смърчь	смерч	
смывающій	смывающий	
смыслъ	смысл	
смыслящій	смыслящий	
смьрдии	прилагательное от смьрдъ	
смьрдовичь	сын смерда	
смьрдъ	мужик	
смьрдьнꙑи	смрадный	
смьрдѣниѥ	вонь	
смьрдѣти	дурно пахнуть	
смьрчь	кедр	
смятеніе	смятение	
смѣина	приданое	
смѣнившійся	сменившийся	
смѣти	осмеливаться	
смѣть	сметь	
смѣховєсєлиѥ	хохот	
смѣхолюбьць	охотник до смеха	
смѣхословьць	весельчак	
смѣхотвориѥ	шутка	
смѣхотворьць	шутник	
смѣхотворєниѥ	возбуждение смеха	
смѣхъ	смех	
смѣющійся	смеющийся	
смѧдꙑи	смуглый	
смѹрꙑи	тёмносерый	
смѹчити	пресмыкаться	
смꙑкати сѧ	ползать	
смꙑкъ	струнный музыкальный инструмент	
снага	усилие	
снагота	стремительность	
снадь	вне	
снастьнꙑи	вооружённый	
снимающій	снимающий	
снисхожденіе	снисхождение	
снити	сходить вниз	
сновати	продевать нити при ткании сквозь онову	
сновидѣніе	сновидение	
снопъ	пучок	
снопъ	сноп	
снъха	жена сына	
снъха	сноха	
снятіе	снятие	
снѣгопадъ	снегопад	
снѣгъ	метеорол. неисч. снег; вид атмосферных осадков в виде небольших хлопьев застывшей воды (снежинок)	
снѣгъ	исч. снег; масса выпавших снежинок, образующая рыхлый, не очень плотный белый слой	
снѣгъ	снег	
снѣденіе	снедение	
снѹбити	сводничать	
снꙋбити	сводничать	
снꙋблєниѥ	сводничество	
снꙋбокъ	сводник	
собака	пёс	
собачии	собачий	
собина	собственность	
собиравшій	собиравший	
собиравшійся	собиравшийся	
собираніе	собирание	
собирающій	собирающий	
собирающійся	собирающийся	
собити	приобретать	
собити сѧ	быть одиноким	
соблазнъ	соблазн	
соблюдающій	соблюдающий	
соблюденіе	соблюдение	
соболь	хищный зверёк	
собравшійся	собравшийся	
собраніе	собрание	
собъ	существо	
событіе	событие	
собьнѣ	особо	
собьнꙑи	особенный	
соваль	собский	
совати	хлестать	
совершавшій	совершавший	
совершающій	совершающий	
совершающійся	совершающийся	
совершеніе	совершение	
совершившій	совершивший	
совершившійся	совершившийся	
совокупленіе	совокупление	
совокупляющійся	совокупляющийся	
совращающій	совращающий	
совращающійся	совращающийся	
совѣсть	совесть	
совѣтникъ	истор. советник	
совѣтующійся	советующийся	
совѣтъ	совет	
согласившійся	согласившийся	
согласованіе	согласование	
согласіе	согласие (во всех значениях)	
соглашавшійся	соглашавшийся	
соглашеніе	соглашение	
согрѣшавшій	согрешавший	
согрѣшающій	согрешающий	
согрѣшеніе	согрешение	
содержавшій	содержавший	
содержаніе	содержание	
содержащій	содержащий	
содержащійся	содержащийся	
содѣйствовавшій	содействовавший	
содѣйствіе	содействие	
содѣлавшій	соделавший	
содѣлывавшійся	соделывавшийся	
соединеніе	соединение	
соединившійся	соединившийся	
соединяющій	соединяющий	
соединяющійся	соединяющийся	
сожалѣніе	сожаление	
сожженіе	сожжение	
сожигавшій	сожигавший	
сожитіе	сожитие	
создавшій	создавший	
созданіе	создание	
созидающій	созидающий	
созрѣвшій	созревший	
сокало	поварня	
сокалъкъ	поварня	
сокачии	повар	
сокачиꙗ	повар	
сокачь	повар	
соколичь	птенец сокола	
соколъ	ловчая хищная птица	
соколъ	сокол	
сокольникъ	соколиный охотник	
сокольнꙗ	место, где содержат соколов	
сокольць	соколёнок	
сокольщина	вид повинности	
сокрушающій	сокрушающий	
сокрушеніе	сокрушение	
сокрушившій	сокрушивший	
сокрывавшійся	сокрывавшийся	
сокрывшій	сокрывший	
сокъ	обвинитель	
сокъ	сок	
солгатъ	испорченное название одиннадцатого мусульманского месяца дзулькаъде	
соленой	вариант соленый	
солига	прут	
солило	блюдо с соусным кушанием	
солищє	месторождение соли	
солиꙗ	возвышение, на котором находится алтарь	
соловаръ	занимающийся вываркой соли	
соловии	соловей	
соловꙑи	светлорыжей масти с белым хвостом и гривой (о лошадях)	
солодъ	хлебное зерно, проросшее и высушенное	
солома	сухой хлебный стебель	
соломоничь	название рыцарей храмовников	
соломѧ	пролив	
соломѧнъка	сорт камки	
солоница	солонка	
солонꙑи	соляной	
солтанъ	титул владетельного государя в Азии	
соль	соль [2]	
сольнꙑи	соляной	
солꙑга	прут	
солꙗнꙑи	соль дающий	
сомнѣвающійся	сомневающийся	
сонъ	сон	
сообщеніе	сообщение	
сооруженіе	сооружение	
сопль	свирель	
сопохъ	труба	
соприкасающійся	соприкасающийся	
сопровождавшій	сопровождавший	
сопротивляющійся	сопротивляющийся	
сопутствовавшій	сопутствовавший	
сопьць	тот, кто играет на свирели	
сопѣль	свирель	
сопѣти	играть на трубе	
сорога	плотва	
сорока	сорока	
сорокоѹстиѥ	сорокадневная заупокойная церковная служба	
сорокоѹстиꙗ	Великий пост	
сорокоѹстъ	сорокадневная заупокойная церковная служба	
сорокъ	сорок	
сорокѹстиꙗ	четыредесятница	
соромата	позор	
соромити	бесчестить	
соромлꙗти	срамить	
соромота	оскорбление	
соромотити	бесчестить	
соромъ	срамъ	
соромьскꙑ	бесстыдно	
соромѧживꙑи	стыдливый	
соромѧжьливꙑи	стыдливый	
сорочии	сорочий	
сорочиньскꙑи	сарацинский	
сорочинꙑ	сорокадневное поминовение усопшего	
сорочица	исподняя рубашка	
сорочька	исподняя рубашка	
сорочькъ	единица счета денежных ценностей	
сосавшій	сосавший	
соснь	сосна	
сосонъ	фиалка	
составившій	составивший	
составленіе	составление	
составляющій	составляющий	
состарѣвшійся	состарившийся	
состоявшійся	состоявшийся	
состояніе	состояние	
состоящій	состоящий	
состраданіе	сострадание	
сострадающій	сострадающий	
состязаніе	состязание	
состязающійся	состязающийся	
сосудъ	сосуд	
сосъна	сосна	
сосъникъ	сосновый лес	
сосъньникъ	сосняк	
сотвореніе	сотворение	
сотворившій	сотворивший	
сотона	сатана	
сотонаилъ	дьявол	
Соумь	Финляндия	
соучастіе	соучастие	
соха	дубина	
сохраненіе	сохранение	
сохранившій	сохранивший	
сохраняющій	сохраняющий	
сочетавшійся	сочетавшийся	
сочетаніе	сочетание	
сочиво	бобовые; чечевица	
сочити	разыскивать	
сочьба	донос	
сочьнꙑи	касающийся еды	
сошька	уменьшительное от соха	
союзъ	союз	
соꙗ	сойка	
спавшій	спавший	
спадшій	спадший	
спасавшій	спасавший	
спасающій	спасающий	
спасающійся	спасающийся	
спасеніе	спасение	
спина	верхняя часть рыбной туши	
спира	военный отряд	
спичька	трость	
сплетающій	сплетающий	
сподобившійся	сподобившийся	
сподъ	группа	
сполиа	добыча	
сполинъ	исполин	
сполъ	исполин	
споръ	спор	
спорящій	спорящий	
спорꙑи	обильный, умножающийся	
спорꙑнꙗ	обилие	
спотыкающійся	спотыкающийся	
спрашивающій	спрашивающий	
спряженіе	спряжение	
спускавшійся	спускавшийся	
спускающійся	спускающийся	
спящій	спящий	
спєкѹлаторъ	тюремный страж	
спѣвати	спешить	
спѣти	преуспевать	
спѣхъ	усердие	
спѣхъ	старание	
спѣшити	стремиться	
спѣшити	спешить	
спѣшитєль	споспешник	
спѣшьно	усердно	
спѣшьнъ	усердный	
спѣшьнѣ	усердно	
спѣшєниѥ	стремление	
спѫдъ	сосуд	
спꙑти	напрасно	
срагꙑи	ужасный	
сражавшійся	сражавшийся	
сраженіе	сражение	
срака	сорока	
сракꙑ	сорочка	
срамило	позор	
срамити	пристыдить	
срамословьникъ	непристойно говорящий	
срамота	срам	
срамъ	срам	
срамьно	позорно	
срамьнъ	срам прикрывающий	
срамьнѣ	постыдно	
срамьнѣ	позорно, постыдно	
срамѣти	бесчестить	
срацини	сарацины	
срациньскъ	сарацинский	
срачии	сорочий	
срачица	нижняя одежда	
средній	средний	
сродникъ	сродник	
сръдьцє	вариант срьдьцє	
сръпъ	вариант срьпъ	
срьбаниѥ	похлёбка	
срьдоболꙗ	родня	
срьдьцє	сердце	
срьдьцєвѣдьць	знаток души	
срьдьчьнъ	сердечный	
срьна	косуля	
срьпъ	серп	
срєбро	серебро	
срєбролюбꙑи	корыстолюбивый	
срѣда	среда (день недели)	
срѣда	с(е)редина	
срѣдовѣчь	человек средних лет	
срѣдоговѣниѥ	середина великого поста	
срѣдоградиѥ	оплот	
срѣдодвьриѥ	внутренний двор	
срѣдоложєниѥ	промежуток	
срѣдѣ	посреди	
срѣдѹдвориѥ	внутренний двор	
срѣмъ	Срем, Сирмий	
срѣмьскъ	сирмийский	
срѣновати	пустословить	
срѣнъ	белый	
срѣнꙑи	белый	
срѣтеніе	сретение	
срѣчька	поединок	
ставати	становиться	
ставило	якорь	
ставило	весы	
ставити	ставить	
ставити	остановить	
ставливати	строить	
ставлѥниѥ	останавливание	
ставлꙗти	ставить	
ставлꙗти	наставлять	
ставшій	ставший	
ставящій	ставящий	
стадо	стадо	
стадьцє	уменьшительное от стадо	
стакти	вид благовонной смолы	
сталъꙗ	название крюкового знака	
станиѥ	ограда	
становьникъ	устроитель	
становьщикъ	начальник стана	
становящійся	становящийся	
станъ	стан (во всех значениях)	
станъ	стан; в знач. место временного расположения, лагерь	
стараніе	старание	
старающійся	старающийся	
старецъ	старец	
старина	старина	
стариса	название крюкового знака	
старица	женщина	
старостити	занимать должность старосты	
старость	старость	
старъ	старый	
старьць	старик, старец	
старьчь	старческий	
старѣишина	начальник	
старѣишина	старейшина	
старѣишиньство	чин	
старѣишиньствовати	управлять	
старѣйшина	старейшина	
старѣющій	стареющий	
старꙑи	опытный	
стати	устоять	
статиръ	название греческой моненты	
статиꙗ	подставка	
стафиль	виноград	
стаꙗ	стойло	
стаꙗти	останавливаться	
стекающій	стекающий	
стенаніе	стенание	
стерегущій	стерегущий	
стеречи	стеречь	
стерпѣть	стерпеть	
стеченіе	стечение	
стихарь	одежда	
стихиꙗ	основное вещество	
стихологисати	петь по стихам псалмы	
стихословиѥ	стихословие	
стихъ	строка	
стихъ	стих	
стичи	достичь	
стлъпотворѥниѥ	строительство столпа	
стлъпъ	башня	
стлъпьникъ	столпник	
стобориѥ	колоннада	
стогъ	куча	
стогъ	стог	
стожаръ	шест, втыкаемый в земли посреди стога	
столовꙑи	относящийся к столу - к обеду	
столъ	стол (во всех значениях)	
столъ	княжеский или царский престол, епископская кафедра, также в перен. смысле как символ власти светской или духовной	
столъ	церковный престол	
стольникъ	престоятель	
стольць	стул	
столѣтній	столетний	
стомахъ	желудок	
стонати	стонать	
стопа	стопа	
сторовъ	здоровый (древненовгородский диалект)	
сторовꙑи	здоровый	
сторожа	охрана	
сторожии	?	
сторожь	привратник	
сторожькъ	весовая стрелка	
сторожьница	стрелка весовая	
сторожьнꙗ	сторожка	
сторожєвьщина	сторожевая повинность	
сторожєвꙑи	сторожевой	
сторона	сторона	
стороникъ	странник	
сторонь	подле	
стороньнии	боковой	
стороньникъ	странник	
стороньщикъ	доброволец	
стоящій	стоящий	
стоѩ	стоящий	
стоꙗло	ступень	
стоꙗниѥ	стояние	
стоꙗти	стоять	
стоꙗчии	находящийся в стоячем положении	
страва	довольствие	
страдавати	бедствовать	
страдавшій	страдавший	
страдалецъ	страдалец	
страданиѥ	мучение	
страданіе	страдание	
страдати	страдать	
страдающій	страдающий	
страдодавьць	подвигоположник	
страдолюбьць	трудолюбивый	
стража	стража	
страждущій	страждущий	
стражь	страж	
страмъ	срам	
страна	сторона	
странникъ	странник	
странствующій	странствующий	
странь	подле	
страньникъ	странник	
страньно	странно	
страньнолюбиѥ	гостеприимство	
страньноприимьникъ	приниматель странников	
страньноприимьць	гостеприимный человек	
страньнъ	странный	
страньствити	приютить	
страстодавьць	подвигоположник	
страстоносьць	страдалец	
страстоположитєль	подвигоположник	
страстотрьпьць	мученик	
страсть	страдание	
страсть	страдания, лишения	
страсть	боль, болезнь, физическое страдание, мучения	
страстьникъ	мученик	
страстьничьскъ	мученический	
страстьнъ	мучительный	
стратигъ	военачальник	
стратилатъ	военачальник	
страхованиѥ	внушающее страх	
страхъ	боязнь	
страхъ	страх	
страшивъ	боящийся	
страшивꙑи	боязливый	
страшило	пугало	
страшити	пугать	
страшити	страшить	
страшьнъ	страшный	
страшьнꙑи	ужасный	
страѳиꙗ	название крюкового знака	
страꙗти	устраивать	
стремленіе	стремление	
стремящійся	стремящийся	
стрибогъ	бог ветра	
стригольникъ	стригач	
стригущій	стригущий	
стригъ	стриженная шерсть	
стриженіе	стрижение	
стрика	дядя	
стричи	постригать в монахи	
стришти	стричь	
стрищи	стричь	
строгій	строгий	
строеніе	строение	
строжа	сердцевина	
строи	порядок	
строино	благополучно	
строинѣ	как следует	
строити	строить	
строити	устраивать	
строитєль	создатель	
строитєльство	управление	
строка	точка	
строкъ	центавр	
стропъ	кровля	
стропъ	крыша	
строфингъ	хвост	
строчити	вышивать плотным швом	
строющій	строящий	
строѥниѥ	управление	
стръгати	строгать	
стръмьнина	обрыв	
стръпътивъ	искривлённый	
стръпътьно	строго	
стръшьнь	шершень	
стрькъ	лебедь	
стрьмлѥниѥ	поток	
стрьмоглавь	вниз головой	
стрьмь	вполне	
стрьмѧ	знак в бортном знамении	
стрѣкало	острие	
стрѣкало	жало	
стрѣкати	жалить	
стрѣла	стрела (в разн. знач.)	
стрѣла	стрела	
стрѣлити	выстрелить	
стрѣлъка	молния	
стрѣль	перестрел	
стрѣльба	стреляние	
стрѣляющій	стреляющий	
стрѣлꙗти	стрелять	
стрѣтити	встретить	
стрѣча	случай	
стрѣчєниѥ	точка	
стрѣшти	сторожить	
стрѹга	течение	
стрѹмица	Струмица	
стрѹпивъ	прокажённый	
стрѹпивꙑи	раненый	
стрѹпъ	струп, рана	
стрѹсъ	страус	
стрѹꙗ	поток	
стрꙑи	брат отца	
стрꙑичичь	сын дяди	
стучащій	стучащий	
стучащійся	стучащийся	
стъгна	площадь	
стъкати	сообщить	
стълпъ	столб	
стълпьць	небольшой столб	
стъпица	ткацкий челнок	
стъпль	свинья	
стыдящійся	стыдящийся	
стьблиѥ	стебли	
стьбло	стебель	
стьбло	ствол	
стьбль	ствол	
стьжька	дорожка	
стьза	путь	
стьзъка	название крюкового знака	
стьзꙗ	тропа	
стькло	стекло	
стьклѣница	чаша	
стьклѧникъ	стеклодел	
стьлати	постилать	
стьлати	стлать	
стьрвь	труп	
стьркъ	аист	
стьѕа	стезя	
стяжаніе	стяжание	
стєгно	бедро	
стєжєръ	столб	
стєлька	покрышка	
стєнаниѥ	стенание	
стєнати	стенать	
стєрєчи	стеречь	
стѣна	стена (во всех значениях)	
стѣна	стена	
стѣна	скала	
стѣнъка	стенка	
стѣсненіе	стеснение	
стѣснить	стеснить	
стѧговьникъ	боевое знамя	
стѧгъ	боевое знамя	
стѧжькъ	знаменщик	
стѫпаниѥ	шаг	
стѫпати	поступать	
стѫпити	ступить	
стѵхиѥ	стихия	
стѵхиꙗ	стихия	
стѹденьць	колодец	
стѹдити	охлаждать	
стѹдодѣꙗниѥ	распутство	
стѹдоложьство	распутство	
стѹдоложьствьнꙑи	распутный	
стѹдотворьць	недостойно поступающий	
стѹдъ	стыд	
стѹдьнъ	омерзительный	
стѹдєнъ	холодный	
стѹдєньць	колодец	
стѹракина	тополь	
стѹхиꙗ	вещественное начало	
стꙋкъ	шум	
стꙋпа	ступа	
стꙋпити	ступить	
стꙋпъка	ступка	
стꙋчати	шуметь	
стꙑдость	бесстыдство	
стꙑдъкъ	бесстыдный	
стꙑдѣниѥ	позор	
стꙑдѣти сѧ	стыдиться	
субботный	субботний	
судящій	судящий	
суевѣріе	суеверие	
сужденіе	суждение	
сутьба	то же, что судьба	
существовавшій	существовавший	
существованіе	существование	
существующій	существующий	
сущій	сущий	
сфєкло	стекло	
сходящій	сходящий	
схолъ	отряд дворцовой стражи	
сцѣгло	особо	
сцѣгло	отдельно	
сцѣглꙑи	единый	
счести	сосчитать	
счисленіе	счисление	
считавшійся	считавшийся	
считающій	считающий	
сшивающій	сшивающий	
съ	с	
събивати	сгонять	
събираниѥ	собирание	
събирати	собирать	
събити	согнать	
събити	избить	
съблаговолити	одобрить	
съблажити	сделать добро	
съблажнꙗти	соблазнять	
съблазнити	ввести в грех	
съблазнъ	соблазн	
съблазнь	соблазн	
съблазньнꙑи	вводящий в ошибки	
съблазнєниѥ	соблазн	
съблаꙁнити	одурманить	
съблаꙁнъ	искушение	
съблюдати	сохранять	
съблюдати	оберегать	
съблюдатєль	блюститель	
съблюдєниѥ	охранение	
съблюсти	сберечь	
съблюстєль	блюститель	
съблѫдити	предаться разврату	
съблѫждєниѥ	прелюбодеяние	
съблꙋдити	уклониться	
събои	боец	
съборовати	служить торжественную литургию с совершением обряда чина православия	
съборъ	собирание	
съборъ	собрание	
съборьникъ	собиратель	
съборьникъ	Проповедник	
съборьнъ	всеобщий	
съборьць	противоборец	
съборѧнинъ	принадлежащий к причту соборного храма	
събости	забодать	
събрати	собрать	
събратити	побратать	
събръвити	досадить	
събръснꙋти	стереть	
събрꙑсати	счистить	
събърати	вариант събьрати	
събьраниѥ	сбор	
събьрати	собрать	
събєꙁначѧльнъ	вечный	
събѣдити	убедить	
събѣдовати	попасть в опасность	
събѣжати	убежать	
събѣжь	сборище	
събꙑвати сѧ	происходить	
събꙑти сѧ	произойти	
съвабити	привлечь	
съвада	спор	
съвада	распря	
съвадивꙑи	склонный к клевете	
съвадити	устроить	
съвадитєль	поселяющий раздор	
съвадьникъ	вздорный человек	
съваждати	подстрекать	
съваживати	ссорить	
съвалъмъ	металлический шарик	
съвалꙗти	свалять	
съварити	сварити	
съвивати	обманывать	
съвивати	свивать	
съвидѣти	признать	
съвинити	обвинить	
съвити	сплести	
съвити	скатать	
съвитъкъ	свиток	
съвитъчьнъ	кондак	
съвладѣти	быть в состоянии	
съвлажити	омочить	
съвласти	владеть	
съвласти	господствовать	
съвлачити	снимать	
съвлѣщи	раздеть	
съводити	доводить	
съводьць	небольшой свод	
съвозити	привозить из разных мест в одно	
съвоинъ	соратник	
съволокъ	потолочная балка	
съволочи	снять	
съволочити	раздеть	
съвратити	повернуть	
съвращати сѧ	устремляться	
съврьшати	осуществлять	
съврьшити	исполнить	
съврьшитєль	свершитель	
съврьшєниѥ	исполнение	
съврьшєнъ	совершенный	
съврьшєнѣ	вполне	
съврѣдиѥ	сострадание	
съврѣти	вскипеть	
съврѣшти	низвергнуть	
съврѣщи	скинуть	
съвторъ	действие	
съвъводити	приводить	
съвъзблистати	воссиять	
съвъити	сойти	
съвъкѹпити	соединить	
съвъкѹплѥниѥ	единство	
съвъкѹплꙗти	объединять	
съвъмѣстити	разрешить	
съвъплъчєниѥ	ряды	
съвъпрашати сѧ	спрашивать (друг друга)	
съвъскрьснѫти	воскреснуть	
съвъскрьснꙋти	вместе воскреснуть	
съвъставити	восстановить	
съвъстаꙗти	вместе воскресать	
съвъсходити	совосходить	
съвъсхꙑтити	похитить	
съвъꙁдвигнѫти	воскресить	
съвъꙁдрьжьникъ	сподвижник	
съвьрсть	сверстник	
съвьрховати	совершать	
съвьршити	довершить	
съвьршитєль	совершитель	
съвьрѣти	развариться	
съвєсти	соединить	
съвѣдъчити	уведомлять	
съвѣдь	знание	
съвѣдь	совесть	
съвѣдѣниѥ	подтверждение	
съвѣдѣтельствовати	свидетельствовать	
съвѣдѣти	понимать	
съвѣдѣтєль	очевидец	
съвѣдѣтєль	свидетель	
съвѣдѣтєльствиѥ	свидетельство	
съвѣдѣтєльство	свидетельство	
съвѣдѣтєльствовати	свидетельствовать	
съвѣсити	свесить	
съвѣсити	опустить	
съвѣстити	сообщить	
съвѣстовати	свидетельствовать	
съвѣсть	разумение	
съвѣсть	совесть	
съвѣстьница	сомысленница	
съвѣстьнъ	осознанный	
съвѣстьствовати	свидетельствовать	
съвѣстєль	сведущий	
съвѣтовати	советовать	
съвѣтъ	совет	
съвѣтьникъ	советник	
съвѣтьница	дом для собрания совета	
съвѣщавати	возвещать	
съвѣщавати	советовать	
съвѣщати	советовать	
съвѧзаниѥ	запрещение	
съвѧзати	связать	
съвѧзьникъ	узник	
съвѧзѣти	быть связанным	
съвѧзꙑвати	связывать	
съвѧсло	вязка	
съвѧсльцє	пучок	
съвѧꙁати	связать	
съвѧꙁовати	связывать	
съвѧꙁьнь	узник	
съвѫзъ	связь	
съвꙋзьнꙗ	связь	
съвꙑчаи	привычка	
съвꙑшьнь	вышний	
съвꙑшє	сверху	
съгадати	обдумать	
съгадъка	соглашение	
съгарати	сгорать	
съгвоздити	прикрепить	
съглаголати	высказать	
съглагольница	собеседница	
съгласити	быть единодушным	
съгласьно	стройно	
съгласьно	единогласно	
съгласьнъ	согласный	
съгласьнѣ	подобно	
съглѧдати	оглядеть	
съглѧдъ	разведка	
съгнивати	гнить	
съгнилꙑи	гнилой	
съгнити	сгнить	
съгноити	погубить	
съгнєсти	сдавить	
съгнѣвати	разгневать	
съгнѣтити	зажечь	
съговорити	условиться	
съговоръ	договор	
съгода	счастье	
съгонити	прогнать	
съгорѣти	сгореть	
съготовати	приготовить	
съготовити	приготовить	
съградити	построить	
съгръждати сѧ	стягиваться	
съгръздити	ввергнуть в уныние	
съгрѣвати	согревать	
съгрѣза	ошибка	
съгрѣти	согреть	
съгрѣти сѧ	разгорячиться	
съгрѣшати	грешить	
съгрѣшити	согрешить	
съгрѣшєниѥ	грех	
съгрѣꙁити	распростереться	
съгрꙋбити	нагрубить	
съгъбати	согнуть	
съгънѫти	согнуть	
съгънꙋти	согнуть	
съгърсть	сноп	
съгѹбꙑи	двоякий	
съгꙋстити	сделать густым	
съдобрити	уладить	
съдолѣти	победить	
съдолѣти	одолеть	
съдомьникъ	вместе живущий	
съдоровиѥ	здоровье	
съдостоꙗнъ	соответствующий	
съдравати	рассекать	
съдравиѥ	здоровье	
съдравъ	здоровый	
съдробити	раздробить	
съдрьжати	держать	
съдрѹжити	сдружить	
съдрꙋчити	измучить	
съдьржатаи	правитель	
съдєлѣвати	одолевать	
съдєлѣти	одолеть	
съдѣвати	совершать	
съдѣвати	делать	
съдѣиство	содействие	
съдѣиствовати	содействовать	
съдѣиствьникъ	соратник	
съдѣланиѥ	совершение	
съдѣлати	сделать	
съдѣлованиѥ	изделие	
съдѣловати	устраивать	
съдѣльнꙑи	действенный	
съдѣтєль	совершитель	
съдѣтєль	творец	
съдѣтєльнъ	созидательный	
съдѣꙗниѥ	действие	
съдѣꙗти	сделать	
съдѣꙗти	совершить	
съдꙑханиѥ	единомыслие	
съжагати	сжигать	
съжалити	притеснять	
съжалѣти	обижать	
съживати	пережёвывать	
съжигати	сжигать	
съжизати	сожигать	
съжимати	сжимать	
съжимати	делать крепким	
съжитєль	вместе живущий	
съжиꙃати	сжигать	
съжь	Сож	
съжєжєниѥ	сожжение	
съжєшти	сжечь	
съжєщи	сжечь	
съжѧти	сжать	
съзажда	сзади	
съзвонити	собрать звоном	
съзидати	созидать	
съзнавати	признавать	
съзобати	съесть	
съзорити	довести до зрелости	
съзъвати	призвать в одно место	
съзълити	принести горе	
съзьданиѥ	создание	
съзьдати	создать	
съзьдатєль	создатель	
съзьрѣти	посмотреть	
съзꙑвати	собирать	
съиграть	сыграть	
съказаниѥ	сообщение	
съказати	сказать	
съказати	истолковать	
съказъ	сказание	
съказꙑвати	говорить	
съкаꙁаниѥ	истолкование	
съкаꙁати	разъяснить	
съкаꙁатєль	истолкователь	
съкаꙁовати	рассказывать	
съкладати	собирать	
съкладотворьць	сочинитель	
съкладꙑвати	полагать	
съкласти	сложить	
съклочити	истратить	
съклюдити	сблудить	
съключаи	случайность	
съключити	связать	
съклѣстити	стиснуть	
съклѣщати	давить	
съклѣщити	сдавить	
съклѧчити	скорчить	
съколота	смута	
съконьчавати	оканчивать	
съконьчавати	завершать	
съконьчаниѥ	завершение	
съконьчати	окончить	
съконьчати	закончить	
съкопити	собрать	
съкоромолити	наклеветать	
съкоротити	сократить	
съкратити	сократить	
съкривити	погрешить	
съкривливати	кривить	
съкровищє	тайник	
съкровъ	убежище	
съкровьнъ	тайный	
съкроити	рассечь	
съкръвєно	твёрдо	
съкрѹшати	сокрушать	
съкрѹшити	сломать	
съкрѹшити	разбить	
съкрѹшєниѥ	сокрушение	
съкрꙋпити	истреблять	
съкрꙋта	одежда	
съкрꙋтити	одеть	
съкрꙑвати	прятать	
съкрꙑдати	изъять	
съкрꙑти	спрятать	
съкрꙑти	утаить	
съкърмити	прокормить	
съкърчити	скорчить	
съкѫтати	смирить	
съкѹпити	подкупить	
съкѹпити	собрать	
съкѹплѥниѥ	воссоединение	
съкꙋпонити	соответствовать	
съкꙑнꙋти	сбросить	
съкꙑпѣти	брызнуть	
сълагати	слагать	
сълагати	складывать	
сълазити	спускаться	
съламати	истязать	
съламлꙗти	ломать	
сълати	посылать, направлять	
сълати	посылать	
сълаꙁити	сходить	
сълаꙁъ	спуск	
съливати	соединять	
съликъствовати	разделять радость	
съличиѥ	существо	
съличь	друг за другом	
съличьно	равно	
сълиꙗти сѧ	слиться	
сълньчии	солнечный	
сълогъ	дар речи	
сълогънꙗ	слово	
съложити	собрать	
съложити	сложить	
съложити сѧ	согласиться	
съложь	супруга	
съложєниѥ	договор	
съломити	снести	
съломити	сломать	
сълъ	посланец	
сълъ	посол	
сълъгати	солгать	
сълъгатєль	лжец	
съльба	посольство	
съльство	посольство	
съльстити	обмануть	
сълюбити	условиться	
сълюбъ	договор	
сълєжати	быть больным	
сълєжати	лежать	
сълєтѣти	слететь	
сълєчи	слечь	
сълѣпити	склеить	
сълѣсти	слезть	
сълѧцати сѧ	корчиться	
сълѧщи	скорчить	
сълѫкъ	согбенный	
сълѹчаи	случай	
сълѹчати сѧ	случаться	
сълѹчити	встретить	
сълѹчити сѧ	совершиться	
сълꙑгати	лживо вымышлять	
съмазати	скрепить смазкой	
съматрꙗти	смотреть	
съмилити сѧ	смилостивиться	
съмилѣти	отощать	
съмирити	смирить	
съмирити	примирить	
съмирѥниѥ	примирение	
съмлъвити	уговорить	
съмлѣти	сжевать	
съмлѣти	смолоть	
съмолоти	смолоть	
съмотрити	смотреть	
съмотрьливъ	ласковый	
съмотрьливьнъ	обслуживающий	
съмотрьно	сообразно	
съмотрѣти	смотреть	
съмотрѥниѥ	забота	
съмотрꙗти	следить	
съмочити	увлажнить	
съмрьзнѫти сѧ	замёрзнуть	
съмрьтоносьнъ	смертоносный	
съмрьть	смерть	
съмрьтьнъ	смертный	
съмрьꙁєниѥ	окоченение	
съмъкнꙋти	стащить	
съмълва	соглашение	
съмълвити	уговорить	
съмьжарити	смежить	
съмьжити	смежить	
съмьртоносьць	убийца	
съмьрть	прекращение жизни	
съмьртьнꙑи	причиняющий смерть	
съмьртьство	смертность	
съмьчьтати	испестрить	
съмєсти	сгрести	
съмєтати	сбросить	
съмѣжати	смыкать	
съмѣжити	смежить	
съмѣнити	обменять	
съмѣнꙗти	обменить	
съмѣра	мера	
съмѣривати	размерять	
съмѣрити	обуздать	
съмѣрити	смирить	
съмѣрьникъ	смиренный человек	
съмѣрьно	смиренно	
съмѣрєномꙋдриѥ	соединение мудрости со смирением	
съмѣрєномꙋдрьство	соединение мудрости со смирением	
съмѣрєномꙑслиѥ	смирение	
съмѣрєнотѣльнꙑи	слабый телом	
съмѣрєнꙑи	соразмерный	
съмѣрѥниѥ	смиренность	
съмѣрѥнъ	смиренный	
съмѣрꙗти	смирять	
съмѣсити	смешать	
съмѣсъ	соединение	
съмѣсь	вместе	
съмѣсьникъ	живущий вместе	
съмѣсьнꙑи	смешанный	
съмѣтати	низвергать	
съмѣти	осмеливаться	
съмѣти	сметь	
съмѣшаниѥ	смешение	
съмѣшати	смешать	
съмѣшати	смешивать	
съмѣшєниѥ	смесь	
съмѣшєнь	перевод имени Вавилон	
съмѧсти	опечалиться	
съмѧтениѥ	смятение	
съмѧтєниѥ	смятение	
съмѫтити	привести в замешательство	
съмѫщаниѥ	смятение	
съмѫщати	приводить в смятение	
съмѫщєниѥ	волнение	
съмꙋтити	взволновать	
съмꙑвати	ворожить, обмывая водой	
съмꙑслити	рассуждать	
съмꙑслити	думать	
съмꙑслъ	рассудок	
съмꙑсль	мысль	
съмꙑсльно	воздержно	
съмꙑсльно	разумно	
съмꙑсльнъ	разумный	
съмꙑсльнѣ	разумно	
съмꙑшлꙗти	размышлять	
сънабъдѣвати	охранять	
сънабъдѣти	сохранить	
сънабъдѣти	сберечь	
сънарицати	одинаково называть	
сънизъити	сойти	
сънимати	соединять	
сънимати сѧ	собираться	
сънискати	приобретать	
сънити	сойти	
сънити	спуститься	
сънити сѧ	собраться	
сънитиѥ	схождение	
съничити	падать	
съниѥ	сон	
съновидимꙑи	видимый во сне	
съновидьць	сновидец	
сънозити	оцарапать	
сънорити	сбросить	
съносити	разрушить	
съносъ	кража	
сънъ	сон	
сънъливꙑи	охотно спящий	
съньмищє	собрание	
съньмъ	собрание	
съньнꙑи	относящийся ко сну	
сънєглꙗдати	отвращаться	
сънєлико	сколько	
сънємагати	изнемогать	
сънєсти	принести	
сънєсти	снести	
сънѣдати	пожирать	
сънѣдотворьць	повар	
сънѣдь	корм	
сънѣдьнъ	съестной	
сънѣдєниѥ	еда	
сънѣсти	съесть	
сънѧти	снять	
сънѧти сѧ	собраться	
сънѧтиѥ	снимание	
сънѹзити	пронзить	
сънѹꙁьнъ	конный	
сънꙋзина	конница	
съоблѣщи	одеть	
съобразьно	соответственно	
съобраꙁьнъ	подобный	
съобьщити	передать	
съодолѣти	усилиться	
съодѣти	раздеть	
съострити	соскоблить	
съосꙋдити	осудить вместе с кем-либо	
съпадати	спадать	
съпакостити	повредить	
съпаниѥ	сон	
съпаниѥ	спаньё	
съпасати	избавлять	
съпаситєль	спаситель	
съпаситєлѥвъ	к спасителю относящийся	
съпасовъ	спасителев	
съпаства	избавление	
съпасти	упасть	
съпасти	спасти	
съпасъ	спасение	
съпасъ	спаситель	
съпасьнъ	спасительный	
съпасєниѥ	избавление	
съпати	спать	
съписаниѥ	писание	
съписати	описать	
съпихнꙋти	свергнуть	
съплатити	заплатить	
съплитати	сплетать	
съплємєньникъ	соплеменник	
съплєсканиѥ	создание	
съплєскати	слепить	
съплєсти	свить	
съплєсти	сплести	
съплєтнꙗ	сеть	
съплєтъкъ	плетение слов	
съплєтьнꙗ	сеть	
съплѣснивѣти	заплесневеть	
съплѣтати	сплетать	
съпоболѣти	вместе пострадать	
съпобрати	помочь в борьбе	
съповѣданиѥ	исповедание	
съповѣдати	поведать	
съповѣдатєль	повествователь	
съповѣдовати	сообщать	
съповѣдѣти	поведать	
съпогрєти	похоронить вместе	
съподвизальць	подвижник	
съподвизати	помогать	
съподобити	сподобить	
съподобити	удостоить	
съподоблѥниѥ	удостоение	
съподоблꙗти	удостаивать	
съпожити	жить вместе с кем-либо	
съпожити	пожить	
съпознати	ознакомить	
съполокати	выполаскивать	
съпомагати	помогать	
съпомочи	помочь	
съпомьнѣти	помнить	
съпона	помеха	
съпонъка	запонка	
съпонєсти	приравнять	
съпор	несогласие	
съпоринꙋти	побудить	
съпосадити	посадить вместе с кем-либо	
съпосивиѥ	красноречие	
съпослѹховати	свидетельствовать	
съпоспѣшьникъ	сотрудник	
съпостигнꙋти	достигнуть	
съпостижимꙑи	постижимый	
съпохвалити	одобрить	
съправити	сверить	
съпраꙁдьньствовати	праздновать совместно	
съпридъ	прибыль	
съприимьникъ	соучастник	
съприити	сойтись	
съприсносѫщьнъ	вечный	
съприснотєкꙑ	постоянно текущий	
съпричѧстьникъ	сообщник	
съпровадити	отправить	
съпроисходити	происходить	
съпросити	спросить	
съпрославлꙗти	вместе славить	
съпроста	вполне, целиком	
съпрьва	сперва	
съпрѣбꙑвати	оставаться	
съпрѣкꙑ	поперёк	
съпрѣстольнъ	совладычествующий	
съпрѧгнѫти сѧ	пожениться	
съпрѧжити	высушить на огне	
съпрѧтати	остановить	
съпрѧщи сѧ	пожениться	
съпъ	насыпь	
съпьрѣти сѧ	вступить в спор	
съпьсати	написать	
съпьсати	записать	
съпьхнꙋти	столкнуть	
съпѣти	спеть	
съпѧ	спящий	
съпѧти	стреножить	
съпѹскати	отправлять	
съпѹстити	ниспослать	
съпѹстити	спустить	
съпѹщєниѥ	ниспослание	
съпꙑтати	разузнавать	
съработьникъ	сотрудник	
сърадовати сѧ	радоваться вместе	
съразити	сбросить	
съразъ	столкновение	
сърастити	соединить в одно	
сърасꙋдити	посоветоваться	
съраꙁѹмѣниѥ	разумение	
съринѫти	сбросить	
съринꙋти	сбросить	
съристаниѥ	сборище	
съристати сѧ	собираться	
сърицати	договариваться	
съродьникъ	родственник	
съродьница	родственница	
съродьць	родственник	
сърока	точка	
сърокъ	срок	
съронити	уронить	
сърьвьность	соревнование	
сърєчи	сговориться	
сърѣзити	приобрести прибыль	
сърѣсти	встретить	
сърѣтаниѥ	направление	
сърѣтати	встречать	
сърѣтити	встречать	
сърѣтєниѥ	шествие	
сърѧдити	обуздать	
сърѧща	нападение	
сърꙋбити	построить дом из дерева	
сърꙑскꙑвати	сбегаться	
съсадити	ссадить	
съсати	сосать	
съскочити	соскочить	
съставити	собрать	
съставити	образовать	
съставлѥниѥ	собрание	
съставлꙗти	собирать	
съставлꙗти	устраивать	
съставъ	ипостась	
съставьникъ	защитник	
състарѣти сѧ	состариться	
състати сѧ	собраться	
състичи	догнать	
състольникъ	сподвижник	
състольникъ	помощник	
състоꙗниѥ	настойчивость	
състоꙗти сѧ	держаться	
състраꙗти	приготовлять	
състричи	состричь	
състроити	устроить	
състроити	приготовить	
състрѣлити	застрелить	
състрѣлꙗти	поражать	
състрѣлꙗти	стрелять	
състѫпити сѧ	сомкнуться	
състꙋпити	спуститься	
съсъ	сосец	
съсъ	грудь	
съсъдѣлѣти	преодолеть	
съсъкрꙑти	скрыть	
съсъкъ	сосец	
съсълати	отослать	
съсъмотрити	осмотреть	
съсъхнѫти сѧ	высохнуть	
съсъхнꙋти	иссохнуть	
съсьць	сосок	
съсѣдати сѧ	запекаться	
съсѣдѣти	жить по соседству	
съсѣкати	отсекать	
съсѣсти сѧ	свернуться	
съсѣтити	посетить	
съсѣчи	отрубить	
съсѣшти	отсечь	
съсѣщи	отсечь	
съсѫдъ	сосуд	
съсѫждати	обеспечивать	
съсѫмьнѣти сѧ	следить	
съсѫщьнъ	единосущный	
съсꙋдина	посудина	
съсꙋпъ	коршун	
съсꙋщити	дать существование	
съсꙑ	сосущий	
съсꙑлати	посылать	
съсꙑлъка	поездка с деловым поручением	
сътварꙗти	приготовлять	
сътварꙗти	совершать	
сътворити	сделать	
сътворити	сотворить	
сътворъ	действие	
сътворѥниѥ	осуществление	
сътврьдити	скрепить	
сътискати	стиснуть	
сътискати	стискивать	
сътиснꙋти	сжать	
сътлѣшти	раздробить	
сътлѣщи	разбить	
съто	сотня	
съто	сто	
сътократицєѭ	стократно	
сътомити	изнурить	
сътонога	стоног	
съторицєѭ	стократно	
сътравати	злоумышлять	
сътравити	вытравить узор на металле	
сътрьпѣниѥ	стойкость	
сътрьпѣти	вытерпеть	
сътрьти	искрошить	
сътрѣбити	уничтожить	
сътрѣбити	счистить	
сътрѣблꙗти	уничтожать	
сътрѣти	раздробить	
сътрѧсати	сотрясать	
сътрѧсти	сотрясти	
сътрꙑти	сокрушить	
сътъ	пчелиный сот	
сътъ	пчелиные соты	
сътъкати	ссучить	
сътъкати	передать	
сътъкнꙋти	ткнуть	
сътъргнꙋти	сорвать	
сътъчьнити	сравнить	
сътьлѣти	исчезнуть	
сътьникъ	сотник	
сътьница	сотня	
сътьнъ	сотый	
сътьрпѣти	переждать	
сътєщи сѧ	сойтись	
сътѣсьнити	притеснить	
сътѧгнѫти	стянуть	
сътѧгнꙋти	стянуть	
сътѧжаниѥ	приобретение	
сътѧжати	удержать	
сътѧзати	приобрести	
сътѧти	отрубить	
сътѫжаниѥ	угнетение	
сътѫжати	унывать	
сътѫжити	подавить	
сътѫжєниѥ	терзание	
сътꙋжити	соединить	
сътꙑкати	соединять	
съхль	сухие ветви	
съхль	хворост	
съхнѫти	сохнуть	
съхнꙋти	сохнуть	
съходатаи	защитник	
съходити	спускаться	
съходити	сходить	
съходъ	движение вниз	
съходъ	спуск	
съходьникъ	путешественник	
съходѧ	сходящий	
съхождєниѥ	стечение	
съхоронити	спрятать	
съхранити	сохранить	
съхраньно	бережно	
съхраньно	надежно	
съхранѥниѥ	сохранение	
съхранꙗти	оберегать	
съхранꙗти	сохранять	
съхѹлꙗти	хулить	
съхꙑщрꙗти	придумывать	
съцѣнити	оценить	
съчинити	сочинить	
съчинити	составить	
съчинѥниѥ	сочинение	
съчєтаниѥ	связь	
съчєтати	соединить	
съшивати	шить	
съшити	сплести	
съшити	сшить	
съшьствиѥ	совпадение	
съшьствиѥ	приход, явление (о Боге)	
съшьствиѥ	схождение	
съѣдающій	съедающий	
съѣденіе	съедение	
съѥдиначити	соединять	
съѥдинити	соединить	
съѹмьртвити	умертвить подобно кому-либо	
съѹчинити	устроить	
съꙁажда	сзади	
съꙁидати	строить	
съꙁирати сѧ	переглядываться	
съꙁорити	сделать зрелым	
съꙁъвати	созвать	
съꙁьданиѥ	сотворение	
съꙁьдати	построить	
съꙁьдатєль	зиждитель	
съꙁьрѣти	созреть	
съꙁꙑвати	созывать	
съꙗсти	съесть	
съꙗстьнꙑи	употребляемый в пищу	
сынъ	сын; лицо мужского пола по отношению к своим родителям	
сынъ	высок., перен. лицо мужского пола, рассматриваемое как порождение некоей национальной или иной общности	
сынъ	высок., ритор. потомки	
сь	этот	
сьдє	здесь, тут	
сьдє	сюда	
сьрдоболь	родственник	
сьрдоболѣти	родниться	
сьрдоболꙗ	родня	
сьрдовѣдьць	сердцеведец	
сьрдьцєвидьць	знающий помыслы и чувства человека (о Боге)	
сьрдьцєвѣдьць	знающий помыслы и чувства человека (о Боге)	
сьрна	дикая коза	
сьрнъ	серна	
сьрпъ	серп	
сьрсть	шерсть	
сьрша	шершень	
сьрєбро	серебро	
сьрєбролюблѥниѥ	корыстолюбие	
сьрєбролюбьствиѥ	корыстолюбие	
сьрєбролюбьць	сребролюбец	
сьрєбрьникъ	серебреник	
сьсь	этот	
сє	вот	
сєбє	себя	
сєвастиискъ	себастийский	
сєдмина	семь лет	
сєдмицєѭ	семь раз	
сєдморина	количество, состоящее из семи	
сєдморити	увеличивать в семь раз	
сєдморицєѭ	семикратно	
сєдморо	семеро	
сєдморо	семикратно	
сєдмь	семь	
сєдмькратицєѭ	семикратно	
сєдмєрицєѭ	семикратно	
сєдмєро	семь числом	
сєдьло	седло	
сєици	тотчас	
сєкратꙑ	тотчас	
сєкратꙑи	недавний	
сєкꙑра	топор	
сєлина	место	
сєлити	вселять	
сєло	жилище	
сєло	селение	
сєло	поле	
сєломьскъ	силомский	
сєльнъ	луговой	
сєльнꙑи	простой	
сєльцє	селение	
сєлѧнъка	сельская женщина	
сємина	семь лет	
сємтѧбрь	сентябрь	
сємъжина	мясо рыбной сёмги	
сємєро	семь числом	
сємєрꙑ	семь числом	
сєптѧбръ	сентябрь	
сєптѧбрь	сентябрь	
сєрєбати	хлебать	
сєрєбро	металл	
сєрєди	посреди	
сєрєдовичь	средний возраст	
сєрєдъка	середина	
сєрєжька	уменьшительное от сєрьга	
сєрєнъ	мёрзлый снег	
сєстричичь	сын сестры	
сєстричь	сын сестры	
сєтьно	окончательно	
сєтьно	наконец	
сєтьнꙑи	крайний	
сєтємьвръ	сентябрь	
сєѹнчь	весть	
сіяніе	сияние	
сіяющій	сияющий	
сѣ	вот	
сѣверный	северный (во всех значениях)	
сѣверозападный	северо-западный	
сѣверъ	неисч. север (сторона света)	
сѣверъ	перен., неисч. север; часть какой-нибудь территории, лежащая к северу [1] от остальных	
сѣверъ	перен., исч. север; северные страны или области	
сѣвъ	мера сыпучих тел	
сѣвєровъ	северный	
сѣвєръ	север	
сѣвєръ	северный ветер	
сѣвєрьскꙑи	северный	
сѣдало	ложе	
сѣдало	скамья	
сѣдина	седые волосы	
сѣдинавъ	седой	
сѣдло	седло	
сѣдєниѥ	восседание	
сѣдѣниѥ	сидение	
сѣдѣти	сидеть	
сѣдѧ	сѣдѣти	
сѣдꙑи	седой	
сѣкира	секира	
сѣкора	оружие	
сѣкущій	секущий	
сѣминъ	слуга	
сѣмиꙗ	челядь	
сѣмиꙗ	семья	
сѣмиꙗнинъ	домочадец	
сѣмо	сюда	
сѣмь	личность	
сѣмьца	младший член семьи	
сѣмя	семя	
сѣмєньчьскꙑ	посредством семени	
сѣмѧ	зерно	
сѣмѧ	семя	
сѣно	трава	
сѣно	сено	
сѣножать	сенокос	
сѣножѧть	луг	
сѣносѣчь	сенокос	
сѣнь	тень	
сѣнь	сень	
сѣньница	крыльцо	
сѣньница	сенной сарай	
сѣньнꙑи	сенокосный	
сѣньца	род травы	
сѣра	сера	
сѣрь	болезнь растений	
сѣсти	сесть	
сѣта	скорбь	
сѣтва	сеяние	
сѣти	сеять	
сѣтиѥ	посев	
сѣтовавшій	сетовавший	
сѣтованиѥ	скорбь	
сѣтованіе	сетование	
сѣтовати	скорбеть	
сѣтовать	сетовать	
сѣтующій	сетующий	
сѣть	сеть	
сѣть	сетка	
сѣть	сеть, ловушка	
сѣтьба	посев	
сѣтєль	сеятель	
сѣча	заклинание	
сѣчи	рубить	
сѣчь	истребление	
сѣчь	бой	
сѣчька	название крюкового знака	
сѣчьнъ	название месяца февраль	
сѣчьца	боец	
сѣчьць	палач	
сѣчєнина	отделение	
сѣшти	сечь	
сѣющій	сеющий	
сѣяніе	сеяние	
сѣятель	сеятель	
сѣять	сеять	
сѣꙗниѥ	засеянное поле	
сѣꙗти	сеять	
сѣꙗтєль	сеятель	
сѧ	вариант сꙑ	
сѧбръ	сосед	
сѧбьръ	сосед	
сѧдра	капля	
сѧкнꙋти	высыхать	
сѧлєнъ	?	
сѫбота	суббота	
сѫгласиѥ	антифон	
сѫдии	судья	
сѫдиискъ	судейский	
сѫдити	судить	
сѫдитєль	судья	
сѫдъ	суд, правосудие, справедливость; судебное разбирательство	
сѫдьба	осуждение	
сѫдѧ	сѫдити	
сѫдѹ	с обеих сторон	
сѫи	вариант сꙑи	
сѫкатъ	сучковатый	
сѫкъ	сучок	
сѫмракъ	сумрак	
сѫмьнѣниѥ	колебание	
сѫмьнѣньнъ	неясный	
сѫмьнѣти сѧ	сомневаться	
сѫпостатъ	неприятель	
сѫпротивиѥ	сопротивление	
сѫпротивовѣтриѥ	встречный ветер	
сѫпротивь	против	
сѫпротивьникъ	неприятель	
сѫпрѫга	супруга	
сѫпрѫгъ	парная упряжка	
сѫпьрь	противник	
сѫпьрьникъ	противник	
сѫсѣдъ	сосед	
сѫсѣдꙑни	соседка	
сѫчьць	сучок	
сѫщиѥ	существо	
сѫщьнъ	единосущный	
сѫщьство	существо	
сѵмєонъ	Симеон	
сѵнодъ	синод	
сѵриискъ	сирийский	
сѵриꙗ	Сирия	
сѵрьскъ	сирийский	
сѹгѹбина	рост	
сѹгѹбити	удвоить	
сѹгѹбь	двойной	
сѹгѹбь	вдвое	
сѹгѹбꙑи	двойной	
сѹдиꙗ	судья	
сѹдохранило	сосудохранилище	
сѹдочина	мясо судака	
сѹкно	сукно	
сѹкомариꙗ	смоковница	
сѹла	Сула	
сѹлити	обещать	
сѹличь	по направлению к	
сѹлтанъ	общее название владетельных государей в Азии	
сѹлѣѥ	лучше	
сѹлѥ	удобно	
сѹма	род мешка	
сѹмбада	наждак	
сѹмъка	мешок	
сѹмьнꙑи	обозный	
сѹнꙋти	метнуть	
сѹрово	жестоко	
сѹровъ	сырой	
сѹровѣ	строго	
сѹровѣ	жестоко	
сѹсло	сусло	
сѹсолъ	суслик	
сѹсъ	вместе	
сѹфрєꙗ	стол	
сѹха	суша	
сѹхва	изюм	
сѹховьрхꙑи	с сухой вершиной	
сѹхоложиѥ	лежание на жёстком ложе	
сѹхонавꙑи	сухой	
сѹхоньскꙑи	бесплодный	
сѹхорѫкъ	сухорукий	
сѹхорꙋкꙑи	с сухой рукой	
сѹхота	сухость	
сѹхотьнꙑи	относящийся к засухе	
сѹхоꙗдьць	тот, кто питается всухомятку	
сѹхъ	сухой	
сѹхꙑи	сухой	
сѹчило	печь	
сѹша	суша	
сѹшило	сушильня	
сѹшило	хворост	
сѹшити	изнурять	
сѹшити	сушить	
сѹѥ	тщетно	
сѹѥлюбивꙑи	суетный	
сѹѥмꙋдрьнꙑи	лжемудрый	
сѹѥмꙋдрꙑи	ложно мудрствующий	
сѹѥмꙑсльнꙑи	ложно мыслящий	
сѹѥпꙑтаниѥ	исследование ненужного	
сѹѥтословьнꙑи	говорящий о суетном	
сѹѥтьнꙑи	суетный	
сѹѥѹмьнꙑи	лжеумный	
сꙋботити	покоиться	
сꙋводивꙑи	водянистый	
сꙋгласьнꙑи	совместный	
сꙋградити	укрепить	
сꙋгробъ	определённая мера	
сꙋдии	судья	
сꙋдина	сосуд	
сꙋдити	рассуждать	
сꙋдитєль	судья	
сꙋдищє	судилище	
сꙋдовꙑи	корабельный	
сꙋдължь	должник	
сꙋдьнꙑи	судебный	
сꙋжитиѥ	супружество	
сꙋжитєль	сожитель	
сꙋморокъ	сумерки	
сꙋплєтъка	спор	
сꙋпоръ	препирание	
сꙋпрꙋга	жена	
сꙋпрꙋгъ	муж	
сꙋпрꙋжьникъ	союзник	
сꙋпрꙋжьница	жена	
сꙋпрꙋжьнꙑи	в паре находящийся	
сꙋпрꙋжьство	спряжение	
сꙋпьръ	соперник	
сꙋпьрь	противник	
сꙋпьрьникъ	противник	
сꙋпьрꙗ	противодействие	
сꙋродитєль	сродник	
сꙋставъ	телесный член	
сꙋсѣда	соседка	
сꙋсѣдъ	сосед	
сꙋсѣдьство	соседство	
сꙋсѣкъ	закром	
сꙋщьнꙑи	существующий	
сꙋщьствьнꙑи	подлинный	
сꙋщєвьнꙑи	истинный	
сꙑ	сущий	
сꙑнобожьствиѥ	божественное усыновление	
сꙑновьство	положение сына	
сꙑноположєниѥ	усыновление	
сꙑнопорождєниѥ	усыновление	
сꙑнъ	сын	
сꙑньнъ	башенный	
сꙑпаниѥ	закапывание	
сꙑромѧть	сыромятная кожа	
сꙑропѹстьнъ	сыропустный	
сꙑръ	творог	
сꙑръ	сыр	
сꙑрьнꙑи	относящийся к последней неделе перед Великим постом	
сꙑта	вода, подслащенная мёдом	
сꙑтити	подслащать	
сꙑтость	удовлетворение	
сꙑтость	сытость	
сꙑтъ	сытый	
сꙑть	удовлетворённый	
сꙑть	насыщение	
сꙑꙁвѣстовати	свидетельствовать вместе	
табинъ	шёлковая ткань	
тава	название мореходного судна	
тавлиꙗ	игра в шашки	
таврьскъ	Таврия	
Таджикистанъ	Таджикистан	
тазъ	металлический круглый открытый сосуд	
таи	тайна	
таи	тайно	
таибьна	тайна	
таибьникъ	священник	
таимичичь	вне брака рождённый	
таина	тайна	
таиноводити	руководствовать к познанию тайн	
таинотворьць	кто наряжает и приводит невесту	
таинъ	тайный	
таиньница	сокровищница	
таинѣ	тайно	
таити	таить	
таканиѥ	состязание в езде	
такати	гнать	
тако	так	
таковъ	таковой	
такождє	тоже, также	
такожє	так, также, тоже, подобно	
такъ	такой	
такꙑ	всегда	
таланто	вес и монета у древних греков и римлян	
талантъ	то же, что талант; выдающиеся природные способности; врождённая одарённость	
талантъ	то же, что талант; способность, умение	
талантъ	то же, что талант; человек с выдающимися способностями, дарованием	
талантьнꙑи	относящийся к таланту	
талиꙗ	хворост	
таль	заложник	
тальба	заложничество	
тальщикъ	заложник	
талꙑи	растаявший	
тамо	там, на том месте	
тамо	туда	
таможьникъ	сборщик торговой пошлины	
тамошній	тамошний	
тамъга	клеймо	
танєосъ	Танис	
таранъ	стенобитное орудие	
тарасъ	подкатной сруб	
тартаръ	ад	
тарѣль	плоская круглая посудина	
татарьщина	подати, платившиеся татарам	
татаѹръ	ременной пояс с металлическими наконечниками	
тативꙑи	вороватый	
татица	воровка	
татрать	тетрадь	
тать	грабитель	
тать	вор	
татьба	воровство	
татьба	кража	
татьбина	покража	
татьбина	воровство	
тафиꙗ	шапочка татарского образца, надевая под шапкой	
тафта	название шёлковой ткани	
тахъръ	десяток	
тачаи	худший	
тачє	потом, затем	
таꙗти	таять	
тварь	творение	
тварꙗти	создавать	
тволага	телица	
твореніе	творение	
творившій	творивший	
творити	делать	
творити	творить	
творъ	устройство	
творъ	создание	
творьба	произведение	
творьскꙑ	посредством создания	
творьць	художник	
творьць	творец	
творьчии	принадлежащий создателю	
творьчь	творца	
творяй	церк.-слав. творящий	
творящій	творящий	
творѥниѥ	приготовление	
творѧ	творящий	
творѧи	делающий	
тврьдо	крепко	
тврьдъ	твёрдый	
тврьдь	твёрдость	
тврьдѣ	надёжно, крепко	
тврьдѣ	перен. непоколебимо	
тврьдѣль	небосвод	
твьрдило	тюрьма	
твьрдо	строго	
твьрдость	непоколебимость	
твьрдь	крепость	
твьрдѣ	невозбранно	
твьрдѣль	твердыня	
твьрдꙑи	твёрдый	
твьрдꙑнꙗ	крепость	
текущій	текущий	
тельць	телёнок	
телѧ	телёнок	
терзающій	терзающий	
терзающійся	терзающийся	
тернъ	терн	
терніе	терние	
терпѣливый	терпеливый	
терпѣніе	терпение	
терпѣть	терпеть	
теченіе	течение	
течи	течь	
тиара	митра	
тиганъ	сковорода	
тигръ	тигр	
тикъ	зеркало	
тикъръ	зеркало	
тимиꙗнъ	фимиам	
Тимоѳей	Тимофей; мужское имя	
тимоѳєи	Тимофей	
тимѣниѥ	грязь	
тимѣно	тина	
тимѧ	грязь	
тина	болото	
тина	тина	
тинавъ	грязный	
тинда	род рыбы	
тираннѹсъ	мучитель	
тис	кедр	
тискати	стискивать	
тиски	орудие для сжимания	
тисненіе	тиснение	
титьла	надпись	
Тифлисъ	Тифлис; название Тбилиси до 1936 года	
тихо	тихо	
тихость	спокойствие	
тихость	мягкость	
тихота	тишина	
тихота	мягкость	
тихъ	тихий, спокойный, мирный	
тихꙑ	тихо	
тишина	тишина	
тишина	перен. штиль, спокойное море	
тишина	перен. тихая пристань, убежище	
тишити	успокаивать	
тищати	напирать	
тиѹнъ	слуга	
тлъкнѫти	стукнуть	
тлъкованиѥ	толкование	
тлъкъ	переводчик	
тлъпа	толпа	
тлѣніе	тление	
тлѣшти	толочь, толкать	
тоболна	название бортного знака	
тобольць	сума	
товарищь	сотоварищ	
товаръ	товар (во всех значениях)	
товаръ	товар	
тогдашній	тогдашний	
тожде	то же	
тождє	также	
тождєимєнитъ	одноимённый	
тождєимєниѥ	одноимённость	
тождємогꙑи	равносильный	
тождєплємєньникъ	единоплеменник	
тождєрождєниѥ	одинаковое происхождение	
тозємьцинъ	туземец	
тоиждє	здесь	
тократъ	недавно	
токъ	убитое для молотьбы место	
токъ	течение (крови)	
толижьдꙑ	столько раз	
толико	столько	
толикождє	столько (же) раз	
толикъ	большой	
толмачь	переводчик	
толока	вытаптывание	
толочи	толкать	
толочити	топтать	
толпившійся	толпившийся	
толь	столь	
толь	столь, настолько	
тольма	столь	
тольмажє	тем более	
тольми	столь	
томара	стрела особого рода	
томити	мучить	
томитєль	властитель	
томитєль	тиран	
томленіе	томление	
томль	мука	
томлѥниѥ	мучение	
томящійся	томящийся	
тонꙗ	рыбная ловля	
топазионъ	топаз	
топити	потоплять	
топлота	теплота	
топлъ	тёплый	
топль	теплота	
топлѣ	тепло	
топлꙑи	топкий	
тополь	название дерева	
тополькъ	небольшой тополь	
топоровꙑи	насечённый топором	
топоръ	топор	
топоръкъ	маленький топор	
топотритъ	местоблюститель	
топрьво	только что	
топтавшій	топтавший	
топчущій	топчущий	
топєрє	теперь	
торговавшій	торговавший	
торгующій	торгующий	
торлопъ	верхняя женская одежда	
торобьнꙑи	способ рыбной ловли, когда рыбу загоняют в сети, вспугивая шестом	
торозати	терзать	
торокъ	лента начельной повязки	
торонь	набег	
торонь	внезапно	
тороплєниѥ	поспешность	
торопъ	оторопь	
торочьчьникъ	человек, плетущий тороки	
торханъ	вотчинникъ	
тотрадь	тетрадь	
точило	оселок	
точило	точило	
точити	источать	
точєниѥ	излияние	
травити	питаться, поглощать, пожирать	
травливꙑи	косноязычный	
травьнъ	название месяцев апреля и мая	
травьнꙑи	полевой	
трагикъ	трагический	
трактиръ	трактир	
трапова	впадина	
траповꙑи	выдолбленный	
трапєза	стол	
трапѧтьскъ	обезьяна	
тратати	преследовать	
тратати	преследовать, домогаться	
тратити	утрачивать	
требовавшій	требовавший	
требующій	требующий	
трепещущій	трепещущий	
третииникъ	среда (день недели)	
третій	третий	
триволъ	волчец	
триволъ	репейник	
тригрєбьнꙑи	с тремя ярусами вёсел	
трижьда	трижды	
трижьдꙑ	трижды	
триздьнꙑи	относящийся к подвигам	
тризньнꙑи	относящийся к подвигам	
тризь	трёхлетний	
тризꙑи	трёхлетний	
триирѧ	трирема	
триклинъ	палата	
трикратꙑ	трижды	
трикратꙑи	троекратный	
трилакотьнꙑи	в три локтя длиной	
триобразьнꙑи	трёхобразный	
триособьнꙑи	заключающий в себе три ипостаси	
триподъ	треножник	
трипрамєньнꙑи	тройной	
трипѣскъ	обезьяна	
трира	трирема	
трирожьнꙑи	имеющий три зубца	
трискиꙗ	богослужение	
тристрѣльнаꙗ	название крюкового знака	
трисъставьнꙑи	из трёх частей состоящий	
трисътьнꙑи	трёхсотый	
трихаптонъ	повязка	
тричастьнꙑи	состоящий из трёх частей	
тричиноватꙑи	тройной	
тричисльнꙑи	состоящий из трёх	
тришьди	трижды	
трищи	трижды	
триѥ	три	
триѥдинꙑи	содержащий троичность в единстве	
триꙁна	награда	
троинꙗ	предмет из трёх частей состоящий	
троица	Троица	
троичи	трижды	
троичь	трижды	
троквищє	полотнище	
тропа	дорога	
тропарь	тропарь	
трорѧдьно	трояко	
троска	кол	
троскотати	трещать	
троскотъ	трава	
троудъ	труд, работа	
троудьнъ	трудный	
трофимъ	Трофим	
трохиль	название птицы	
трошити	рассеивать	
трубящій	трубящий	
трудившійся	трудившийся	
трудъ	труд	
трудящійся	трудящийся	
труждающійся	труждающийся	
трупъ	труп; мёртвое тело человека или животного	
тръгъ	рынок	
тръжьникъ	меняла	
тръжьство	торжество	
тръсть	трость, стебель тростника	
тръсть	тростник	
трьблажєнъ	треблаженный	
трьблажєнꙑи	преблаженный	
трьбогатьнꙑи	пребогатый	
трьвълньнꙑи	бурный	
трьвьрстьнꙑи	трёхъярусный	
трьвьрховьнꙑи	превысокий	
трьвєликꙑи	превеликий	
трьгѹбити	трижды повторить	
трьгѹбь	трижды	
трьгѹбь	троякий	
трьгѹбꙑи	тройной	
трькровьнꙑи	трёхъярусный	
трьличьнꙑи	имеющий три лица	
трьлѣтьнꙑи	трёхлетний	
трьлѣтꙑи	трёхлетний	
трьниѥ	терние	
трьновъ	терновый	
трьногъ	путы	
трьнъ	шип	
трьнѣнъ	терновый	
трьостьньнꙑи	вредоносный	
трьплєтьнꙑи	втрое свитый	
трьплєтєньнꙑи	втрое свитый	
трьподобьнꙑи	пресвятой	
трьпрамєньнꙑи	тройной	
трьпѣливъ	терпеливый	
трьпѣльство	терпение	
трьпѣниѥ	терпение	
трьпѣти	терпеть	
трьпѧстъкъ	обезьяна	
трьсвѣтьлꙑи	пресветлый	
трьсвѣтьнꙑи	в три огня	
трьсвѧтꙑи	трижды святой	
трьсиꙗньнꙑи	трисиянный	
трьславьнꙑи	преславный	
трьсобьнꙑи	заключающий в себе три существа	
трьстиѥ	солома	
трьстольнꙑи	трёхпрестольный	
трьстълпьнꙑи	о трёх столпах	
трьсть	вариант тръсть	
трьсъвъздрастꙑи	из трёх соединённый	
трьсълньчьнꙑи	пресветлый	
трьчасьнꙑи	долгий	
трьѥ	три	
трьꙁѫбьць	трезубец	
трєпєтати	трепетать	
трєпєтивꙑи	трусливый	
трєпєтъ	трепет	
трєпєтьнъ	трепетный	
трєтии	третий	
трєтиичина	трёхлетка	
трєтина	третья доля	
трєтиꙗчина	трёхлетка	
трѣба	жертва	
трѣбищьнꙑи	к требищу относящийся	
трѣбованиѥ	нужда	
трѣбованꙑи	полезный	
трѣбовати	нуждаться	
трѣбьникъ	жертвенник	
трѣбьница	капище	
трѣбьнъ	жертвенный	
трѣбьнꙑи	жертвенный	
трѣбꙑи	значительный	
трѣва	трава	
трѣзвитꙑи	отрезвляющий	
трѣзвьно	трезво	
трѣзвьнѣ	трезво	
трѣзвьнꙑи	трезвый	
трѣзвꙑи	трезвый	
трѣмъ	башня	
трѣска	щепка	
трѣскота	треск	
трѣскъ	треск	
трѣсна	цепочка	
трѣсновитица	цепочка	
трѣсновитꙑи	плетёный	
трѣсновица	цепочка	
трѣснъ	бахрома	
трѣснѫти	треснуть	
трѣснꙋти	затрещать	
трѣщати	издавать треск	
трѣꙁвъ	трезвый, воздержанный	
трѣꙁвєниѥ	воздержание	
трѧпъка	бахрома	
трѧсавица	лихорадка	
трѧсаниѥ	трясение	
трѧсовєниѥ	лихорадка	
трѧсти	трясти	
трѧстонꙑи	топкий	
трѧсъка	название крюкового знака	
трѧсьца	лихорадка	
трѧсєниѥ	содрогание	
трѫба	труба	
трѫбити	трубить	
трѫблѥниѥ	звуки трубы	
трѫдовитъ	больной	
трѫсъ	землетрясение	
трѫтъ	войско	
трѹдити	работать	
трѹдолюбьзно	старательно	
трѹдолюбьнѣ	с любовью к труду	
трѹдоположьникъ	защитник	
трѹдъ	труд	
трѹдьник	подвижник	
трѹдьникъ	подвижник	
трѹдьнъ	трудный	
трѹжданиѥ	земледелие	
трѹждати	работник	
трѹпиѥ	собир. мёртвые тела людей или животных; трупы	
трѹпъ	труп	
трѹхло	мрачно	
трѹхлꙑи	ветхий	
трꙋбити	играть на трубе	
трꙋбъка	трубка	
трꙋсити	отряхать	
трꙋсъ	землетрясение	
трꙑти	тереть	
тщаніе	тщание	
тщеславившійся	тщеславившийся	
тщеславящійся	тщеславящийся	
тъ	он	
тъ	этот	
тъ	тот	
тъгда	тогда	
тъгдꙑ	тогда	
тъждє	тот же	
тъкалиꙗ	ткачиха	
тъкало	острие	
тъканиѥ	ткань	
тъкати	ткать	
тъкати	толкать	
тъкати	стучать	
тъкнѫти	толкнуть	
тъкнꙋти	воткнуть	
тъкъма	только	
тъкъмо	только	
тълкарь	толмач	
тълкновьнꙑи	толковый	
тълковꙑи	имеющий объяснения	
тълкъ	толкование	
тълкъ	толмач, переводчик	
тълмачь	переводчик	
тълпа	воинство	
тълстина	толстота	
тълсторитꙑи	изгнивший	
тълстота	толщина	
тълстотьнꙑи	обильный	
тълстꙑи	толстый	
тълчєꙗ	мельница	
тълща	толща	
тълщина	толщина	
тъмлꙑга	узда	
тъность	тонкость	
тънъко	тонко	
тънъкожьрлꙑи	с узким горлом	
тънъцѣ	тонко	
тъпаниѥ	биение	
търгати	рвать	
търговлꙗ	торговое дело	
търговьникъ	торговец	
търговьрьць	собиратель торговой продукции	
тъска	печаль	
тъскъ	натиск	
тътъ	тот	
тъчаи	ткач	
тъчию	только	
тъчьникъ	ровесник	
тъчьно	наравне	
тъчьно	равно	
тъчьнꙑи	подобный	
тъштотина	?	
тъщаниѥ	торопливость	
тъщи	дочь	
тъщивъ	быстрый	
тъщивꙑи	пустой	
тъщии	пустой	
тъщимꙑи	составляющий предмет заботы	
тъщина	убыток	
тъщь	пустой	
тъщьно	точно	
тъщєглашєниѥ	пустословие	
тъщєславити	хвастаться	
тъщєславиѥ	тщеславие	
тъщєсловити	пустословить	
тъщєта	суета	
тъщєтина	суета	
тъщєтьно	напрасно	
тьзица	носящая одинаковое с кем-либо имя	
тьзозвѣрьникъ	зверю подобный	
тьзоимєнитьнꙑи	соимённый	
тьзоимєнитьство	одинаковое прозвание	
тьзоимєнитꙑи	соимённый	
тьзоимєньникъ	носящий одинаковое с кем-либо имя	
тьзоимєньница	получившая соответственное имя	
тьзоимєньно	соответственно имени	
тьзоимєньнꙑи	соимённый	
тьзоимєньствєньнꙑи	соответствующий	
тьзоложьнꙑи	ложный	
тьзомотꙑльникъ	одноимённый с мотылой	
тьзомотꙑльнꙑи	одноимённый с мотылой	
тьзочьстиѥ	одинаковое прозвание	
тьзъ	одноимённый	
тьзьно	одинаково	
тьзьнꙑи	соимённый	
тьзьство	сходство	
тьливꙑи	тленный	
тьлимꙑи	тленный	
тьлити	разрушать	
тьло	почва	
тьлєтворьць	вносящий тлен	
тьлѣ	вариант тьлꙗ	
тьлѣниѥ	тлен	
тьлѣти	портиться	
тьлѣти	разрушаться	
тьлꙗ	тлен	
тьлꙗ	гниение	
тьма	тьма I, темнота	
тьмиꙗнъ	ладан	
тьмлꙑга	узда	
тьмьница	темница	
тьмьничьникъ	узник	
тьмьнѣ	не ясно	
тьмьнꙑи	тёмный	
тьнъ	черта	
тьнъкъ	тонкий	
тьрпость	терпкость	
тьрпъчина	терпкость	
тьрпѣльно	мужественно	
тьрпѣльнѣ	стойко	
тьрпѣти	терпеть	
тьсть	тесть	
тюфѧкъ	огнестрельное оружие	
тяготѣющій	тяготеющий	
тяжкій	тяжкий	
тєктонъ	плотник	
тєкъ	ток	
тєлица	овечка	
тєльць	телец	
тєльчии	телячий	
тєльчь	телячий	
тєлѧ	телёнок	
тєлѧтина	телячья шкура	
тєлѧтинъка	небольшая телячья шкура	
тємиꙗнъ	ладан	
тємиꙗньщина	подать на церковь для покупки ладана	
тєнька	западно-азиатская серебряная монета, ценой около 20-25 копеек	
тєпличь	тамплиер	
тєпло	теплота	
тєплость	теплота	
тєплѣ	усердно	
тєплꙑи	вспыльчивый	
тєсати	обтёсывать	
тєсати	тесать	
тєсина	тонкая доска	
тєсла	особый род топора	
тєслоносъ	род птицы	
тєсовꙑи	из досок сколоченный	
тєсъ	щепа	
тєсьникъ	особый род топора для обтёсывания дерева	
тєсьница	тонкая доска	
тєтигꙑи	кузнечик	
тєтъка	сестра отца или матери	
тєтъка	тётка	
тєтъчичь	сын тётки	
тєтєрєвина	мясо фазана	
тєчи	течь	
тєчєниѥ	поток	
тєщи	течь	
тєщи	бежать	
тєщи	струиться	
тѣлесный	телесный	
тѣло	тело (во всех значениях)	
тѣло	анат. тело; организм человека или животного	
тѣло	туловище	
тѣлопьсаниѥ	надпись на мемориальном столпе	
тѣльнꙑи	телесный	
тѣлєсьнъ	телесный	
тѣмѧ	темя	
тѣнь	тень	
тѣнꙗ	тень	
тѣскъ	точило	
тѣснить	теснить	
тѣснъ	тесный	
тѣсный	тесный (во всех значениях)	
тѣсто	мука, замешанная на воде или на другой жидкости	
тѣсто	тесто	
тѣсьнина	теснота	
тѣсьнота	теснота	
тѣсьнꙑи	тесный	
тѣхъ	потеха	
тѣшити	утешать	
тѣшити	успокаивать	
тѣшитєль	утешитель	
тѣшь	потеха	
тѣшєниѥ	утешение	
тѣщити	извергать пену	
тѧбло	часть церковного иконостаса над царскими дверьми	
тѧгарь	работник	
тѧгло	повинности	
тѧгль	повинность	
тѧглꙑи	обложенный повинностями	
тѧгнꙋти	тянуть	
тѧго	ремень	
тѧгость	бремя	
тѧгота	бремя	
тѧготити	тяготить	
тѧготьнъ	отяжелевший	
тѧжа	спор	
тѧжаръ	земледелец	
тѧжарь	работник	
тѧжатель	работник	
тѧжатєль	труженик	
тѧжатєль	работник	
тѧжьба	тяжба	
тѧжьбитъ	сутяжник	
тѧжьбьникъ	спорщик	
тѧжько	тяжко	
тѧжькъ	тяжёлый	
тѧжьникъ	отяготитель	
тѧжьнꙑи	тягостный	
тѧжєлꙑи	тяжёлый	
тѧжєсть	тяжесть	
тѧзати	пахать	
тѧклꙑи	соответственный	
тѧнꙋти	тянуть	
тѧти	сечь	
тѧтива	тетива	
тѫга	страх	
тѫжити	тужить	
тѫжити	тосковать	
тѫжєниѥ	тоска	
тѫтьнъ	шум	
тѫча	ливень	
тѹжина	дюжина	
тѹкъ	жир	
тѹлиꙗ	втулка	
тѹлъ	колчан	
тѹмпанъ	тимпан	
тѹньба	дар	
тѹръ	зубр	
тѹръ	тур	
тѹтичь	?	
тѹтѹрганъ	рис	
тѹхнати	роптать	
тѹчьнъ	тучный	
тꙋгꙑи	твёрдый	
тꙋжити	печалиться	
тꙑ	ты	
тꙑи	тот	
тꙑкати	толкать	
тꙑкъръ	зеркало	
тꙑкꙑ	тыква	
тꙑльнꙑи	к тылу относящийся	
тꙑнъ	ограда	
тꙑсѧча	тысяча	
тꙑсѧшти	тысяча	
тꙑсѧщьникъ	хилиарх	
тꙑсѧщьнъ	тысячелетний	
тꙑсѫщьникъ	хилиарх	
тꙑти	тучнеть	
тꙑти	тучнеть, жиреть	
тꙑчька	точка	
убивавшій	убивавший	
убившій	убивший	
убогій	убогий	
убоявшійся	убоявшийся	
убіеніе	убиение	
убійство	убийство	
убѣгать	убегать	
убѣгающій	убегающий	
убѣдительно	убедительно	
убѣжавшій	убежавший	
убѣжденіе	убеждение	
уважающій	уважающий	
уваженіе	уважение	
увеличеніе	увеличение	
увидѣвшій	увидевший	
увидѣть	увидеть	
увлекающійся	увлекающийся	
увѣренность	уверенность	
увѣреніе	уверение	
увѣровавшій	уверовавший	
увѣрять	уверять	
увѣщаніе	увещание	
увѣщатель	увещатель	
угашающій	угашающий	
угнетавшій	угнетавший	
угнетающій	угнетающий	
угнетеніе	угнетение	
угождающій	угождающий	
угожденіе	угождение	
угощеніе	угощение	
угрожающій	угрожающий	
удаленіе	удаление	
удаляющій	удаляющий	
удаляющійся	удаляющийся	
удареніе	ударение	
ударившій	ударивший	
удержавшій	удержавший	
удерживающій	удерживающий	
удивленіе	удивление	
удовлетвореніе	удовлетворение	
удостовѣреніе	удостоверение	
удушающій	удушающий	
удѣлить	уделить	
удѣлъ	удел	
ужасающій	ужасающий	
указъ	указ	
уклоненіе	уклонение	
уклонившійся	уклонившийся	
уклоняющійся	уклоняющийся	
укоренившійся	укоренившийся	
укореніе	укорение	
укравшій	укравший	
украшающій	украшающий	
украшеніе	украшение	
укрощающій	укрощающий	
укрывающійся	укрывающийся	
укрѣпившій	укрепивший	
укрѣпившійся	укрепившийся	
укрѣпить	укрепить	
укрѣпленіе	укрепление	
укрѣпляющій	укрепляющий	
уксусъ	уксус	
уловленіе	уловление	
уменьшеніе	уменьшение	
умерщвленіе	умерщвление	
умилостивленіе	умилостивление	
умирающій	умирающий	
умножающій	умножающий	
умножающійся	умножающийся	
умоляющій	умоляющий	
умывальникъ	умывальник	
умыслившій	умысливший	
умышленіе	умышление	
умышляющій	умышляющий	
умѣвшій	умевший	
умѣніе	умение	
умѣющій	умеющий	
униженіе	унижение	
уничиженіе	уничижение	
уничижившій	уничиживший	
уничтоженіе	уничтожение	
уныніе	уныние	
упавшій	упавший	
упадшій	упадший	
упивающійся	упивающийся	
упившійся	упившийся	
уплотить	устар. разг. то же, что уплатить	
уповавшій	уповавший	
упованіе	упование	
уповающій	уповающий	
употребленіе	употребление	
употребляющій	употребляющий	
управленіе	управление	
управляющій	управляющий	
упражненіе	упражнение	
уразумѣть	уразуметь	
усердіе	усердие	
усиленіе	усиление	
усиліе	усилие	
услажденіе	услаждение	
услышавшій	услышавший	
успокоеніе	успокоение	
успокоившійся	успокоившийся	
успѣвающій	успевающий	
успѣхъ	успех	
установленіе	установление	
устрашающій	устрашающий	
устремленіе	устремление	
устроеніе	устроение	
устроившій	устроивший	
устрояющій	устрояющий	
усугубленіе	усугубление	
усыновленіе	усыновление	
усѣченіе	усечение	
утвердившійся	утвердившийся	
утверждающійся	утверждающийся	
утвержденіе	утверждение	
утоленіе	утоление	
утомившійся	утомившийся	
утопающій	утопающий	
утренній	утренний	
утѣшающій	утешающий	
утѣшеніе	утешение	
ухищреніе	ухищрение	
ухо	анат. ухо	
уходящій	уходящий	
уцѣлѣвшій	уцелевший	
участвовавшій	участвовавший	
участіе	участие	
учащій	учащий	
учащійся	учащийся	
ученикъ	ученик	
ученіе	учение	
уязвляющій	уязвляющий	
уѣздъ	уезд (территориально-административная единица Российской империи и ряда других государств)	
фаиофи	название месяца октября	
факєоль	женская головная повязка	
фальшивꙑи	поддельный	
фанарь	фонарь	
фанъ	святилище	
фараонъ	титул древне-египетских царей	
фараонъ	фараон	
фараосъ	фараон	
фараошь	прилагательное от фараонъ	
фарисъ	конь	
фарисєискъ	фарисейский	
фарисѣискъ	фарисейский	
фарсисъ	топаз	
фарь	конь	
фарьвьникъ	конный воин	
фасѹли	бобы	
фатисъ	название драгоценного камня	
фиаль	фиал	
филактириꙗ	талисман	
филикиꙗ	лицедей	
философиꙗ	науки	
философъ	ученый муж	
философъ	мудрец	
филосъ	вид вредного насекомого	
финикъ	пальма	
фисиологꙑискꙑи	естественный	
флєва	жила	
флєкавꙑи	косноязычный	
фоготъ	судья	
фока	Фока	
фолєꙗ	медная монета	
фонарь	фонарь	
форъ	дань	
фофѹдиꙗ	восточная золототканная материя	
фрагментъ	фрагмент	
франьчьскъ	истор. франкский	
фрачьскъ	истор. франкский	
фрѧжьскъ	истор. франкский	
фрѵгиискъ	фригийский	
фъфати	шепелявить	
фєврѹаръ	название месяца	
фєлоньць	одно из облачений византийских императоров	
Фєсалиꙗ	Фессалия	
фѹниксъ	феникс	
фѹнтъ	единица веса	
фѹтрина	непогода	
хабити	отвергать	
хабєнꙑи	ничтожный	
хаганъ	государь	
хаждати	ходить	
халванна	благовонная смола	
халтоларь	архиварий	
халъчьно	?	
халєпа	калиф	
халѫга	изгородь	
халꙋга	изгородь	
хамила	крюковой знак	
хамовъ	Хамов	
хамольвъ	хамелеон	
хананєискъ	ханаанский	
хананѣискъ	ханаанский	
ханъ	вельможа	
хапаниѥ	хватание	
хапати	хватать	
хапати	кусать	
хаповати	терзать	
харадрионъ	название птицы	
харадръ	название птицы	
харалꙋгъ	сталь	
харатиꙗ	письмо	
хартиꙗ	пергамент	
хартофилакъ	книгохранитель	
харчь	продовольствие	
харъ	?	
хвала	хвала	
хвала	благодарность	
хвалити	хвалить	
хвалословити	прославлять	
хвальникъ	хвалитель	
хвальць	панегирист	
хвалящій	хвалящий	
хвалящійся	хвалящийся	
хвалѥниѥ	восхваление	
хвастающій	хвастающий	
хватати	схватывать	
хватати	хватать	
хватающій	хватающий	
хватити	схватить	
хворостиѥ	хворост	
хворостъ	тальник	
хвостатꙑи	имеющий хвост	
хвостъ	наружное продолжение хребта	
хвостъ	анат. хвост	
хврастина	сухая ветвь	
химара	коза	
хиниксъ	хлебная мера	
хирекъ	хирек	
хитонъ	хитон	
хитро	плод лимонного дерева	
хитронъ	горшок	
хищеніе	хищение	
хладъ	лёгкий, прохладный ветер	
хладъ	холод	
хладьнъ	холодный	
хлакъ	холостой	
хлапъ	слуга	
хлачьба	безбрачие	
хлипаниѥ	плач	
хлопотъ	шум	
хлъмъ	пригорок	
хлєна	плащь	
хлѣбарь	хлебопёк	
хлѣбъ	хлеб	
хлѣбъ	хлеб (во всех значениях)	
хлѣбьница	пекарня	
хлѣбьць	печёный хлеб	
хлѣвина	дом	
хлѣвиница	хлев	
хлѣвица	поле	
хлѣвъ	помещение для скота	
хлѣвъ	хлев	
хлѣвьница	комната	
хлѧбивꙑи	?	
хлѧбь	водопад	
хлѫпати	побираться	
хлѹпаниѥ	выпрашивание	
хмєль	хмель	
хоботъ	хвост	
ходатаи	посредник	
ходатаи	защитник	
ходатаиница	заступница	
ходатаинꙑи	посредствующий	
ходатаиство	заступничество	
ходатаиство	посредничество	
ходатаиствовати	просить	
ходатаиствьнꙑи	посредствующий	
ходатаити	ходатайствовать	
ходатаица	способствующая	
ходатаиць	содействующий	
ходатьствовати	находиться посередине	
ходжа	господин	
ходильници	название философской школы	
ходити	ходить	
ходча	господин	
ходъ	движение	
ходъ	ход, хождение, движение	
ходьбищє	дорога	
ходящій	ходящий	
ходѧ	ходити	
ходѧчии	обыкновенный	
хождєниѥ	движение	
хозяинъ	хозяин	
хозѧ	господин	
холмъ	холм	
холодъ	холод	
холокꙑи	холостой	
холопии	холопий	
холопити	служить	
холопъ	раб	
холопьство	рабство	
холостьць	холостой человек	
холостꙑи	безбрачный	
хомѣсторъ	хомяк	
хомѫтъ	хомут	
хопити	хватать	
хоривъ	Хорив	
хоробровати	храбриться	
хоробрꙑи	храбрый	
хоролъ	Хорол	
хоромина	строение	
хороможитєль	домовой	
хоромъ	дом	
хоронити	скрывать	
хорошавꙑи	щёголь	
хорошаниѥ	величание	
хорошии	прибранный	
хорѫгꙑ	скипетр	
хотьнꙑи	желанный	
хотящій	хотящий	
хотѣвшій	хотевший	
хотѣниѥ	страстное желание	
хотѣніе	хотение	
хотѣти	хотеть	
хотѣть	хотеть	
хотѧ	хотя	
хохловати	кипеть	
хохоли	рег. название рыбы	
хохолъ	хохол	
хохолъ	перен., разг. то же, что малоросс; хохол	
храбросьрдꙑи	мужественный	
храбръ	воитель	
храбръ	отважный	
храбрьно	доблестно	
храбрьскꙑ	мужественно	
храбрьскꙑ	отважно	
храбрьскꙑи	доблестный	
храбрꙑи	мужественный	
хракотина	мокрота	
хракънꙋти	харкнуть	
храмина	комната	
храмина	дом	
храминъка	уменьшительное от храмина	
храмъ	храм	
храмъ	здание	
храненіе	хранение	
хранило	охранение	
хранило	намордник	
хранити	сохранять	
хранитєль	хранитель	
хранящій	хранящий	
хранящійся	хранящийся	
храпаниѥ	харканье	
храпѣніе	храпение	
хрижма	благовонная смола	
христити	крестить	
христиꙗна	христианка	
христиꙗнинъ	христианин	
христиꙗнъ	христианин	
христиꙗнꙑни	христианка	
христособорьць	христособорец	
христосолюбивъ	христолюбивый	
христосолюбьць	христолюбец	
Христосъ	религ. основатель христианства, по представлениям христиан — Богочеловек, Сын Божий, помазанник, мессия, чья жизнь и учение описаны в Новом Завете	
христосъ	помазанник	
христосъ	Христос	
хромъ	хромой	
хромьць	хромой	
хронографъ	летописец	
хрохотати	хохотать	
хрупкій	хрупкий	
хръзанъ	бич	
хръсостомъ	Златоуст	
хрьстособорьць	христособорец	
хрьстосолюбивъ	христолюбивый	
хрьстосолюбьць	христолюбец	
хрьстосъ	помазанник	
хрьстосъ	Христос	
хрїстїаньство	христианство	
хрѣнъ	ботан. хрен (растение)	
хрѣнъ	кулин. хрен (приправа)	
хрѣнъ	прост., эвф. хрен	
хрѧстъкъ	хрящ	
хрѫстъ	саранча	
хрѹсолитъ	хризолит	
хто	кто	
художникъ	художник	
худшій	худший	
хуленіе	хуление	
хъзъ	кожа	
хъзь	сафьян	
хълмъ	холм	
хърсъ	название одного мз богов древних славян	
хєровимьскꙑ	как херувимы	
хєротониꙗ	рукоположение	
хѣръ	название буквы "х"	
хѫдогъ	умный	
хѫдожьникъ	творец	
хѫдожьствиѥ	произведение мастера	
хѫдожьство	мудрость	
хѹдизна	бедность	
хѹдити	охуждать	
хѹдоба	бедность	
хѹдоглаголивꙑи	заика	
хѹдогласъ	заика	
хѹдородьнꙑи	неродовитый	
хѹдость	слабость	
хѹдъ	небольшой	
хѹдѣ	худо	
хѹдѣти	уменьшаться	
хѹдꙑи	дурной	
хѹдꙑнꙗ	слабость	
хѹла	позор	
хѹла	оскорбление	
хѹлити	порицать	
хѹлити	оскорблять	
хѹловати	богохульствовать	
хѹлолюбивъ	склонный всё поносить	
хѹлословєсити	злословити	
хѹльникъ	богохульник	
хѹлѥниѥ	оскорбление	
хѹлѧ	оскорбляющий	
хѹмъ	жидкость	
хѹниксъ	хлебная мера	
хѹпаниѥ	вялость	
хꙋдогꙑи	умелый	
хꙋдоживꙑи	способный	
хꙋдожьнѣ	искуссно	
хꙋдожѣ	?	
хꙋсарь	морской разбойник	
хꙋсити	разбойничать	
хꙋсовати	грабить	
хꙑжа	келья	
хꙑжа	каморка	
хꙑза	крюковой знак	
хꙑзина	хижина	
хꙑзъ	дом	
хꙑтаниѥ	хищничество	
хꙑтрица	мудрая	
хꙑтро	ловко	
хꙑтро	правильно	
хꙑтрокъ	искусник	
хꙑтрокъзникъ	искусный художник	
хꙑтрокъзньць	искусный художник	
хꙑтрорѣчиѥ	красноречие	
хꙑтрословєсьникъ	искусный в речи	
хꙑтроство	искусная работа	
хꙑтрость	разум	
хꙑтрость	мастерство	
хꙑтростьнъ	умелый	
хꙑтростьнѣ	разумно	
хꙑтръ	искусный	
хꙑтрьнꙑи	относящийся к искусству	
хꙑтрьство	понимание	
хꙑтрьць	художник	
хꙑтрьць	знаток	
хꙑтрѣ	рассудительно	
хꙑтрꙑи	сведущий	
хꙑщениѥ	разбой	
хꙑщьникъ	разбойник	
хꙑщьникъ	хищник	
хꙑщєниѥ	грабительство	
хꙑщєниѥ	разбой	
хꙑꙁина	хижина	
хꙑꙁъ	домик	
царскій	царский	
царствовавшій	царствовавший	
царствованіе	царствование	
царствіе	царствие	
Царьградъ	Царьград	
царьскꙑи	царский	
царєвичь	сын царя	
царєвьна	дочь царя	
цатавꙑи	в цатах	
цвилити	плакать	
цвисти	цвести	
цвисти	процветать	
цвьтѣти	цвести	
цвѣсти	цвести	
цвѣтило	луг	
цвѣтокъ	цветок (во всех значениях)	
цвѣтущій	цветущий	
цвѣтъ	цвет (во всех значениях)	
цвѣтъ	цветок	
цвѣтъ	собир. цветы, цветущая часть растений или цветение вообще	
цвѣтъкъ	цветок	
цвѣтьникъ	цветник	
цвѣтьно	цветок	
цвѣтьнꙑи	с узором цветами	
цвѣтьць	цветок	
ци	разве	
цини	название ткани	
циркꙑ	церковь	
цирюльникъ	цирюльник	
црькъвица	часовня	
црькꙑ	храм	
црѣнъ	чан для выварки соли	
цьркъвьскꙑ	согласно церковным правилам	
цьркꙑ	храм вообще	
Цьсарьгородъ	Царьгород, Царьград, Константинополь	
цєниньнꙑи	окрашенный в цвет ценины	
цєрбъ	мера сыпучих тел	
цєръ	род дуба	
цєрєнъ	чан для выварки соли	
цѣ	хотя	
цѣвъка	моток пряденного золота и серебра	
цѣвьница	струна	
цѣвьница	лира	
цѣглъ	единственный	
цѣдить	цедить	
цѣжь	раствор муки для киселя	
цѣлизна	целина	
цѣлило	облегчение	
цѣлина	новь	
цѣлити	лечить	
цѣлити	исцелять	
цѣлитєль	врачеватель	
цѣлитєль	врач	
цѣловальникъ	присяжный человек	
цѣлованиѥ	лобзание	
цѣловати	приветствовать	
цѣловати	целовать	
цѣловать	целовать	
цѣломудріе	целомудрие	
цѣломѫдриѥ	сдержанность	
цѣломѫдрованиѥ	здравомыслие	
цѣломѫдровати	быть сдержанным	
цѣломѫдрость	сдержанность	
цѣломѫдрьствиѥ	благоразумие	
цѣломѫдрьствовати	быть сдержанным	
цѣломꙋдрити	быть целомудренным	
цѣломꙋдрьно	целомудренно	
цѣломꙋдрьнѣ	целомудренно	
цѣломꙋдрꙑи	чистый	
цѣлоѹмьнѣ	целомудренно	
цѣлъ	целый	
цѣлый	целый	
цѣльба	лекарство	
цѣльба	исцеление	
цѣльбьница	исцелительница	
цѣлѣти	исцеляться	
цѣлѣти	выздоравливать	
цѣлѥниѥ	врачевание	
цѣлꙑи	здоровый	
цѣна	плата	
цѣна	цена	
цѣнити	оценивать	
цѣньнꙑи	денежный	
цѣпити	щепить	
цѣпь	цепь	
цѣрь	сера	
цѣсарити	владычествовать	
цѣсарица	царица	
цѣсарь	царь, монарх, самодержец	
цѣсарь	император Римской империи	
цѣсарьскꙑ	по-царски	
цѣсарьскꙑи	царский	
цѣсарьствиѥ	царство	
цѣсарьство	царство	
цѣсарьствовати	царствовать	
цѣсарєвьна	дочь царя	
цѣста	дорога	
цѣстило	жертвенник	
цѣстити	чистить	
цѣстити	кастрировать	
цѣща	ради	
цѧта	мелкая монета	
цѧтоимьство	публичный дом	
чабьръ	чабер	
чабьрь	чабрец	
чага	невольница	
чадити	родить	
чадо	дитя	
чадородиѥ	деторождение	
чаица	название птицы	
чалꙑи	серобурый	
чапъ	пчела	
чара	чаша	
чаровьникъ	чародей	
чародѣица	колдунья	
чародѣица	обманщик	
чародѣꙗниѥ	колдовство	
чародѣꙗти	колдовать	
чаротворьць	чародей	
чаръ	чародейство	
чаръка	уменьшительное от чара	
часовьникъ	часовня	
часовьнѧ	молельня	
часозвонѧ	часы с боем	
часомѣрие	часы	
часомѣрити	измерять время часами	
частити	часто что-нибудь делать	
часто	часто	
частокроть	часто	
частꙑни	густота	
часъ	час (единица измерения времени)	
часъ	час, время, пора	
часъ	время, пора	
часьнъ	часовой	
часьць	минута	
чаторъ	?	
чаша	чаша	
чашька	чашка	
чащава	чаша	
чающій	чающий	
чаꙗниѥ	ожидание	
чаꙗти	надеяться	
чаꙗти	ждать	
человѣколюбіе	человеколюбие	
человѣкъ	человек (во всех значениях)	
человѣческій	человеческий	
черезъ	через	
черпающій	черпающий	
чертогъ	чертог	
чесати	чесать	
чесо	чего	
честолюбіе	честолюбие	
чиготъ	спатарий	
чии	чей	
чинити	изготовлять	
чинити	устраивать	
чиновьникъ	сановник	
чинъ	порядок	
чиньно	стройно	
число	число [1]	
числѧкъ	податный человек	
чисмѧ	счёт	
чисмѧ	число	
чиста	утроба	
чисти	считать	
чисти	читать	
чисти	почитать	
чистило	очищение	
чистина	искренность	
чистина	чистота	
чистити	очищать	
чистити	чистить	
чиститєль	священнослужитель	
чиститєльскꙑ	как подобает священнику	
чиститєльскꙑи	священнический	
чиститєльство	сан священника	
чиститєльство	священство	
чисто	чисто	
чистодѣтєль	праведник	
чистолюбьць	сторонник чистоты	
чистолѣпьно	благопристойно	
чистосвѣтьло	лучезарно	
чистость	чистота	
чистота	очищение	
чистота	чистота	
чистотаиникъ	свидетель таинственного видения	
чистъ	чистый	
чистѣ	чисто	
читающій	читающий	
чичакъ	шишак	
чища	росчисть	
чищєнина	росчисть	
чланъкъ	часть	
членъ	член	
чловѣколюбивъ	человеколюбивый	
чловѣколюбиѥ	человеколюбие	
чловѣколюбьствиѥ	человеколюбие	
чловѣколюбьць	человеколюбец	
чловѣкоѹбиица	человекоубийца	
чловѣкоѹбоица	человекоубийца	
чловѣкъ	человек	
чловѣкѹѹгодьникъ	тот, кто людям угождает	
чловѣчь	человеческий	
чловѣчьскъ	человеческий	
чловѣчьство	человечество	
члѣнъ	часть тела	
чортъ	мифол., религ. чёрт; в ряде верований — злой дух низкого ранга, адское зловредное существо с рогами, хвостом и копытами на ногах	
чрезъ	чрез	
чръвь	вариант чрьвь	
чрьвлѥнъ	пурпурный	
чрьвь	червь	
чрьвь	моль	
чрьмьновати сѧ	краснеть	
чрьнило	сажа	
чрьница	монахиня	
чрьнориꙁьць	монах	
чрьнъ	чёрный	
чрьньць	монах	
чрьта	черта	
чрьтати	чертить	
чрѣвии	обувь	
чрѣво	обувь	
чрѣво	живот, чрево	
чрѣвообьꙗстивꙑи	прожорливый	
чрѣвообьꙗстьникъ	обжора	
чрѣвъ	живот	
чрѣда	стадо	
чрѣдъка	череда	
чрѣдꙑи	твёрдый	
чрѣждєниѥ	пир	
чрѣнъ	рукоять	
чрѣпина	черепок	
чрѣпъка	скорлупа	
чрѣсла	поясница	
чрѣсъ	через	
чрѣшьнѧ	черешня	
чтеніе	чтение	
чтущій	чтущий	
чувствованіе	чувствование	
чьбанъ	сосуд	
чьвановати	наливати	
чьванъ	кувшин	
чьваньць	кувшин	
чьваньчии	виночерпий	
чьваньчиꙗ	виночерпий	
чьванꙑи	смешанный	
чьпагъ	карман	
чьпьрь	сладость	
чьрвивꙑи	изъеденный червями	
чьрвильница	красильня	
чьрвлєна	багряница	
чьрвоточина	червоточина	
чьрвь	червь	
чьрвьць	червяк	
чьрвєнъ	название июля месяца	
чьрвѧкъ	саранча	
чьрмьнь	румянец	
чьрмьньство	краснота	
чьрнило	чернило	
чьрница	монахиня	
чьрноборьць	сборщик чёрного бора	
чьрнокѹньць	?	
чьрноризица	монахиня	
чьрноризьнꙑи	носящий монашескую одежду	
чьрноризьскꙑи	монашеский	
чьрноризьць	чернец	
чьрноризьчьскꙑи	монашеский	
чьрность	чернота	
чьрнота	чернота	
чьрнь	чернота	
чьрньнꙑи	чёрный	
чьрньць	монах	
чьрньцєвъ	притяжательное прилагательное от чьрньць	
чьрньцєлюбьць	почитатель монахов	
чьрньчии	прилагательное от чьрньць	
чьрньчищє	увеличительное от чьрньць	
чьрньчьнꙑи	монашеский	
чьрньчьскꙑ	по-монашески	
чьрньчьскꙑи	монашеский	
чьрньчьство	монашество	
чьрньчьствовати	монашествовать	
чьрнѧва	треволнение	
чьрнѧдь	утка особой породы	
чьрпало	ковш	
чьрпальникъ	ковш	
чьрпальцє	ковшик	
чьрпаниѥ	черпание	
чьрпати	черпать	
чьрпьць	виночерпий	
чьрпьчии	виночерпий	
чьрство	упорно	
чьрствѣ	искренно	
чьрствꙑи	твёрдый	
чьрсти	чертить	
чьрта	нарезка	
чьртаниѥ	?	
чьртогъ	палата	
чьртожьникъ	брачная комната	
чьртожьница	чертог	
чьртожьнꙑи	палатный	
чьртєжищє	?	
чьртєжь	отметка	
чьрчатꙑи	красный	
чьрчєга	кнут	
чьрща	шатёр	
чьстивъ	набожный	
чьстивьнꙑи	чтимый	
чьстивꙑи	благочестивый	
чьстити	чтить	
чьстолюбиѥ	?	
чьсть	почёт	
чьсть	честь	
чьстьникъ	достойный уважения	
чьстьно	честно	
чьстьно	почтительно	
чьстьнолюбьнꙑи	почитаемый	
чьстьноприꙗтиѥ	гостеприимство	
чьстьность	достоинство	
чьстьнꙑи	почтенный	
чьстꙑнѧ	?	
чьтити	почитать	
чьто	что	
чьто	как	
чьтьць	чтец	
чьтьчаꙗ	жена церковного чтеца	
чьтєниѥ	назначенное для чтения	
чьтєниѥ	чтение	
чьхъ	чихание	
чєботъ	башмак на каблуках с острыми загнутыми вверх носками	
чєглꙑи	подлинный	
чєканъ	кирка	
чєклꙑи	настоящий	
чєкъма	чаша у кисти	
чєло	чело	
чєло	лоб	
чєлобитиѥ	приветствие	
чєлобитьнꙑи	просительный	
чєловѣковидьно	подобно человеку	
чєловѣколюбивꙑи	любящий человечество	
чєловѣколюбиѥ	милосердие	
чєловѣколюбьзьнꙑи	приятный людям	
чєловѣколюбьнꙑи	человеколюбивый	
чєловѣколюбьство	человеколюбие	
чєловѣколюбьць	любящий человечество	
чєловѣконєнавидьць	человеконенавистник	
чєловѣконєнавистьникъ	человеконенавистник	
чєловѣконєнавистьць	ненавидящий человечество	
чєловѣкообразьно	в виде человека	
чєловѣкообразьнꙑи	имеющий образ человека	
чєловѣкообꙑчьно	свойственно людям	
чєловѣкъ	человек	
чєловѣчинъ	человек	
чєловѣчьскꙑ	по-человечески	
чєловѣчьскꙑи	понятный человеку	
чєловѣчьство	человечество	
чєловѣчьствовати	быть снисходительным	
чєлъка	передняя часть женского головного убора	
чєлюстъка	название крюкового знака	
чєлюсть	челюсть	
чєлѧдинъ	раб	
чєлѧдьнѧ	помещение для слуг	
чємєръ	чемерица	
чєпоръ	?	
чєпъчька	цепочка	
чєпьчька	цепочка	
чєрга	очередь	
чєросъ	вариант чєрєсъ	
чєрємъха	черёмуха	
чєрємъховꙑи	прилагательное от чєрємъха	
чєрєнъ	рукоять	
чєрєсла	поясница	
чєрєсъ	движение сквозь что-либо	
чєрєшьнѧ	черешня	
чєсало	гребень	
чєсати	собирать (плоды)	
чєсати	чесать	
чєтворица	четверо	
чєтворо	числом четыре	
чєтворꙑ	числом четыре	
чєтврьтовластьникъ	тетрарх	
чєтврьтовластьствовати	быть тетрархом	
чєтврьтовластьць	тетрарх	
чєтврьтодьньнъ	четырёхдневный	
чєтврьтъ	четвёртый	
чєтврьтъкъ	четверг	
чєтврѣгѹбꙑи	в четверо больший	
чєтврѣногꙑи	четвероногий	
чєтвьртина	четверть	
чєтвьртъка	денежная единица	
чєтвьрть	четвёртая доля	
чєтвьртьникъ	четверовластник	
чєтвьртьница	число, состоящее из четырёх	
чєтвьртьнꙑи	четырёхугольный	
чєтвьртьца	денежная единица	
чєтвєрамоострꙑи	четырёхгранный	
чєтвєро	числом четыре	
чєтвєровладꙑка	четверовласник	
чєтвєрогѹбь	в четверо больший	
чєтвєродєсѧтьно	сорок	
чєтвєрократиньно	четыре раза	
чєтвєроногꙑи	имеющий четыре ноги	
чєтвєроножь	четвероногое животное	
чєтвєропѣсньна	четверопеснец	
чєтвєроскѹтьнꙑи	состоящий из четырёх кусков ткани	
чєтвєрꙑ	четыре числом	
чєтъка	четвёртка	
чєтꙑри	четыре	
чєтꙑридєсѧтєчислꙑи	состоящий из сорока	
чєтꙑриногꙑи	четвероногий	
чєтꙑрє	четыре	
чєтꙑрєждꙑ	четыре раза	
чєхълъ	покрывало	
чєчакъ	шишак	
чєшвєꙗ	чешуя	
чєшѹꙗ	чешуя	
чѣсъ	вариант часъ	
чѣша	вариант чаша	
чѧдо	ребёнок, чадо	
чѧдолюбивъ	любящий детей	
чѧдьцє	дитя	
чѧсто	часто	
чѧсть	часть	
чѹбарꙑи	рябой	
чѹвьствиѥ	чувство	
чѹвьство	чувство	
чѹвьствовати	ощущать	
чѹвьствьно	ощутительно	
чѹдити	восхвалять	
чѹдитєль	восхвалитель	
чѹдо	чудо	
чѹдодѣниѥ	чудо	
чѹдодѣꙗниѥ	чудес сотворение	
чѹдодѣꙗти	чудесно производить	
чѹдотворити	совершать чудеса	
чѹдотвориѥ	чудо	
чѹдотворъ	чудотворец	
чѹдотворьць	чудотворец	
чѹдотворѥниѥ	чудо	
чѹдьно	удивительно	
чѹдьнꙑи	чудесный	
чѹждꙑи	чужой	
чѹжєхꙑщьникъ	грабитель	
чѹжєхꙑщьць	грабитель	
чѹиство	ощущение	
чѹнꙋти	бранить	
чѹпрѹнъ	женский кафтан	
чѹти	чувствовать	
шабьръ	член одной общины	
шакалъ	шакал	
шаманъ	шаман	
шандалъ	подсвечник	
шапъка	мужской головной убор	
шарити	красить	
шарлатъ	название сорта сукна	
шарописатєль	живописец	
шарота	краска	
шаръ	краска	
шаръчии	живописец	
шата	плащ	
шатеръ	шатёр	
шатьръ	шатёр	
шахавꙑи	изменчивый	
шахматьци	узор в клетку наподобие шахматной доски	
шахматꙑ	шахматы	
шахꙑ	игра в шашки	
шибало	бич	
шибати	ударять	
шибати	бить, хлестать, стегать	
шибити	поразить	
шида	шёлк	
шидьнꙑи	шёлковый	
шикъ	шёлк	
шипагъ	пазуха	
шипъкъ	роза	
ширинъ	широта	
ширинъка	пелена церковная	
широкой	вариант широкий	
широкъ	широкий	
широкій	широкий	
широногꙑи	широконогий	
ширость	ширина	
широта	ширина	
широта	широта	
ширє	в ширину	
ширꙋкъ	?	
ширꙑни	ширина	
шити	шить	
шишька	кубарь	
шиꙗ	шея	
шиꙗ	анат. шея	
шкабатъ	лошадь	
шкиль	шиллинг	
шкода	убыток	
шкодьникъ	хулитель	
школа	училище	
шлѣмъ	шлем	
шлѧхта	мелкое дворянство	
шлѧхтичь	дворянин	
шнуръ	шнур	
шовъ	шов (во всех значениях)	
шпиль	актёр; шут, скоморох, потешник	
шпильманъ	лицедей	
шумящій	шумящий	
шура	рег. (твр.), рег. (пск.) женский детородный уд	
шхѧхтичь	дворянин	
шьвєнъ	шитый	
шьгла	лестница в одно бревно с вырубами или набоями	
шьпътаниѥ	клевета	
шьпътати	шептать, нашёптывать	
шьрсть	волос животного	
шьршьнь	шершень	
шьствиѥ	путешествие	
шьствовати	следовать	
шьстиѥ	путешествие	
шьтина	шестая доля	
шьшєнь	рис	
шєврига	севрюга	
шєвъгоньство	щегольство	
шєга	шутка	
шєгавꙑи	непостоянный	
шєгати	высмеивать	
шєговати	насмехаться	
шєгривꙑи	легкомысленный	
шєлковица	шелковичный червь	
шєлковꙑи	сделанный из шёлковой ткани	
шєлкъ	шелковица	
шєломъ	шлем	
шєломѧ	холм	
шєлѧгъ	название монеты	
шєлѹдивꙑи	шелудивый	
шєлꙑга	плеть с куском металла на конце	
шєрть	клятва	
шєстарь	сосуд	
шєстижьдꙑ	шесть раз	
шєстищи	шесть раз	
шєстиꙗ	кружка	
шєстокрилатьць	тот, кто имеет шесть крыльев	
шєстокрилатꙑи	имеющий шесть крыльев	
шєстоногꙑи	шестиногий	
шєстопєръ	дубина	
шєстъ	шестой	
шєсть	шесть	
шєстьнадєсѧть	шестнадцать	
шѧтаниѥ	возмущение	
шѹба	меховое верхнее платье	
шѹбьнꙑи	прилагательное от шѹба	
шѹии	левый	
шѹица	левая рука	
шѹмъ	гомон	
шѹмъ	шум	
шѹмьнꙑи	шумливый	
шѹмѣти	шуметь	
шѹринъ	брат жены	
шѹричь	сын шурина	
шѹриꙗ	братья жены	
щавьнꙑи	кислый	
щадритєль	щедрый даритель	
щадящій	щадящий	
щадєниѥ	скупость	
щадѣти	щадить	
щапити	щеголять	
щапливꙑи	щегольский	
щетъ	счёт	
щитити	защищать	
щитъ	щит	
щитьникъ	изготовляющий щиты	
щитьнꙑи	щитовой	
щола	облачение	
щьлѧгъ	название монеты	
щьпа	осколок дерева	
щьрбина	ущерб	
щьрбопохвалєниѥ	скудная похвала	
щьрбꙑи	несовершенный	
щєдро	обильно	
щєдрость	милость	
щєдрꙑи	щедрый	
щєкътъ	соловьиное пение	
щѧдѣти	щадить	
щѹдовинъ	великан	
щѹдъ	исполин	
щѹдь	нрав	
щѹдьнꙑи	податливый	
щѹдєниѥ	щедрость	
щѹждєкръмьница	трапезная для странников	
щѹплꙑи	жалкий	
щѹръ	название особой породы птиц	
экспериментъ	эксперимент	
экстрактъ	экстракт	
эѳиръ	эфир	
эѳіопъ	житель или уроженец Эфиопии, эфиоп	
эѳіопъ	негр, чернокожий мужчина	
эѳіопъ	бран. варвар, урод	
ю	теперь	
юбагърꙑи	светло-синий	
юбииство	убийство	
юговъ	южного ветра	
югозападный	устар. юго-западный	
югъ	неисч. то же, что юг; сторона света, соответствующая положению Солнца на небе в полдень	
югъ	перен., неисч. то же, что юг; часть какой-нибудь территории, лежащая к югу [1] от остальных	
югъ	перен., исч. то же, что юг; южные страны или области	
югълиѥ	угли	
югълъ	угол	
югъль	уголь	
югъльнꙑи	угловой	
юдоль	долина	
юдъ	часть тела	
юдѹ	где	
южика	родственник	
южьникъ	узник	
южьскъ	южный	
южьскꙑи	южный	
южє	уже	
южє	канат	
юза	цепь	
юкоть	коготь	
юкъ	вьюк	
юма	лодка	
юмшанъ	броня из металлических дощечек	
юнакъ	молодец	
юнда	рыбачья мережа	
юница	телица	
юница	тёлка	
юничии	притяжательное прилагательное от юница	
юность	юность	
юность	молодость	
юностьнꙑи	юношеский	
юнота	юноша	
юнотъка	девушка	
юнотьство	молодость	
юноша	юноша	
юношьнꙑи	юношеский	
юнъ	юный	
юньць	телец	
юньць	молодой бык	
юньчь	бычий	
юорѹжити	вооружить	
юпа	халат	
юродивꙑи	неразумный	
юродословиѥ	пустословие	
юродъ	безумец	
юродьнꙑи	ничтожный	
юродьство	безумие	
юрожда	безумие	
юртовищє	шатёр	
юртъ	род	
юсинь	синеватый	
юсєница	гусеница	
ютроба	чрево	
ютробьнꙑи	утробный	
ютрь	внутренность	
ютрь	внутрь	
ютрьнии	внутренний	
ютрьнєвати	стремиться	
юха	навар	
ючьнꙑи	вьючный	
ючьрмьнь	красноватый	
явившій	явивший	
явившійся	явившийся	
явленіе	явление	
являющійся	являющийся	
ядущій	ядущий	
ядши	дееприч. от ясти	
ядый	едящий	
ядя	дееприч. от ясти	
языковѣдѣніе	лингв. языковедение	
языкознанье	устар. языкознание	
языкъ	язык (во всех значениях)	
язычникъ	язычник	
яркій	яркий	
ёжъ	зоол. ёж	
євангєлиискъ	евангельский	
євангєлиѥ	евангелие	
євангєльскъ	евангельский	
євга	Евга	
євжинъ	прилагтельное от євга	
єврєи	еврей	
єврєискъ	еврейский	
єврєискꙑ	по-еврейски	
єврѣискъ	еврейский	
єврѣискꙑ	по-еврейски	
євтаи	Евтей	
євшанъ	вид полыни	
єгѵпьтьскъ	египетский	
єгѵпьтѣнинъ	египтянин	
єдинако	однако	
єдиногласьно	единогласно	
єдиногласьнѣ	единогласно	
єдинождꙑ	в один раз	
єдиноичь	однажды	
єдиномꙑсльно	?	
єдиномꙑсльнѣ	согласно	
єдинєниѥ	соединение	
єдємьскъ	едомский	
єжєлѣть	ежегодно	
єжєнєдѣль	еженедельно	
єзєро	озеро	
єзꙑчина	?	
єлижьдꙑ	сколько раз	
єлина	ель	
єлинъ	грек, эллин	
єлиньскъ	эллинский	
єлинꙑни	гречанка, эллинка	
єлиспонтьскъ	геллеспонтский	
єлиѥꙁоръ	Елиазар	
єллинъ	грек, эллин	
єловьць	лоскут, вставляемый в трубку на вершине шлема	
єловꙑи	еловый	
єлєна	Елена	
єлєоньскъ	елеонский	
єлєфантєсъ	слон	
єнохъ	Енох	
єнтарь	янтарь	
єпархъ	наместник области	
єпарьшьскъ	наместнический	
єпискѹпъ	религ. епископ	
єпискѹпьскъ	епископский	
єрданьскъ	иорданский	
єрєнгъ	род сукна	
єрєсь	ересь	
єрєтикъ	еретик	
єсромъ	Есром	
єсть	название буквы "е"	
єстєса	шулята	
єсє	вот	
єфрємовъ	Ефремов	
єфрємъ	Ефрем	
єфєсъ	Эфес	
Єѵрѡпа	геогр. Европа	
ѕвѣꙁдоꙁьрьць	звездочёт	
ѕѣло	очень, слишком; гораздо больше, ещё больше	
Іерусалимъ	Иерусалим; древний город на Ближнем Востоке, священный для христианства, иудаизма и ислама	
Іисусъ	Иисус; мужское имя еврейского происхождения	
Іисусъ Христосъ	Иисус Христос; основатель и центральная личность в христианстве	
іодъ	хим. йод	
іодъ	разг. то же, что йодная настойка; дезинфицирующее средство, водно-спиртовый раствор иода и иодида калия	
Іорданъ	Иордан	
Іорданія	Иордания; государство на Ближнем Востоке	
Іосифъ	Иосиф; мужское имя	
іудаизмъ	религ. иудаизм	
іюль	июль; седьмой месяц календарного года	
іюнь	июнь; шестой месяц календарного года	
їсторїꙗ	история	
ѣ	истор. буква ять	
ѣвши	дееприч. от ѣсть	
ѣвшій	евший	
ѣвъ	дееприч. от ѣсть	
ѣда	еда (во всех значениях)	
ѣдучи	дееприч. от ѣхать	
ѣдчи	прост. дееприч. от ѣсть	
ѣдьно	язва	
ѣдьнѧ	пища	
ѣдєниѥ	еда	
ѣдѧ	вариант ѣдꙑ	
ѣдꙑ	едящий	
ѣзвьнꙑи	раненый	
ѣздило	колесница	
ѣздити	ездить	
ѣздячи	дееприч. от ѣздить	
ѣздящій	ездящий	
ѣзѧ	малакия	
ѣсти	есть	
ѣсть	есть; принимать пищу, питаться	
ѣсть	есть; употреблять что-либо в пищу	
ѣстєль	питающийся	
ѣхати	поехать	
ѣхать	ехать	
ѣша	если бы	
ѥдинобожиѥ	единобожие	
ѥдиносѫщиѥ	единосущность	
ѥдинъ	один	
ѥдиньство	единство	
ѥдинѥниѥ	единение	
ѥдьногласиѥ	согласие	
ѥдьнорождєнъ	единородный	
ѥдьнъ	один	
ѥзєро	геогр	
ѥи	да, так	
ѥлень	олень	
ѥлєнь	олень	
ѥлѣи	елей	
ѥрмии	название планеты	
ѥстьствиѥ	природа	
ѥстьство	естество	
ѥсєнь	осень	
ѥсєньскъ	осенний	
ѥщє	ещё	
ѩзꙑчьникъ	язычник	
ѩти	схватить	
ѩтиѥ	взятие	
ѩчьмꙑкъ	ботан. ячмень (Hordeum)	
ѩꙁꙑкъ	язык	
ѩꙁꙑкъ	народ	
ѫгль	уголь	
ѫгълъ	угол	
ѫдица	удочка	
ѫдолиѥ	долина	
ѫдоль	долина	
ѫжика	родственник, родственница	
ѫжика	собир. родня, родственники	
ѫжичьство	родство	
ѫжьникъ	узник	
ѫжє	верёвка, канат	
ѫжє	петля	
ѫжє	мн. ч. силки, сети	
ѫзъкъ	узкий	
ѫродивъ	неразумный	
ѫродовати	оглуплять	
ѫродъ	глупец	
ѫродьскꙑ	глупо	
ѫродьство	глупость	
ѫродьствовати	поступать глупо	
ѫсобица	мятеж	
ѫтроба	внутренности, внутренность	
ѫтроба	перен. сердце, душа	
ѫтроба	живот	
ѫтрь	внутрь	
ѫꙁа	оковы, кандалы; узы	
ѫꙁъкъ	узкий	
ѫꙁьникъ	узник	
ѳараонъ	титул древне-Египетских царей	
ѳарисъ	конь	
ѳасѹли	бобы	
ѳерезь	верхняя комнатная одежда	
ѳилосоѳиꙗ	науки	
ѳиникъ	плод финиковой пальмы	
ѳинифть	финифть	
Ѳома	Фома; мужское имя	
ѳома	Фома	
ѳьмьꙗньница	кадильница	
Ѳёдоръ	Фёдор; мужское имя	
ѳєологъ	богослов	
ѵпостась	церк., религ. то же, что ипостась; одно из лиц христианской троицы	
ѵпостась	перен. одна из форм проявления, воплощения кого-либо, чего-либо	
ѵпостась	сущность	
ѹ	теперь	
ѹа	восклицание, выражающее презрение	
ѹбагърꙑи	светло-багряный	
ѹбадати	закалывать	
ѹбаловати	вылечить	
ѹбиваниѥ	убивание	
ѹбивати	колоть	
ѹбивати	убивать	
ѹбииство	убийство	
ѹбиица	убийца	
ѹбити	попортить	
ѹбити	убить	
ѹбитиѥ	убиение	
ѹбиѥниѥ	убиение	
ѹбиѥниѥ	умерщвление	
ѹбиꙗти	убивать	
ѹблажити	восхвалить	
ѹблажити	сделать добро	
ѹблазнъ	соблазн	
ѹблюсти	уберечь	
ѹбо	же	
ѹбогъ	убогий	
ѹбогꙑи	убогий	
ѹбожити	делать бедным	
ѹбожьство	нужда	
ѹбои	убиение	
ѹбои	убийство	
ѹбоиство	убийство	
ѹбоица	убийца	
ѹбоичьскꙑ	как убийца	
ѹборокъ	мера вместимости	
ѹбоꙗти сѧ	испугаться	
ѹбрєсти	убежать, идя вброд	
ѹбрѹсъ	платок	
ѹбънꙋти	пробудить	
ѹбєрєжь	побережье	
ѹбѣгнѫти	убежать	
ѹбѣдити	уговорить	
ѹбѣдити	принудить	
ѹбѣжаниѥ	избежание	
ѹбѣжати	спастись бегством	
ѹбѣжати	убежать	
ѹбѣжищє	прибежище	
ѹбѣжьнъ	служащий прибежищем	
ѹбѣлити	выбелить	
ѹбѣлѣти	побелеть	
ѹбѹдити	пробудить	
ѹбѹдити	разбудить	
ѹбꙑвати	уменьшаться	
ѹбꙑти	уменьшиться	
ѹбꙑтъкъ	ущерб	
ѹва	восклицание, выражающее презрение	
ѹварити	разварить	
ѹвидѣти	увидеть	
ѹволокъ	похищение	
ѹволочи	похитить	
ѹволочьскꙑи	относящийся к похищению	
ѹворотити	повернуть	
ѹворотъ	поворот	
ѹврѣдити	бесчестить	
ѹврѣсти	приоткрыть	
ѹвьртѣти	завернуть	
ѹвєсти	увести	
ѹвѣдѣниѥ	познание	
ѹвѣдѣти	узнать	
ѹвѣрити	утвердить	
ѹвѣрити	убедить	
ѹвѣровати	доверить	
ѹвѣсити	обвешать	
ѹвѣсло	головная повязка	
ѹвѣтъ	утешение	
ѹвѣтьникъ	утешитель	
ѹвѣщавати	уговаривать	
ѹвѣщавати	увещевать	
ѹвѣщаниѥ	наставление	
ѹвѣщати	уговорить	
ѹвѧдити	иссушить	
ѹвѧждати	засушивать	
ѹвѧзати	опутывать	
ѹвѧзнꙋти	завязнуть	
ѹвѧнѫти	увянуть	
ѹвѧсло	перевязь	
ѹвѧꙁати	увязать	
ѹвѧꙁнѫти	увязнуть	
ѹвꙑ	восклицание, выражающее горе	
ѹгадати	уговориться	
ѹгаждати	угождать	
ѹгасати	погасать	
ѹгасати	угасать	
ѹгасити	погасить	
ѹгаснѫти	погаснуть	
ѹгаснꙋти	перестать гореть	
ѹгасъ	прекращение горения	
ѹгашениѥ	погашение	
ѹгашєниѥ	погашение	
ѹгладити	сгладить	
ѹглѫбити	углубить	
ѹгнѣтати	давить	
ѹгнѣꙁдити сѧ	угнездиться	
ѹгобьзовати	преисполнить	
ѹговѣти	преклониться	
ѹгодити	угодить	
ѹгодиѥ	удовольствие	
ѹгодовати	обрабатывать	
ѹгодьникъ	угодник	
ѹгождєниѥ	угождение	
ѹгонити	прогнать	
ѹгоньзнꙋти	убежать	
ѹгорѣти	сгореть	
ѹгостити	принять как гостя	
ѹготованиѥ	приготовление	
ѹготовати	предназначить	
ѹготовати	приготовлять	
ѹготовити	приготовить	
ѹгошити	устроить	
ѹгрѧзнꙋти	завязнуть	
ѹгрꙑбати	поворачивать	
ѹгъ	юг	
ѹгъ	южная страна	
ѹгъ	южный ветер	
ѹгънꙋти	изогнуть	
ѹгꙑбнꙋти	погибнуть	
ѹда	снаряд для ручной одиночной ловли рыбы	
ѹдавити	задавить	
ѹдавити	удавить	
ѹдавлєнина	мясо удавленного животного	
ѹдавлѥниѥ	повешение	
ѹдалити	отдалить	
ѹдалѣти	находиться в стороне	
ѹдалꙑи	храбрый	
ѹдалꙗти сѧ	удаляться	
ѹдарити	стукнуть	
ѹдарити	ударить	
ѹдаръ	удар	
ѹдарꙗниѥ	пощёчина	
ѹдарꙗти	ударять	
ѹдварꙗти	водворять	
ѹдворьникъ	тот, кто живет рядом	
ѹдивити	сделать дивным	
ѹдо	часть	
ѹдобизно	отсутствие трудности	
ѹдоблꙗти	одолеть	
ѹдобрити	исправить	
ѹдобь	легче	
ѹдобь	возможный	
ѹдобьно	легко	
ѹдобьнѣ	легко	
ѹдобꙑи	лёгкий	
ѹдоволити	удовлетворить	
ѹдолѣти	одолеть	
ѹдолѣти	осилить	
ѹдоробь	?	
ѹдосити	застать	
ѹдрьжаниѥ	самообладание	
ѹдрьжати	удержать	
ѹдрѫчити	измучить	
ѹдрѫчєниѥ	умерщвление	
ѹдрꙋчити	живой	
ѹдъ	кусок	
ѹдъ	орган	
ѹдъно	?	
ѹдьнꙑи	относящийся к удам	
ѹдєбєлѣти	очерстветь	
ѹдєлѣти	одолеть	
ѹдѣбнѫти	подкараулить	
ѹдѣлати	доделать	
ѹдѣти	взять	
ѹдѹ	где	
ѹдꙑбати	ходить украдкой	
ѹжагати	сжигать	
ѹжасати	изумлять	
ѹжасивꙑи	изумительный	
ѹжасити	поразить	
ѹжастивꙑи	робкий	
ѹжасть	чудо	
ѹжастьнъ	пугающий	
ѹжасъ	страх	
ѹжасъ	трепет	
ѹжасьно	исступлённо	
ѹжасьнъ	охваченный ужасом	
ѹжасєниѥ	испуг	
ѹждє	уже	
ѹждꙑ	тогда	
ѹже	уже	
ѹжина	полдник	
ѹжичьствовати	пользоваться правом наследства по родству	
ѹжь	уж	
ѹжьнꙑи	южный	
ѹжє	уже	
ѹжєсточити	ожесточиться	
ѹжєсточєниѥ	ожесточение	
ѹжєщи	сжечь	
ѹзаконоположити	постановить	
ѹзворотити	возвратить	
ѹзвꙑшь	выше	
ѹзда	часть конской сбруи	
ѹздачь	правитель	
ѹзи	рис	
ѹзирати	созерцать	
ѹзлюбити	возлюбить	
ѹзорочиѥ	красота	
ѹзорочь	драгоценности	
ѹзоръ	изображение разводов и украшений	
ѹзъчина	узкий холст	
ѹзьникъ	узник	
ѹзѧтити	взять в зятья	
ѹи	дядя по матери	
ѹима	недостача	
ѹиставлѥниѥ	доказательство	
ѹистити	убедить	
ѹити	уйти	
ѹищєниѥ	удостоверение	
ѹказаниѥ	изложение	
ѹказаньнѣ	напоказ	
ѹказати	указать	
ѹказъ	пример	
ѹкалꙗти	запятнать	
ѹканꙋти	пролить	
ѹкарꙗти	осуждать	
ѹкарꙗти	порочить	
ѹкаꙁаниѥ	свидетельство	
ѹкаꙁати	указать	
ѹкладати	возлагать	
ѹкланꙗти сѧ	уклоняться	
ѹклонити	отклонить	
ѹклюнꙋти	ужалить	
ѹключьно	прилично	
ѹконьчати	уговориться	
ѹкора	укор	
ѹкорити	опозорить	
ѹкориꙁна	поношение	
ѹкоръ	оскорбление	
ѹкоръ	поношение	
ѹкорєниѥ	укор	
ѹкорѥниѥ	поношение	
ѹкраи	граница	
ѹкраина	граница, пределы, окраина	
ѹкраиникъ	живущий в пределах какой-либо местности	
ѹкраинꙑи	пограничный	
ѹкраплꙗти	обрызгивать	
ѹкрасити	раскрасить	
ѹкрасити	украсить	
ѹкрасовати	украсить	
ѹкрасти	украсть	
ѹкрашати	украшать	
ѹкрашєниѥ	украшение	
ѹкрои	пелена	
ѹкрои	погребальная пелена	
ѹкромь	отдельно	
ѹкромьно	вполне	
ѹкромьствовати	находиться в стороне	
ѹкроничь	?	
ѹкропъ	горячая, тёплая вода	
ѹкропъ	похлёбка	
ѹкропьникъ	сосуд для горячей воды	
ѹкропьница	сосуд для горячей воды	
ѹкропьць	тёплая вода	
ѹкротити	укротить	
ѹкротѣти	укрощаться	
ѹкрѣпити	укрепить	
ѹкрѣплꙗти	усиливать	
ѹкрѣплꙗти	укреплять	
ѹкрѣпѣти	окрепнуть	
ѹкрѹхъ	крошка	
ѹкрꙑти	скрыть	
ѹксь	ткань пурпурного цвета	
ѹксѹсъ	окислившееся вино	
ѹкъ	учение	
ѹкѹпѣ	вместе	
ѹлавлꙗти	ловить	
ѹлагати	отвергать	
ѹладити	уладить	
ѹланъ	лицо княжеского рода	
ѹлаꙗти	уловлять	
ѹлии	улей	
ѹловити	поймать	
ѹловлѥниѥ	добыча	
ѹложити	убавить	
ѹложєниѥ	положение	
ѹломити	сломить	
ѹлъка	малая улица	
ѹльстити	обмануть	
ѹльстити	оболгать	
ѹлюбити	выбрать	
ѹлюбѣти	понравиться	
ѹлєтѣти	улететь	
ѹлєчи	успокоиться	
ѹлєшти	утихнуть	
ѹлѧчити	скривить	
ѹлѫчити	предназначить	
ѹлѹсъ	селение (у татар)	
ѹлѹчити	встретить	
ѹлѹчити	достигнуть	
ѹлѹчьно	метко	
ѹлѹчєниѥ	достижение	
ѹмазати	умастить	
ѹмакати	омачивать	
ѹмалити	уменьшить	
ѹмалѣти	умалиться	
ѹмалꙗти	умалять	
ѹмарꙗти	изнурять	
ѹмарꙗти	убивать	
ѹмастити	умастить	
ѹмильнѣ	благоговейно	
ѹмилєнѣ	жалобно	
ѹмилѥниѥ	скорбь	
ѹминовати	миновать	
ѹминꙋти	избегать	
ѹмирати	умирать	
ѹмирити	умиротворить	
ѹмлькнѫти	замолчать	
ѹмльчати	замолчать	
ѹмолити	упросить	
ѹмолити	попросить	
ѹморити	погубить	
ѹмочити	увлажнить	
ѹмрьтвити	умертвить	
ѹмрьтвиѥ	кончина	
ѹмрьтити	умертвить	
ѹмрьтиѥ	кончина	
ѹмрьщвєниѥ	омертвение	
ѹмрѣти	погибнуть	
ѹмъ	решение	
ѹмъ	мысль	
ѹмъвєниѥ	умывание	
ѹмълвити	уговорить	
ѹмъножати	множиться	
ѹмъножити	умножить	
ѹмъножєниѥ	увеличение	
ѹмьдлити	замедлить	
ѹмьздити	вознаградить	
ѹмьнꙑи	умственный	
ѹмьрзѣти	опротиветь	
ѹмьрлꙑи	предсмертный	
ѹмєтати	бросать	
ѹмєтовати	отбрасывать	
ѹмѣръ	трата при перемерке	
ѹмѣсити	смесить	
ѹмѣти	понимать	
ѹмѣтєль	мастер	
ѹмѧкнѫти	стать мягким	
ѹмѧкнꙋти	стать мягким	
ѹмѧчити	умягчить	
ѹмѫдрꙗти	умудрять	
ѹмѫчити	замучить	
ѹмѹдити	замедлить	
ѹмѹдити	задержаться	
ѹмꙋдрити	одарить мудростью	
ѹмꙋчати	изнурять	
ѹмꙋчити	замучить	
ѹмꙑвальница	сосуд для умывания	
ѹмꙑваниѥ	омовение	
ѹмꙑвати	умывать	
ѹмꙑкати	похищать	
ѹмꙑслити	задумать	
ѹмꙑти	облить	
ѹмꙑти	умыть	
ѹмꙑчька	похищение	
ѹмꙑшлѥниѥ	помышление	
ѹнабъдѣти	соблюсти	
ѹнии	лучший	
ѹникиꙗ	унция	
ѹнити	предпочитать	
ѹничижити	уничтожить	
ѹничьжєниѥ	унижение	
ѹноровити	угодить	
ѹнотъка	девица	
ѹношьскꙑ	бодро	
ѹньзнѫти	пронзить	
ѹньзнꙋти	вонзиться	
ѹньшина	благополучие	
ѹнє	лучше	
ѹнєвѣстити	предназначить в невесты	
ѹнєсти	вынести	
ѹнѣи	?	
ѹнѣти	быть цветущим	
ѹнѧти	убавить	
ѹнꙑи	юный	
ѹнꙑльствовати	печалиться	
ѹнꙑлꙑи	угрюмый	
ѹнꙑниѥ	тоска	
ѹнꙑнѥниѥ	тоска	
ѹнꙑти	опечалиться	
ѹнꙑти	пасть духом	
ѹобидѣти	обидеть	
ѹобиловати	дать в изобилии	
ѹобраꙁити	образовать	
ѹоружити	вооружить	
ѹорѫжити	вооружить	
ѹострѣти	наостриться	
ѹотълѹчити	отлучить	
ѹпадати	падать	
ѹпасти	свалиться	
ѹпасти	упасть	
ѹпаꙗти	напоять	
ѹпаꙗти	поить	
ѹпивати сѧ	напиваться	
ѹпирати	поднимать тяжбу	
ѹпирь	упырь	
ѹпитати	выкормить	
ѹпитиѥ	опьянение	
ѹпитѣнъ	откормленный	
ѹпитѣти	выкормить	
ѹпихати	толкать	
ѹплѣнꙗти	пленять	
ѹподарꙗти	удовлетворять	
ѹподобити	сравнить	
ѹподобити	уподобить	
ѹподоблꙗти сѧ	уподобляться	
ѹподобьно	?	
ѹпои	опьянение	
ѹпоити	насытить	
ѹпоити	напоить	
ѹпоичивꙑи	склонный к пьянству	
ѹпокои	успокоение	
ѹполовьникъ	уполовник	
ѹполѹчьно	удачно	
ѹправити	наставить	
ѹправити	выровнять	
ѹправлєно	правильно	
ѹправлѥниѥ	исправление	
ѹправлꙗти	направлять по прямому пути	
ѹпражнѥниѥ	занятие	
ѹпрашати	спросить	
ѹпраꙁнити	опорожнить	
ѹпросити	спросить	
ѹпросъ	расследование	
ѹпрѧмити	направить	
ѹпъваниѥ	упование	
ѹпъвати	уповать	
ѹпълзти	сползти	
ѹпьстрити	украсить	
ѹпьхнꙋти	толкнуть	
ѹпєпєлити	испепелить	
ѹпєрєдити	упредить	
ѹпѹстити	выпустить	
ѹпѹстити	упустить	
ѹпѹщати	плакать	
ѹразити	ударить	
ѹразѹмѣти	понять	
ѹривати	напирать	
ѹристаниѥ	ристание	
ѹрицати	поносить	
ѹродъ	безумец	
ѹродьсцѣ	глупо	
ѹрозѹмѣти	узнать	
ѹроити	вспахивать	
ѹрокъ	уговор	
ѹротити	взять обещание с кого-либо	
ѹрочивꙑи	клеветник	
ѹръвати сѧ	вырваться	
ѹрєчи	определить	
ѹрєшти	обусловить	
ѹрѣшити	развязать	
ѹрѧдити	устроить	
ѹрѧжати	устраивать	
ѹсадити	посадить	
ѹсадищє	усадьба	
ѹсахꙋзь	серьга	
ѹсваꙗти	делать близким, не чуждым	
ѹсвоити	приобрести	
ѹсвоѥвати	присваивать	
ѹсвѣтити	разукрасить так, чтобы сияло	
ѹсилити	дать силу	
ѹсиловати	трудиться	
ѹсилꙗти	давать силу	
ѹсиꙗниѥ	сияние	
ѹскорити	поспешить	
ѹскочити	убежать	
ѹскърбити	оскорбить	
ѹслабѣти	ослабеть	
ѹсладити	сделать приятным	
ѹсладѣти	стать сладким	
ѹслажати	доставлять блаженство	
ѹслаждати	радовать	
ѹсльзити	вызвать слезы	
ѹслѹговати	служить	
ѹслѹжати	служить	
ѹслѹжити	послужить	
ѹслꙋчати	поражать	
ѹслꙋчити	поразить	
ѹслꙑшавати	слышать	
ѹслꙑшаниѥ	разговоры	
ѹслꙑшати	услышать	
ѹслꙑшєвати	услышать	
ѹсма	кожа	
ѹсмарь	кожевник	
ѹсмарьскꙑи	кожевенный	
ѹсмарѧжьнꙑи	кожевника	
ѹсмиꙗти сѧ	надсмеяться	
ѹсмъ	кожа	
ѹсмь	кожа	
ѹсмѣнъ	кожаный	
ѹсниꙗнъ	кожаный	
ѹснѹбити	прельстить	
ѹсобица	междоусобие	
ѹсохъ	высохшее русло	
ѹспалъка	гнев	
ѹспорити	умножить	
ѹспрѧнꙋти	воспрянуть	
ѹспѣвати	приносить пользу	
ѹспѣвати	успевать	
ѹспѣти	пропеть	
ѹспѣти	успеть	
ѹспѣхъ	удача	
ѹспѣшити	принести пользу	
ѹспѣшьно	благополучно	
ѹспѣшьнъ	полезный	
ѹспѣшєниѥ	польза	
ѹспѣꙗти	достигнуть	
ѹспѧти	натянуть	
ѹспѧть	назад	
ѹсрамлꙗти сѧ	стыдиться	
ѹсрьдиѥ	готовность	
ѹсрьдьнъ	усердный	
ѹста	уста	
ѹста	анат. рот, губы, уста	
ѹставити	установить	
ѹставичьнѣ	твёрдо	
ѹставливати	устраивать	
ѹставлѥниѥ	установление	
ѹставлꙗти	установлять	
ѹставлꙗти	устанавливать	
ѹставьнъ	обычный	
ѹсталꙑи	оставшийся	
ѹстановити	постановить	
ѹстати	встать	
ѹстатꙑи	говорливый	
ѹстигнꙋти	успеть	
ѹстити	побуждать	
ѹстити	наущать	
ѹститєль	наставник	
ѹстоꙗти	превозмочь	
ѹстоꙗти	пересиливать	
ѹстраба	исцеление	
ѹстрабити	укрепить	
ѹстрабити	поднять	
ѹстраблꙗти	поднимать	
ѹстравати	устраивать	
ѹстрамлꙗти	поднимать	
ѹстранити	отстранить	
ѹстрашати	пугать	
ѹстрашати	устрашать	
ѹстрашити	испугать	
ѹстрашити	устрашить	
ѹстрашєниѥ	устрашение	
ѹстраꙗти	устраивать	
ѹстраꙗти	помещать	
ѹстризати	выщипывать клювом	
ѹстрои	строй	
ѹстрои	установление	
ѹстроити	устроить	
ѹстроѥниѥ	установленный порядок	
ѹстрьмити	постановить	
ѹстрьмлѥниѥ	быстрое движение	
ѹстрьмлꙗти сѧ	устремляться	
ѹстрѣлити	подстрелить	
ѹстрꙗти	устраивать	
ѹсть	устье реки	
ѹстєрєчи	предостеречь	
ѹстѫпити	отступить	
ѹстѹдити	остудить	
ѹстѹдѣти	охладиться	
ѹстꙋпити	отступить	
ѹстꙑдѣти сѧ	устыдиться	
ѹсхотѣти	захотеть	
ѹсъ	волосы над верхней губой	
ѹсълати	отослать	
ѹсънѫти	уснуть	
ѹсънꙋти	заснуть	
ѹсъпати	усыпить	
ѹсъпити	усыпить	
ѹсъпєниѥ	успение	
ѹсъхнѫти	засохнуть	
ѹсъхнꙋти	высохнуть	
ѹсьрдо	сердечно	
ѹсьрдьно	бодро	
ѹсьрдьнѣ	с сердечным желанием	
ѹсьрдꙑи	усердный	
ѹсєлити	поселить	
ѹсєрѧгъ	серьга	
ѹсєрѧзь	ушное украшение	
ѹсѣдѣти	наседать	
ѹсѣкновєниѥ	обезглавливание	
ѹсѣкнѫти	казнить	
ѹсѣчи	высечь	
ѹсѣшти	отрубить	
ѹсѧцало	щипцы для гашения	
ѹсѫдити	оснастить	
ѹсѫждати	образовывать	
ѹсѹгѹбити	удвоить	
ѹсѹнꙋти	?	
ѹсѹшати	иссушать	
ѹсѹшити	изнурить	
ѹсѹшити	иссушить	
ѹсꙑнѥниѥ	усыновление	
ѹсꙑпати	умирать	
ѹсꙑрити	сделать белым (подобным сыру - творогу)	
ѹсꙑрити сѧ	створожиться	
ѹтаити	утаить	
ѹтапати	тонуть	
ѹтапати	утопать	
ѹтаꙗти	скрывать	
ѹтва	ветвь	
ѹтварꙗти	устраивать	
ѹтворити	сделать	
ѹтворити	устроить	
ѹтворъ	приготовление	
ѹтврьдити	укрепить	
ѹтврьждати	упрочивать	
ѹтврьждєниѥ	опора	
ѹтвьрда	опора	
ѹтвьрживати	утверждать	
ѹтискати	теснить	
ѹто	конечно	
ѹто	безусловно	
ѹтоливꙑи	милостивый	
ѹтолити	успокоить	
ѹтолочити	утоптать	
ѹтомити	ослабить	
ѹтомити	измучить	
ѹтонѫти	утонуть	
ѹтопити	утопить	
ѹтоплꙑи	утонувший	
ѹтрина	рассвет	
ѹтринъ	виссон	
ѹтриѥ	рассвет	
ѹтриꙗ	рассвет	
ѹтро	утро	
ѹтро	утром	
ѹтро	завтра	
ѹтросъ	заутреня	
ѹтрь	на утро	
ѹтрьница	утреня	
ѹтрьнъ	виссон	
ѹтрьнѫти	застыть на месте	
ѹтрьнꙗ	утреня	
ѹтрѣ	утром	
ѹтрѣ	завтра	
ѹтрѣшьнь	завтрашний день	
ѹтъкати	выткать	
ѹтъкнѫти	встретить	
ѹтълстѣти	огрубеть	
ѹтъргнꙋти	оторвать	
ѹтьлина	щель	
ѹтьрпѣти	вытерпеть	
ѹтєчи	убежать	
ѹтѣснꙗти	становиться тесным	
ѹтѣшати	утешать	
ѹтѣшити	утешить	
ѹтѣшитєль	параклит	
ѹтѣшьнъ	утешительный	
ѹтѣшєниѥ	утешение	
ѹтѣщити	притеснить	
ѹтѧгати	переспорить	
ѹтѧгнѫти	сподобиться	
ѹтѧгнꙋти	достигнуть	
ѹтѧжити	отяготить	
ѹтѧжьчити	отяготить	
ѹтѧжьчити	отягчить	
ѹтѧзати	присудить	
ѹтѧнꙋти	успеть	
ѹтѧти	ранить	
ѹтѹждити	отнять	
ѹтѹлити	скрыть	
ѹтꙋжити	отдалить	
ѹтꙑти	ожиреть	
ѹфии	эфа	
ѹха	уха	
ѹхватити	схватить	
ѹхлѣбити	накормить	
ѹхо	ухо	
ѹхо	анат. ухо	
ѹхо	игольное ушко	
ѹховолокъ	подслушиватель	
ѹходивꙑи	беглый	
ѹходити	исходить	
ѹходъ	угодье	
ѹходъ	беглец	
ѹхопити	ужалить	
ѹхопослѹхатаи	шпион	
ѹхопослѹхатєль	сыщик	
ѹхъ	увы	
ѹхꙑщрꙗти	придумывать	
ѹцвѣтити	украсить цветами	
ѹцѣлити	исцелить	
ѹцѣломꙋдрити	очистить	
ѹцѣлѣти	спастись	
ѹцѣнити	оценить	
ѹцѣсарити сѧ	воцариться	
ѹчадѣти	?	
ѹчастити	разделить на части	
ѹчинаниѥ	начинание	
ѹчинити	совершить	
ѹчинити	упорядочить	
ѹчинѥниѥ	порядок	
ѹчистѣти	очиститься	
ѹчити	учить	
ѹчитєль	наставник	
ѹчитєль	учитель	
ѹчитєльнъ	поучительный	
ѹчитєльскꙑ	как учитель	
ѹчитєльство	поучение	
ѹчищати	очищать	
ѹчьливꙑи	умеющий учить	
ѹчьрнити	очернить	
ѹчєникъ	ученик	
ѹчєница	ученица	
ѹчєничь	ученика	
ѹчєниѥ	обучение	
ѹчєниѥ	доктрина	
ѹчѧ	учащий	
ѹчѧстиѥ	участие	
ѹчѧти	начать	
ѹчѹдити	отчудить	
ѹчѹти	почувствовать	
ѹчѹтити	ощутить	
ѹшарити	покрасить	
ѹшатъ	ушат	
ѹшатьць	уменьшительное от ѹшатъ	
ѹширити	расширить	
ѹшь	?	
ѹшько	крюковой знак	
ѹщадѣти	пощадить	
ѹщедрити	сжалиться	
ѹщьнꙋти	ущипнуть	
ѹщєдрити	помиловать	
ѹщєдрити	сжалиться	
ѹщєдрꙗти	оказывать милость	
ѹщєкотати	воспеть	
ѹщєниѥ	побуждение	
ѹюсъ	?	
ѹѥдинѣти	уединиться	
ѹѥзєрити	наводнить	
ѹѥна	гиена	
ѹѧти	взять	
ѹѩти	взять	
ѹꙁда	узда	
ѹꙁълобити	причинить зло	
ѹꙁьрѣти	узреть	
ѹꙗдати	жалить	
ѹꙗдовити	напитать ядом	
ѹꙗдрити	поспешить	
ѹꙗдєниѥ	укус	
ѹꙗзвити	изранить	
ѹꙗзвлꙗти	наносить раны	
ѹꙗсти	сожрать	
ѹꙗсьнити	объяснить	
ѹꙗшнꙗти	объяснять	
ѹꙗꙁвити	поранить	
ѻшибъ	хвост	
ꙁаблѫдити	заблудиться	
ꙁаблѫждєниѥ	заблуждение	
ꙁабъвєниѥ	изумление	
ꙁабъдѣти	не спать	
ꙁабꙑвати	забывать	
ꙁабꙑти	забыть	
ꙁабꙑтиѥ	забвение	
ꙁабꙑть	забвение	
ꙁавидьливъ	завистливый	
ꙁавистьливъ	завистливый	
ꙁавистьникъ	завистник	
ꙁавити	завить	
ꙁаврѣти	закрыть	
ꙁавѣщавати	завещать	
ꙁавѣщати	завещать	
ꙁавѧꙁати	чинить сети	
ꙁагладити	загладить	
ꙁаглаждати	заглаживать	
ꙁаградити	закрыть	
ꙁадльжити	продолжить	
ꙁадъхнѫти сѧ	задохнуться	
ꙁажда	спина	
ꙁаждь	зад	
ꙁажиꙃати	зажигать	
ꙁажєщи	зажечь	
ꙁаимати	брать в долг	
ꙁаимодавьць	кредитор	
ꙁаклати	заколоть	
ꙁаклинаниѥ	заклинание	
ꙁаклинати	заклинать	
ꙁаключити	заключить	
ꙁаклєнѫти	заключить	
ꙁаклѧти	заставить поклясться	
ꙁаколѥниѥ	заклание	
ꙁаконодавьць	законодатель	
ꙁаконоданиѥ	законодательство	
ꙁаконоположєниѥ	законодательство	
ꙁаконопрѣстѫплєниѥ	преступление	
ꙁаконопрѣстѫпьникъ	нарушающий установления	
ꙁаконоѹчитєль	учитель закона	
ꙁаконъ	закон	
ꙁаконьникъ	священник	
ꙁаконьнъ	законный	
ꙁакрꙑвати	закрывать	
ꙁакрꙑти	закрыть	
ꙁалогъ	залог	
ꙁаложити	преградить	
ꙁамаꙁати	помазать	
ꙁаморити	уморить	
ꙁамѫдити	замешкаться	
ꙁаниосъ	Танис	
ꙁападъ	заход	
ꙁападьнъ	западный	
ꙁападьскъ	западный	
ꙁапалити	зажечь	
ꙁапинати	ставить препятствия	
ꙁапльваниѥ	оплёвывание	
ꙁапльвати	оплевать	
ꙁаповѣданиѥ	приказание	
ꙁаповѣдати	велеть	
ꙁаповѣдѣти	заповедовать; приказать, велеть	
ꙁапослѹшати	свидетельствовать	
ꙁапрѣтити	запретить, приказать	
ꙁапрѣтити	укорить, пригрозить	
ꙁапрѣщєниѥ	запрещение	
ꙁапьрати	растоптать	
ꙁапѧти	повалить	
ꙁапѧтиѥ	препятствие	
ꙁапѹстѣниѥ	разорение	
ꙁапѹстѣти	прийти в запустение	
ꙁараꙁити	подавить	
ꙁарокъ	повеление	
ꙁарєшти	приказать	
ꙁарꙗ	заря	
ꙁаскопиѥ	коварство	
ꙁастѫпаниѥ	защита	
ꙁастѫпати	защищать	
ꙁастѫпити	защитить	
ꙁастѫплѥниѥ	помощь	
ꙁастѫпьникъ	заступник	
ꙁастѫпьница	заступница	
ꙁасѣдьникъ	коварный человек	
ꙁатварꙗти	запирать	
ꙁатворити	затворить	
ꙁатворъ	засов	
ꙁатворѥниѥ	заключение	
ꙁатъкнѫти	заткнуть	
ꙁаходити	заходить	
ꙁацѣдити	напоить (по капле)	
ꙁачинати	начинать	
ꙁачѧло	начало	
ꙁачѧти	зачать	
ꙁачѧтиѥ	зачатие	
ꙁащитити	защитить	
ꙁащититєль	защитник	
ꙁащищєниѥ	защита	
ꙁаѩти	занять	
ꙁаѹтра	утром	
ꙁаѹшаниѥ	заушение	
ꙁаѹшити	дать пощёчину	
ꙁаѹшєниѥ	заушение	
ꙁаꙁирати	упрекать	
ꙁаꙁнамєнати	запечатать	
ꙁаꙁоръ	подозрение	
ꙁаꙁорьнъ	зазорный	
ꙁаꙁьрѣти	укорять	
ꙁвонъ	шум	
ꙁвѣрокръмьникъ	тот, кто зверей кормит	
ꙁвѣрь	дикое (хищное) животное; животное вообще	
ꙁвѣрь	перен. о жестоком, свирепом человеке	
ꙁвѣрь	эвфемистическая замена конкретного наименования зверя	
ꙁвѣрьнъ	звериный	
ꙁвѧщи	рассказывать	
ꙁвѫкъ	звук	
ꙁивъ	Зив	
ꙁима	зима	
ꙁимьнъ	зимний	
ꙁинѫти	открыть	
ꙁиꙁаниѥ	плевел	
ꙁлакъ	злак	
ꙁлатица	золотая монета	
ꙁлато	золото	
ꙁлатоносивъ	золотые украшения носящий	
ꙁмии	змей	
ꙁмиꙗ	змея	
ꙁнамєнати	наложить печать	
ꙁнамєниѥ	знамение	
ꙁнаниѥ	знакомые	
ꙁнати	знать	
ꙁнои	зной	
ꙁоровавєль	Зоровавель	
ꙁоровавєлѥвъ	Зоровавелев	
ꙁорѩ	заря	
ꙁракъ	зрение	
ꙁрьно	зерно	
ꙁрьцало	зеркало	
ꙁъваниѥ	приглашение	
ꙁъвати	звать	
ꙁълоба	злоба	
ꙁълобивъ	злой	
ꙁълобити	унижать	
ꙁъловѣриѥ	безбожие	
ꙁълодѣискъ	злодейский	
ꙁълодѣꙗниѥ	злодеяние	
ꙁълокъꙁнь	злокозненный	
ꙁълословити	злословить	
ꙁълосъмрьтьнъ	окаянный	
ꙁълосътворити	причинить вред	
ꙁълотворити	вредить	
ꙁълъ	злой, злобный, дурной, плохой	
ꙁьданиѥ	здание	
ꙁьдати	созидать	
ꙁьдъ	постройка	
ꙁьрѣниѥ	пристрастность	
ꙁьрѣти	смотреть	
ꙁюпєлъ	сера	
ꙁєлиѥ	растение	
ꙁєлєнъ	зелёный	
ꙁємлѥлѣганиѥ	лежание на земле	
ꙁємьскъ	земной	
ꙁѣница	зеница	
ꙁѧть	зять	
ꙁѫбъ	анат. зуб	
ꙁꙑбаниѥ	качание	
ꙁꙑбати	качать	
ꙃвѣꙁда	звезда	
ꙃвѣꙁдоꙁьрьць	звездочёт, астролог	
ꙃвѣꙁдьнъ	звёздный	
ꙋвꙑ	восклицание, выражающее горе	
ꙋгъль	уголь	
ꙋдоль	ложбина	
ꙋдѹ	где	
ꙋза	уза	
ꙋзгъ	край	
ꙋзъчина	узкий хвост	
ꙋкладꙑвати	полагаться на кого-либо	
ꙋкоть	коготь	
ꙋмєтъ	грязь	
ꙋсъ	борода	
ꙋтроба	живот	
ꙋтрь	внутри	
ꙋтрьюдѹ	с внутренней стороны	
ꙋтъка	название птицы	
ꙋтьлꙑи	дырявый	
ꙋтѧ	утёнок	
ꙋтꙑ	утка	
ꙋхватити	схватить	
ꙗблань	яблоня	
ꙗвити	показать	
ꙗвлєно	открыто	
ꙗвъка	вид пошлины	
ꙗвьнѣ	ясно	
ꙗвьнꙑи	явный	
ꙗвьствьно	явственно	
ꙗвьствьнѣ	явственно	
ꙗвьчии	притяжательное прилагательное от ꙗвъка	
ꙗвєниѥ	объяснение	
ꙗвѣ	открыто	
ꙗвѣствьнѣ	явственно	
ꙗгатъ	название одежды	
ꙗглъ	род овоща	
ꙗгньць	агнец	
ꙗгнѧ	ягнёнок	
ꙗдати	есть	
ꙗдиво	еда	
ꙗдовитъ	ядовитый	
ꙗдрило	парус	
ꙗдро	глубина	
ꙗдро	скоро	
ꙗдрость	поспешность	
ꙗдрьна	парус	
ꙗдрꙑи	скорый	
ꙗдьно	язва	
ꙗдьца	обжора	
ꙗдєниѥ	пища	
ꙗдєниѥ	еда	
ꙗдѣчадинъ	слуга	
ꙗзвити	ранить	
ꙗзвьнꙑи	раненый	
ꙗздило	колесница	
ꙗздити	ехать	
ꙗздро	скоро	
ꙗздрь	ноздря	
ꙗзнарь	кожевник	
ꙗзъ	я	
ꙗзьнарь	кожевник	
ꙗзьно	кожа	
ꙗзѧ	порок	
ꙗзꙑкъ	анат. язык (мышечный орган)	
ꙗзꙑкъ	язык, речь	
ꙗзꙑкъ	народ, этнос, племя	
ꙗзꙑчьскꙑ	по-язычески	
ꙗице	яйцо	
ꙗко	как	
ꙗкорь	якорь	
ꙗкъливꙑи	косноязычный	
ꙗкꙑ	как	
ꙗловица	нетель	
ꙗловичина	телятина	
ꙗловꙑи	неплодный	
ꙗма	яма	
ꙗмо	куда	
ꙗмьнꙑи	ямный	
ꙗмѹ	куда	
ꙗнꙑчєнинъ	янычар	
ꙗпоньчица	уменьшительное от ꙗпоньча	
ꙗра	весна	
ꙗрина	шерсть	
ꙗрлꙑкъ	жалованная грамота татарских ханов	
ꙗро	жестоко	
ꙗровꙑи	яровой	
Ꙗрославль	принадлежащий Ярославу	
Ꙗрославъ	мужское имя	
ꙗростивꙑи	гневливый	
ꙗрость	гнев	
ꙗрость	ярость	
ꙗростьнꙑи	гневный	
ꙗръ	гнев	
ꙗръ	суровый	
ꙗръка	молодая овца	
ꙗръкꙑи	гневный	
ꙗрь	яровой хлеб	
ꙗрьливꙑи	гневливый	
ꙗрьмъ	вес	
ꙗрьмъ	ярмо	
ꙗрьмьникъ	подъярёмник	
ꙗрьмьникъ	вьючное животное	
ꙗрьмьничии	подъярёмного скота	
ꙗрьмьничь	вьючного животного	
ꙗрьна	волна	
ꙗрьнꙑи	?	
ꙗрѧ	ягнёнок	
ꙗрѧбь	куропатка	
ꙗрꙑи	гневливый	
ꙗрꙑкъ	латы	
ꙗсакъ	дань, собираемая с инородцев	
ꙗсало	пояс	
ꙗсачьникъ	сборщик ясака	
ꙗсачьнꙑи	прилагательное от ꙗсакъ	
ꙗскъ	корзина	
ꙗсли	ясли	
ꙗсно	ясно	
ꙗснъ	ясный	
ꙗства	еда	
ꙗсти	есть	
ꙗстии	прилагательное от ꙗстиѥ	
ꙗстиѥ	еда	
ꙗстрѧбль	притяжательное прилагательное от ꙗстрѧбъ	
ꙗстрѧбъ	ястреб	
ꙗстрѧбьникъ	ловчий	
ꙗстєль	питающийся	
ꙗсьнина	ясная погода	
ꙗсьно	открытое место	
ꙗсьно	ясно	
ꙗсьнозрачьнꙑи	проницательный	
ꙗсьнъ	ясень	
ꙗсьнь	открытое место	
ꙗсьньство	ясность	
ꙗсьньствьно	ясно	
ꙗсьнѣ	ясно	
ꙗсьнꙑи	светлый	
ꙗти	взять	
ꙗтро	печень	
ꙗтрьнꙑи	?	
ꙗтъхѹльница	убежище для странников	
ꙗхати	ехать	
ꙗхонтовꙑи	яхонтовый	
ꙗхонтъ	название драгоценного камня	
ꙗхꙋть	название драгоценного камня	
ꙗчьмєнъ	ячмень	
ꙗчьмꙑ	ячмень	
ꙗчьмꙑкъ	ячмень	
ꙗчьнꙑи	ячный	
ꙗчє	сколь	
ꙗщерица	ящерица	
ꙗщеръ	ящерица	
ꙗщєръ	ящерица	
ꙗщѹръ	название драгоценного камня	
ꙗꙁва	ранение	
ꙗꙁвити	поранить	
ꙗꙁвлꙗти	ранить	
﻿дѧтелъ	дятел	
